Wavenumber,Average_Baseline,PCA_1,PCA_2,PCA_3,PCA_4
1251.596,0.5,6.38E-19,-8.48E-17,2.87E-16,-6.88E-17
1253.524,0.45931937,0.003722005,0.020472991,0.020554518,0.018438428
1255.453,0.420815316,0.007150329,0.038650506,0.038869548,0.034425914
1257.381,0.384406405,0.010299893,0.054649055,0.055059301,0.048089234
1259.31,0.350011206,0.013185615,0.068585143,0.069237989,0.059555164
1261.238,0.317548288,0.015822417,0.080575278,0.081519822,0.068950482
1263.167,0.286936219,0.018225217,0.090735969,0.092019012,0.076401964
1265.095,0.258093567,0.020408935,0.099183721,0.100849769,0.082036386
1267.024,0.230938901,0.022388492,0.106035042,0.108126305,0.085980526
1268.952,0.20539079,0.024178807,0.111406441,0.11396283,0.08836116
1270.88,0.181367801,0.0257948,0.115414424,0.118473556,0.089305065
1272.809,0.158788503,0.027251392,0.118175498,0.121772694,0.088939017
1274.738,0.137571465,0.028563501,0.119806171,0.123974454,0.087389793
1276.666,0.117635255,0.029746048,0.12042295,0.125193048,0.08478417
1278.594,0.098898441,0.030813952,0.120142344,0.125542687,0.081248925
1280.523,0.081279593,0.031782134,0.119080858,0.125137582,0.076910833
1282.452,0.064793557,0.032602177,0.117188759,0.123927792,0.071869929
1284.38,0.049049474,0.033485998,0.115132097,0.122459284,0.066639719
1286.308,0.034035854,0.034362346,0.112929723,0.120812408,0.061239898
1288.237,0.019687893,0.035208282,0.110658172,0.119188082,0.0555636
1290.166,0.006034718,0.036039317,0.108264328,0.117730259,0.049661917
1292.094,-0.007011965,0.036852257,0.105817553,0.116235743,0.043848849
1294.022,-0.019460335,0.03763983,0.103328271,0.114720374,0.038142371
1295.951,-0.031363646,0.038411889,0.10080254,0.113150312,0.032490077
1297.88,-0.042745157,0.039171412,0.098223989,0.111415206,0.026979301
1299.808,-0.0536529,0.039926406,0.095615248,0.109501345,0.021666855
1301.736,-0.064091839,0.040673945,0.092989838,0.107510387,0.016476285
1303.665,-0.074101819,0.041415812,0.090350402,0.105384552,0.011423899
1305.594,-0.083688615,0.042133395,0.087694121,0.103176043,0.006487324
1307.522,-0.092882596,0.042827794,0.085032652,0.10093049,0.001651419
1309.45,-0.101700009,0.043500546,0.08237211,0.098667131,-0.003046208
1311.379,-0.110172015,0.044147912,0.079714597,0.096387357,-0.007596808
1313.307,-0.118299367,0.044773111,0.077073244,0.09416598,-0.012049087
1315.236,-0.126106967,0.045379761,0.074449894,0.091945499,-0.016388828
1317.164,-0.133608898,0.045961413,0.07184271,0.0897125,-0.020577231
1319.093,-0.140828142,0.046518949,0.069258602,0.087499994,-0.024618569
1321.021,-0.147773246,0.047049094,0.06670218,0.085294131,-0.028499719
1322.95,-0.154460764,0.047558336,0.064182143,0.083068073,-0.032233561
1324.878,-0.160893999,0.048046934,0.061702744,0.080829673,-0.035825869
1326.807,-0.167089788,0.048511944,0.059265803,0.078563192,-0.039254065
1328.735,-0.173050347,0.04895737,0.056879523,0.076310185,-0.042545075
1330.664,-0.178792586,0.049389617,0.054543144,0.074082826,-0.045708811
1332.592,-0.184324632,0.049806013,0.052259709,0.071907497,-0.048725537
1334.521,-0.18965814,0.05020836,0.050033241,0.069807537,-0.05158752
1336.449,-0.194791274,0.050597379,0.047869354,0.067761402,-0.054315796
1338.378,-0.199738232,0.050972474,0.045770345,0.065720737,-0.056904302
1340.307,-0.204504484,0.051336247,0.043733643,0.06369341,-0.05935002
1342.235,-0.209096456,0.051691806,0.041758199,0.061691395,-0.061671352
1344.163,-0.213520483,0.052036236,0.039843129,0.059701232,-0.063834985
1346.092,-0.217794136,0.052369682,0.037986656,0.057661293,-0.065791263
1348.021,-0.221912178,0.052690386,0.036196868,0.055585639,-0.06758707
1349.949,-0.225874895,0.053002297,0.034478877,0.053507834,-0.069290241
1351.877,-0.229690175,0.053306007,0.032827347,0.051430376,-0.070889498
1353.806,-0.233370428,0.053600227,0.031241421,0.049327028,-0.072361776
1355.734,-0.236910963,0.053884937,0.029726313,0.0472225,-0.073734243
1357.663,-0.240323546,0.05415784,0.028285738,0.045129118,-0.074988926
1359.591,-0.243611709,0.054416238,0.026916351,0.043072199,-0.076143508
1361.52,-0.246778338,0.054660238,0.025614575,0.041058678,-0.077247061
1363.448,-0.249823668,0.054891838,0.024380376,0.039095505,-0.078335367
1365.377,-0.252769168,0.055109843,0.023208801,0.037161083,-0.079321562
1367.305,-0.255617483,0.055319292,0.022094689,0.035250704,-0.080215773
1369.234,-0.258367536,0.055526247,0.021029674,0.033375463,-0.081081949
1371.162,-0.261021141,0.055729669,0.020009651,0.031537304,-0.081925671
1373.091,-0.263584127,0.055930141,0.019038133,0.029711855,-0.082749895
1375.019,-0.266061158,0.056124495,0.018113428,0.027905192,-0.083539192
1376.948,-0.26846023,0.056315277,0.017233536,0.026136537,-0.084298585
1378.876,-0.270775549,0.05650249,0.016401792,0.02441117,-0.08503629
1380.805,-0.273007526,0.056682401,0.015624787,0.022709146,-0.085720067
1382.733,-0.275161223,0.056852579,0.014900717,0.021023399,-0.086312824
1384.662,-0.277241143,0.057017355,0.014228985,0.019356946,-0.0868245
1386.59,-0.279244792,0.057179094,0.013611831,0.01776093,-0.087309201
1388.519,-0.281184527,0.0573337,0.013041304,0.016195837,-0.087726107
1390.447,-0.283072346,0.057476666,0.012506629,0.014635781,-0.087980068
1392.376,-0.284899602,0.057620483,0.012008087,0.01311215,-0.088154791
1394.304,-0.286657814,0.057770464,0.011544524,0.011613556,-0.088364374
1396.233,-0.288362942,0.057916446,0.011111349,0.010106286,-0.088539587
1398.161,-0.290014919,0.058065416,0.010702617,0.008604395,-0.088690267
1400.09,-0.291621442,0.058222434,0.010315862,0.007074242,-0.08879891
1402.018,-0.29318837,0.058389487,0.009945649,0.005485036,-0.088846393
1403.947,-0.294710291,0.058571537,0.00959531,0.003867843,-0.088895767
1405.875,-0.296180039,0.058763601,0.009273019,0.002227294,-0.088973402
1407.804,-0.297617628,0.058958299,0.008977877,0.000552168,-0.088968595
1409.732,-0.299028238,0.059157786,0.0087075,-0.001139979,-0.088871172
1411.661,-0.300402214,0.059366963,0.008467827,-0.002821548,-0.088750039
1413.589,-0.301745252,0.059578945,0.0082537,-0.004478983,-0.088571899
1415.518,-0.303065511,0.059791184,0.008060249,-0.006104343,-0.08830871
1417.446,-0.304352428,0.059999265,0.007892082,-0.007685219,-0.087979658
1419.375,-0.305608179,0.06019796,0.007756053,-0.00920319,-0.087606226
1421.303,-0.306840343,0.060383891,0.00764783,-0.010649888,-0.087170014
1423.232,-0.308054166,0.060557762,0.007558357,-0.012010268,-0.086624117
1425.16,-0.309237667,0.060732226,0.007479727,-0.01327705,-0.086065834
1427.089,-0.310401304,0.060900773,0.007410598,-0.014468473,-0.085459693
1429.017,-0.311556323,0.06105388,0.007347711,-0.01559352,-0.08473793
1430.946,-0.312691894,0.061196642,0.007291685,-0.016633585,-0.083969658
1432.874,-0.313797608,0.061326401,0.007248743,-0.01759374,-0.083191759
1434.803,-0.31487791,0.061440841,0.007220955,-0.018487257,-0.082363229
1436.731,-0.315931098,0.061541871,0.007201818,-0.019325204,-0.081474837
1438.66,-0.316963484,0.061632502,0.007182296,-0.020130152,-0.080516793
1440.588,-0.317975694,0.061716349,0.007157557,-0.020903182,-0.079517823
1442.517,-0.318972383,0.061792253,0.007134545,-0.021664625,-0.078464344
1444.445,-0.319954705,0.061854436,0.007117289,-0.02241472,-0.077349661
1446.374,-0.32093075,0.061903215,0.00710044,-0.023167226,-0.076177751
1448.302,-0.321895578,0.061947141,0.007082963,-0.023895802,-0.074991882
1450.231,-0.322836996,0.061995841,0.007067584,-0.024590199,-0.073883789
1452.159,-0.32376072,0.062043733,0.007053585,-0.025296571,-0.072838373
1454.088,-0.324679241,0.062086359,0.00704728,-0.02603309,-0.071783539
1456.016,-0.325583379,0.062131023,0.007054051,-0.02679007,-0.070755059
1457.945,-0.326472354,0.062171275,0.007083219,-0.027578255,-0.069703419
1459.873,-0.327334611,0.062205984,0.007141857,-0.028394707,-0.068642941
1461.802,-0.328168627,0.062239779,0.007229738,-0.029231341,-0.067571768
1463.73,-0.328978233,0.062277668,0.007338947,-0.030100694,-0.066469329
1465.659,-0.329757934,0.062319408,0.007479177,-0.03098449,-0.065307597
1467.587,-0.330491081,0.062364242,0.00766162,-0.031862794,-0.064129111
1469.516,-0.33117682,0.062411991,0.007886079,-0.032737952,-0.062944246
1471.444,-0.33182247,0.06246082,0.008139335,-0.033611625,-0.061722746
1473.373,-0.332424622,0.062515314,0.008418794,-0.034466196,-0.060485742
1475.301,-0.332980142,0.062570759,0.008723065,-0.035332643,-0.059226671
1477.23,-0.333498752,0.062626454,0.009045405,-0.036204502,-0.057955531
1479.158,-0.333986163,0.062689397,0.009372369,-0.037035657,-0.056690874
1481.087,-0.334436932,0.062763482,0.009706534,-0.037806633,-0.055429104
1483.015,-0.334853661,0.062842526,0.010045948,-0.038560682,-0.05416216
1484.944,-0.335245841,0.06291683,0.010389218,-0.039312421,-0.05283813
1486.872,-0.335611158,0.062989956,0.010731138,-0.040065039,-0.051482717
1488.801,-0.33593908,0.063071336,0.011076764,-0.040772582,-0.050190852
1490.729,-0.33623284,0.063156398,0.011423956,-0.041457778,-0.048938384
1492.658,-0.336498397,0.063232598,0.01177847,-0.042137171,-0.047614149
1494.586,-0.33672052,0.063301563,0.012150059,-0.042813759,-0.046250185
1496.515,-0.336905729,0.063360843,0.012533642,-0.043487115,-0.044865119
1498.443,-0.337062136,0.063404893,0.012925529,-0.044156331,-0.043456165
1500.372,-0.337201208,0.063430454,0.013321819,-0.044820905,-0.041995768
1502.3,-0.337326193,0.063440327,0.013712536,-0.045453851,-0.040518942
1504.229,-0.337444183,0.063440076,0.014087462,-0.046045593,-0.039060812
1506.157,-0.337559246,0.063430806,0.014442216,-0.046613596,-0.037611044
1508.086,-0.337677705,0.063410723,0.014775031,-0.047152817,-0.03615524
1510.014,-0.337805027,0.063378319,0.015085857,-0.047663442,-0.034696988
1511.943,-0.337943817,0.063331733,0.015376542,-0.048137696,-0.03321989
1513.871,-0.338089149,0.063269853,0.015648372,-0.04856414,-0.03172953
1515.8,-0.33824109,0.06319417,0.015899659,-0.048938866,-0.030225686
1517.728,-0.338402458,0.063111515,0.016122045,-0.049270547,-0.028720273
1519.657,-0.338576753,0.063028938,0.016308939,-0.04955786,-0.027224111
1521.585,-0.338759966,0.062946017,0.016465543,-0.049790202,-0.025748052
1523.514,-0.33894692,0.06285698,0.016604078,-0.049970764,-0.024267126
1525.442,-0.339143684,0.06276401,0.016716567,-0.050109724,-0.022779282
1527.371,-0.339353984,0.062676602,0.016792141,-0.050206155,-0.021321009
1529.299,-0.339575471,0.062598444,0.01682616,-0.050262919,-0.019902359
1531.228,-0.339808468,0.062525703,0.016827808,-0.050282169,-0.018499932
1533.156,-0.340051425,0.062454489,0.016802746,-0.050279934,-0.017095876
1535.085,-0.340304253,0.062384331,0.01675919,-0.050224687,-0.015687663
1537.013,-0.340559711,0.06231688,0.016705349,-0.050083714,-0.014278026
1538.942,-0.340805806,0.062248991,0.016655758,-0.049884475,-0.012862472
1540.87,-0.341043264,0.062178218,0.01661189,-0.049664036,-0.011435762
1542.799,-0.341271653,0.062108072,0.016576501,-0.049415192,-0.009981089
1544.727,-0.341487534,0.062040569,0.016558892,-0.049138956,-0.008495375
1546.656,-0.341682574,0.061975215,0.016570398,-0.048811078,-0.00698312
1548.584,-0.341847972,0.061906002,0.016617764,-0.048459856,-0.005421365
1550.513,-0.341976285,0.061829488,0.016711814,-0.048092298,-0.003796965
1552.441,-0.342070851,0.061752121,0.01684257,-0.047711273,-0.002143326
1554.37,-0.342150387,0.061673722,0.016990712,-0.047301695,-0.000458709
1556.298,-0.342216849,0.061594207,0.017154141,-0.046864917,0.001252838
1558.227,-0.342272435,0.061513448,0.017330022,-0.046402736,0.002986001
1560.155,-0.34231971,0.061431269,0.017515157,-0.045917081,0.004734514
1562.084,-0.342361283,0.061347498,0.01770642,-0.045410212,0.00649164
1564.012,-0.342399914,0.061261969,0.01790051,-0.044884526,0.008250486
1565.941,-0.342438241,0.061174485,0.018094074,-0.044342431,0.010003818
1567.869,-0.342478725,0.061084903,0.018283992,-0.043786389,0.011745174
1569.798,-0.342523772,0.060993104,0.018467344,-0.043218756,0.013468609
1571.726,-0.34257596,0.06089898,0.018640965,-0.042641934,0.015168221
1573.655,-0.342637588,0.060802484,0.018801945,-0.042058675,0.016838579
1575.583,-0.342710565,0.06070363,0.018948149,-0.041471671,0.018475403
1577.512,-0.342796137,0.060602451,0.019078516,-0.040883069,0.020075831
1579.44,-0.342895065,0.060499028,0.019192769,-0.040294758,0.021638249
1581.369,-0.343007688,0.060393516,0.019291361,-0.039708858,0.023161808
1583.297,-0.343134147,0.060286012,0.019374763,-0.03912703,0.024645681
1585.226,-0.343274169,0.060176537,0.019443887,-0.038550229,0.026089404
1587.154,-0.343426952,0.06006519,0.019500671,-0.037979203,0.02749405
1589.083,-0.343591058,0.059952189,0.019548036,-0.037414716,0.028862488
1591.011,-0.343764636,0.059837771,0.019589372,-0.036857399,0.030198146
1592.94,-0.343945522,0.059722177,0.019628399,-0.036307788,0.031504722
1594.868,-0.344131649,0.059605709,0.019668689,-0.035766406,0.032786606
1596.797,-0.344321085,0.05948865,0.01971351,-0.035233505,0.034048261
1598.725,-0.344511683,0.059371345,0.019766364,-0.034709423,0.035294854
1600.654,-0.344701299,0.059254193,0.019830612,-0.034194997,0.036531423
1602.582,-0.34488816,0.059137569,0.01990873,-0.033691278,0.03776214
1604.511,-0.345070743,0.05902171,0.020002411,-0.033199011,0.038989731
1606.439,-0.345247912,0.058906756,0.020112411,-0.032719036,0.040215258
1608.368,-0.345418883,0.058792812,0.020238765,-0.032252477,0.041438725
1610.296,-0.345583201,0.058679891,0.020380936,-0.031799881,0.042659546
1612.225,-0.345740696,0.058567955,0.020537735,-0.031362045,0.043875964
1614.153,-0.345891681,0.058456923,0.020707029,-0.030939975,0.045085106
1616.082,-0.346037084,0.058346661,0.020885702,-0.030534775,0.046282944
1618.01,-0.34617797,0.058237089,0.02107048,-0.030147566,0.047465994
1619.939,-0.346315496,0.058128102,0.021257736,-0.02977939,0.048630487
1621.867,-0.346451182,0.058019512,0.021443288,-0.029430791,0.04977219
1623.796,-0.346586712,0.05791109,0.021622777,-0.029102074,0.050886594
1625.724,-0.346723713,0.057802668,0.021792078,-0.028793753,0.051969771
1627.653,-0.346864057,0.057694026,0.021946762,-0.028506322,0.053016998
1629.581,-0.347009808,0.057584867,0.022082147,-0.02823988,0.054023084
1631.51,-0.347162777,0.057474856,0.022194028,-0.027994258,0.054982894
1633.438,-0.347324765,0.057363751,0.022278388,-0.027769524,0.055892044
1635.367,-0.347497159,0.057251328,0.022332005,-0.027565425,0.056747158
1637.295,-0.347680996,0.057137362,0.022352261,-0.027381696,0.057545042
1639.224,-0.347877092,0.057021678,0.022337131,-0.027218132,0.05828314
1641.152,-0.348085913,0.056904087,0.022285415,-0.027073809,0.058960042
1643.081,-0.348307352,0.05678449,0.022197128,-0.02694768,0.05957594
1645.009,-0.348540719,0.056663002,0.02207334,-0.026838998,0.060133606
1646.938,-0.348785032,0.056539782,0.021915582,-0.026747213,0.060636199
1648.866,-0.349039241,0.05641498,0.021725736,-0.02667148,0.061087297
1650.795,-0.349302077,0.056288825,0.02150617,-0.026611012,0.061491464
1652.723,-0.349572028,0.056161581,0.021259882,-0.026564625,0.061854518
1654.652,-0.34984743,0.056033462,0.020990239,-0.026530685,0.062182458
1656.58,-0.350126604,0.055904675,0.020700572,-0.026507621,0.062481163
1658.509,-0.3504081,0.055775442,0.020393815,-0.026494177,0.062756124
1660.437,-0.350690656,0.055646001,0.020072583,-0.026489079,0.063012959
1662.366,-0.350972903,0.05551646,0.019739653,-0.026490451,0.063256757
1664.294,-0.351253678,0.055386895,0.019397454,-0.026496691,0.063491647
1666.223,-0.351531924,0.055257397,0.019048287,-0.026506344,0.063721774
1668.151,-0.351806691,0.055127993,0.018694228,-0.026517776,0.063950687
1670.08,-0.352077436,0.054998691,0.018336661,-0.026529988,0.064180581
1672.008,-0.352344127,0.054869547,0.017976086,-0.026542609,0.064413017
1673.937,-0.352606834,0.054740596,0.017612706,-0.026555492,0.064648934
1675.865,-0.352865683,0.054611774,0.017246545,-0.026568153,0.064888548
1677.794,-0.353121197,0.054482837,0.016877133,-0.026579862,0.065129992
1679.722,-0.353374274,0.054353419,0.01650344,-0.026589749,0.06536996
1681.651,-0.353626083,0.054223121,0.016123916,-0.026597247,0.06560413
1683.579,-0.353878039,0.054091552,0.015736521,-0.026602149,0.06582756
1685.508,-0.354131901,0.053958268,0.015338464,-0.026604482,0.06603402
1687.436,-0.354389555,0.053822803,0.014926606,-0.026604227,0.066216967
1689.365,-0.354652894,0.053684701,0.014497726,-0.026601529,0.066369727
1691.293,-0.35492376,0.05354356,0.01404862,-0.026596717,0.066486001
1693.222,-0.35520351,0.053398954,0.013576909,-0.026589746,0.066560098
1695.15,-0.355493487,0.053250487,0.01308021,-0.026580876,0.066586123
1697.079,-0.355795,0.053097885,0.012556266,-0.026570707,0.066559157
1699.007,-0.356108975,0.052940983,0.012003348,-0.026559803,0.066475809
1700.936,-0.356435966,0.052779662,0.011420224,-0.026548526,0.066333734
1702.864,-0.356761749,0.052608733,0.010845144,-0.026541303,0.066142813
1704.793,-0.357096875,0.052429803,0.010261754,-0.026549385,0.065937897
1706.721,-0.357445978,0.052247047,0.009654597,-0.026566463,0.065701936
1708.65,-0.357806287,0.052063048,0.009009942,-0.026569718,0.06536349
1710.578,-0.358183287,0.051874023,0.008318373,-0.026563625,0.064956065
1712.507,-0.358580393,0.05168458,0.007570051,-0.026561126,0.064484155
1714.435,-0.358997507,0.051498264,0.006761713,-0.026559008,0.063934234
1716.364,-0.359435248,0.051313732,0.0058936,-0.026542442,0.063314326
1718.292,-0.359892095,0.051129239,0.004968866,-0.026511033,0.062633539
1720.221,-0.360365787,0.050944755,0.003992053,-0.026448849,0.061885068
1722.149,-0.360857185,0.050762292,0.002967383,-0.026360817,0.061097097
1724.078,-0.361366263,0.050584717,0.001889289,-0.026249379,0.060265567
1726.006,-0.361887767,0.050414786,0.000761622,-0.026110135,0.059373766
1727.935,-0.36242476,0.050249065,-0.000411516,-0.025943257,0.058458421
1729.863,-0.362975372,0.05008603,-0.001621541,-0.025745374,0.057526377
1731.792,-0.363537869,0.049923509,-0.002866724,-0.025525429,0.056583722
1733.72,-0.364109668,0.049758986,-0.00414237,-0.025265646,0.055644749
1735.649,-0.364685641,0.049591938,-0.005442812,-0.02494323,0.054699245
1737.577,-0.365262645,0.049421893,-0.006759815,-0.024569219,0.053756655
1739.506,-0.36584138,0.049247718,-0.008088127,-0.02414524,0.052831519
1741.434,-0.366417282,0.049070382,-0.009419019,-0.023659775,0.051913714
1743.363,-0.366992025,0.048887749,-0.010745873,-0.023114976,0.051025484
1745.291,-0.367564198,0.048699037,-0.012056053,-0.022506708,0.050171185
1747.22,-0.368128347,0.048509767,-0.013340937,-0.021836679,0.049313046
1749.148,-0.368683953,0.048319295,-0.014592007,-0.021127578,0.048467336
1751.077,-0.369232617,0.048122265,-0.015804742,-0.020383332,0.047656291
1753.005,-0.369772625,0.047916653,-0.01697331,-0.019607223,0.046887441
1754.934,-0.370302038,0.047702346,-0.018090579,-0.018795241,0.046149474
1756.862,-0.370821118,0.047479372,-0.019149051,-0.017959983,0.04545312
1758.791,-0.371328889,0.047247665,-0.020146581,-0.017130072,0.04479576
1760.719,-0.371821455,0.047009484,-0.021076981,-0.016316331,0.044165896
1762.648,-0.372323875,0.046770035,-0.02199181,-0.015533755,0.043587546
1764.576,-0.372833689,0.046532585,-0.022894443,-0.014770795,0.042999464
1766.505,-0.373347971,0.04629859,-0.023788091,-0.014029654,0.042357726
1768.433,-0.373873251,0.046068758,-0.024675415,-0.013349042,0.041715891
1770.362,-0.374410622,0.045848081,-0.025561313,-0.012736318,0.041052218
1772.29,-0.374958408,0.045632704,-0.026440504,-0.012187076,0.040367691
1774.219,-0.375517873,0.045419667,-0.02731142,-0.011699558,0.039675266
1776.147,-0.376086438,0.045208788,-0.028167993,-0.011283253,0.038963871
1778.076,-0.376662488,0.045002221,-0.029012649,-0.010930263,0.038222146
1780.004,-0.37724725,0.044803333,-0.029853003,-0.010656815,0.037479904
1781.933,-0.377841531,0.044611313,-0.030694029,-0.010457321,0.036730938
1783.861,-0.378441796,0.044424346,-0.03152495,-0.010327953,0.035987134
1785.79,-0.379049657,0.044237837,-0.032343916,-0.010257224,0.035276249
1787.718,-0.379660181,0.044049625,-0.033146994,-0.010217263,0.034587545
1789.647,-0.380272039,0.043858705,-0.033940534,-0.010198834,0.033935553
1791.575,-0.38088101,0.043669044,-0.034718834,-0.0101738,0.033319995
1793.504,-0.381485903,0.043482698,-0.03547894,-0.010132663,0.032728483
1795.432,-0.382090337,0.043300385,-0.036221792,-0.010086774,0.032193956
1797.361,-0.382694053,0.043124927,-0.036948839,-0.010003561,0.031707087
1799.289,-0.383292287,0.042958038,-0.037649973,-0.009858808,0.031243549
1801.218,-0.38389238,0.042797049,-0.038324205,-0.009655515,0.030840169
1803.146,-0.384491947,0.042642508,-0.038967246,-0.00939719,0.030487575
1805.075,-0.385086959,0.042497328,-0.039580238,-0.009071426,0.030138893
1807.003,-0.38568503,0.042353513,-0.04016632,-0.008685198,0.029854524
1808.932,-0.386290046,0.042207484,-0.04072946,-0.008227931,0.029644374
1810.86,-0.386900562,0.042061713,-0.041267865,-0.007701708,0.029485954
1812.789,-0.387517645,0.041916812,-0.041784085,-0.007112018,0.029356478
1814.717,-0.388146893,0.041767316,-0.042278973,-0.006475373,0.029279493
1816.646,-0.38878971,0.041611488,-0.042756568,-0.005806596,0.029247494
1818.574,-0.389445977,0.041453139,-0.043214835,-0.005111282,0.029247706
1820.503,-0.390120661,0.041290514,-0.043655874,-0.004408657,0.029282006
1822.431,-0.390806524,0.041129531,-0.044075944,-0.003694511,0.029288172
1824.36,-0.391502404,0.040972801,-0.044478322,-0.002986593,0.029241696
1826.288,-0.392211233,0.040815198,-0.044860483,-0.002309957,0.029163599
1828.217,-0.392933599,0.040649602,-0.04521764,-0.001663794,0.029061744
1830.145,-0.393663292,0.040474582,-0.045542427,-0.001050818,0.028925876
1832.074,-0.394398811,0.040292655,-0.045833707,-0.000474184,0.028743806
1834.002,-0.395137982,0.040104445,-0.046087601,6.05E-05,0.028523979
1835.931,-0.39588188,0.039912271,-0.046311604,0.000539031,0.028288501
1837.859,-0.396632312,0.039718225,-0.046506407,0.000939894,0.028055989
1839.788,-0.397390146,0.039522297,-0.046669971,0.001275741,0.027827999
1841.716,-0.398149834,0.039327013,-0.04680275,0.001565499,0.027600381
1843.645,-0.398909967,0.039135007,-0.046912586,0.001816224,0.027373592
1845.573,-0.399672378,0.038948318,-0.047004774,0.002019531,0.027172728
1847.502,-0.400438178,0.03877121,-0.047088722,0.002172501,0.027000543
1849.43,-0.40120559,0.038608272,-0.047169353,0.002298372,0.026838048
1851.359,-0.401975452,0.038458771,-0.047252918,0.002424839,0.026678408
1853.287,-0.402746585,0.038322422,-0.04734293,0.0025652,0.026535902
1855.216,-0.403517923,0.038197338,-0.047441894,0.002736801,0.026416688
1857.144,-0.404290171,0.038081124,-0.047550655,0.002946473,0.02633484
1859.073,-0.405066655,0.037972105,-0.047675664,0.003209333,0.02630375
1861.001,-0.405844981,0.037869521,-0.047818745,0.003531571,0.026315709
1862.93,-0.406625246,0.037774203,-0.047982649,0.003929143,0.026346959
1864.858,-0.407411389,0.037682264,-0.048168666,0.004393978,0.026425745
1866.786,-0.408204305,0.037590911,-0.048377782,0.004934959,0.026550724
1868.715,-0.409002453,0.037496881,-0.048608665,0.005556337,0.026709913
1870.644,-0.409806661,0.037395179,-0.048859823,0.00624766,0.026892542
1872.572,-0.410618295,0.037280893,-0.049123869,0.006999002,0.027100625
1874.5,-0.411435459,0.037155708,-0.049398072,0.007802777,0.027295339
1876.429,-0.412254965,0.037020144,-0.049675799,0.008656778,0.027440451
1878.358,-0.41307774,0.036870016,-0.049952275,0.009550587,0.027535146
1880.286,-0.413903993,0.036706634,-0.050220733,0.0104703,0.02757446
1882.215,-0.414737119,0.036526423,-0.050477254,0.011384265,0.027565335
1884.143,-0.415575486,0.03632503,-0.050715858,0.01227984,0.02751068
1886.072,-0.416416842,0.036104846,-0.050934378,0.013156968,0.027389903
1888,-0.417260833,0.035870189,-0.051131154,0.013990077,0.027200787
1889.929,-0.418111631,0.035622705,-0.051304501,0.01476459,0.026955808
1891.857,-0.418969032,0.035364387,-0.051454221,0.015467287,0.026667094
1893.786,-0.419835244,0.035097685,-0.051586308,0.016077051,0.026346671
1895.714,-0.420709984,0.034825578,-0.051703412,0.016591748,0.02598743
1897.643,-0.42159199,0.034551295,-0.051810531,0.017031678,0.025578629
1899.571,-0.422479172,0.034279352,-0.051911738,0.017393616,0.025121025
1901.5,-0.423373951,0.034013308,-0.05201427,0.017664871,0.024621016
1903.428,-0.424278032,0.033753713,-0.052121232,0.017856587,0.024100308
1905.357,-0.425190879,0.033503484,-0.052240675,0.018000937,0.023550581
1907.285,-0.426110862,0.033268021,-0.052380671,0.018111081,0.022970169
1909.214,-0.427038666,0.033048469,-0.052545773,0.018198554,0.022368391
1911.142,-0.427973493,0.032845534,-0.052740732,0.018271094,0.021764652
1913.071,-0.428918583,0.032659222,-0.052972298,0.018340325,0.021178622
1914.999,-0.429872533,0.032490286,-0.053237892,0.018430198,0.020597918
1916.927,-0.430834981,0.032339069,-0.05353523,0.018565923,0.020013094
1918.856,-0.431807124,0.032206529,-0.05387015,0.018726897,0.019449983
1920.785,-0.432788971,0.032092159,-0.05424287,0.018923042,0.018902115
1922.713,-0.433779581,0.031991827,-0.054645255,0.019170946,0.01836784
1924.641,-0.434780541,0.031900429,-0.05507188,0.019480026,0.017855581
1926.57,-0.435790094,0.031812468,-0.05551113,0.019841598,0.017363111
1928.499,-0.436806498,0.031722346,-0.055950948,0.020260096,0.01687863
1930.427,-0.437827607,0.031626549,-0.056382311,0.020745076,0.016398605
1932.355,-0.438853791,0.031522713,-0.056799474,0.021300724,0.015908821
1934.284,-0.439883226,0.031408531,-0.057193828,0.021913697,0.01541397
1936.213,-0.440917045,0.031281435,-0.057561171,0.022561549,0.014921443
1938.141,-0.441955315,0.031139257,-0.057897014,0.02323471,0.014428553
1940.069,-0.442997506,0.03097739,-0.058197614,0.023924098,0.013929887
1941.998,-0.444039861,0.030793731,-0.058455904,0.024637362,0.013405965
1943.927,-0.445083506,0.030589594,-0.058668505,0.025370213,0.012851511
1945.855,-0.446128467,0.030365807,-0.058833792,0.026097648,0.012282311
1947.783,-0.44717384,0.030122821,-0.058951139,0.026819423,0.011701726
1949.712,-0.448217835,0.029864904,-0.059023175,0.027520751,0.01110965
1951.641,-0.449261619,0.029592988,-0.059051522,0.028200005,0.010507436
1953.569,-0.450302696,0.029307219,-0.059034979,0.028859752,0.009890907
1955.497,-0.451340931,0.029010505,-0.058977667,0.029493277,0.009271895
1957.426,-0.452376097,0.028710766,-0.058885997,0.030089297,0.008663946
1959.354,-0.453409321,0.028414395,-0.058766635,0.03064289,0.008070255
1961.283,-0.454439263,0.028125824,-0.058625584,0.031150212,0.007502105
1963.211,-0.455465753,0.027849957,-0.058475448,0.031608282,0.006957603
1965.14,-0.456489092,0.027589476,-0.058323493,0.032012832,0.006441016
1967.068,-0.457509653,0.027345699,-0.058172092,0.032375478,0.005950906
1968.997,-0.458527139,0.027120807,-0.058026062,0.032688925,0.005505073
1970.925,-0.459542691,0.026917858,-0.057889475,0.032951444,0.005113281
1972.854,-0.460552949,0.026740914,-0.057762305,0.0331669,0.004768147
1974.782,-0.4615589,0.026593765,-0.057652563,0.033336723,0.004483932
1976.711,-0.462560045,0.02647773,-0.057565664,0.033459457,0.00427143
1978.639,-0.463554942,0.026386601,-0.057494134,0.033559994,0.004119284
1980.568,-0.464542668,0.026313646,-0.057430295,0.033655419,0.004032456
1982.496,-0.465523238,0.026254521,-0.057370519,0.033767287,0.004014331
1984.425,-0.46649404,0.026207708,-0.057309989,0.033899985,0.004057019
1986.354,-0.467454579,0.026170526,-0.057245814,0.03406057,0.004146285
1988.282,-0.468404536,0.026140755,-0.057176414,0.034244576,0.004269457
1990.21,-0.469344824,0.026116413,-0.057102206,0.034448022,0.004404002
1992.139,-0.470274156,0.026092093,-0.057019373,0.034678596,0.004537686
1994.068,-0.471192934,0.026061222,-0.056924503,0.034952463,0.00465586
1995.996,-0.472099833,0.026021191,-0.056813822,0.03526882,0.00474207
1997.924,-0.47299449,0.025971611,-0.05668471,0.035619943,0.004776865
1999.853,-0.473875678,0.025913491,-0.056535695,0.036009574,0.004752335
2001.781,-0.474744841,0.025845039,-0.056368297,0.036439354,0.004671287
2003.71,-0.475599846,0.02576273,-0.056181414,0.036900005,0.004525994
2005.638,-0.476440107,0.025662054,-0.055972248,0.037402168,0.004308983
2007.567,-0.477264291,0.02554075,-0.055738685,0.037956122,0.004018122
2009.495,-0.478072587,0.025395788,-0.055482003,0.038562766,0.003659246
2011.424,-0.478864664,0.025229584,-0.055207286,0.039187115,0.003255008
2013.352,-0.479640772,0.025048743,-0.054921842,0.039808236,0.002812776
2015.281,-0.480398895,0.024859361,-0.054630566,0.040420597,0.002326923
2017.209,-0.48114057,0.024661452,-0.054341062,0.041007192,0.001819293
2019.138,-0.481864947,0.024453565,-0.054059732,0.041558382,0.001319143
2021.066,-0.482572247,0.024238761,-0.05379336,0.042066958,0.000841596
2022.995,-0.483261299,0.024024423,-0.053545294,0.042522582,0.000396721
2024.923,-0.483932891,0.023816411,-0.053321446,0.042909497,7.86E-06
2026.852,-0.484586199,0.023618196,-0.053128416,0.043211199,-0.00030152
2028.78,-0.48521995,0.023431135,-0.052965903,0.043445801,-0.000535007
2030.709,-0.485833119,0.023255298,-0.052833655,0.043620733,-0.000685904
2032.637,-0.486427563,0.02308966,-0.052734254,0.043746522,-0.000739259
2034.566,-0.487001901,0.022933109,-0.05266296,0.043824241,-0.000697423
2036.494,-0.487557752,0.022782582,-0.052616069,0.043854356,-0.000560258
2038.423,-0.48809565,0.022639541,-0.052590632,0.043846771,-0.000331903
2040.351,-0.488617033,0.022506395,-0.05258318,0.043805588,-2.68E-05
2042.28,-0.489122438,0.022384615,-0.052591119,0.043721547,0.000337031
2044.208,-0.489614995,0.022271958,-0.052611057,0.043596039,0.000744927
2046.137,-0.490094593,0.022168851,-0.052637907,0.043430309,0.001171291
2048.065,-0.490563031,0.022075276,-0.05266801,0.043238896,0.00158787
2049.994,-0.491021481,0.021987441,-0.052694166,0.043040409,0.00197205
2051.922,-0.491471036,0.021904236,-0.052711511,0.042843952,0.002293031
2053.851,-0.49191144,0.021826353,-0.052717412,0.042649272,0.002521198
2055.779,-0.492345266,0.0217487,-0.052709644,0.042473168,0.002651687
2057.708,-0.492771945,0.02166544,-0.052683852,0.042342791,0.002673754
2059.636,-0.493191673,0.0215707,-0.052636843,0.042275071,0.002564867
2061.565,-0.493604156,0.021461911,-0.0525676,0.042265184,0.002321905
2063.493,-0.494010329,0.021337503,-0.052477765,0.042326191,0.001954804
2065.422,-0.494409102,0.021195442,-0.052367336,0.042463212,0.001467343
2067.35,-0.494801666,0.021035362,-0.052241123,0.042663924,0.00087721
2069.279,-0.495187077,0.020860728,-0.052105479,0.042914432,0.000206859
2071.207,-0.495565391,0.020672446,-0.051964083,0.04321584,-0.000532884
2073.136,-0.495935444,0.020471133,-0.05182162,0.04355951,-0.001318896
2075.064,-0.496297332,0.020256163,-0.051682208,0.043938248,-0.002121421
2076.993,-0.496648262,0.020028086,-0.051544027,0.044356774,-0.002932278
2078.921,-0.496986998,0.019791485,-0.051410841,0.044804568,-0.00373639
2080.85,-0.497313494,0.01955053,-0.05128907,0.04526303,-0.004500334
2082.778,-0.497628804,0.019305388,-0.051180931,0.045728993,-0.00519771
2084.707,-0.497930152,0.019057551,-0.051083691,0.046206638,-0.005822544
2086.635,-0.498218022,0.018807951,-0.050997558,0.046684761,-0.006361881
2088.564,-0.498492223,0.018560547,-0.050921719,0.047145277,-0.006799792
2090.492,-0.498754302,0.018317358,-0.050855328,0.047579645,-0.007122442
2092.421,-0.49900438,0.018078494,-0.050796533,0.047971279,-0.007326138
2094.349,-0.499243714,0.017844749,-0.050743039,0.048317778,-0.007417345
2096.278,-0.499472955,0.017618681,-0.050692218,0.048609582,-0.007397319
2098.206,-0.499694392,0.017403909,-0.05064489,0.048832969,-0.007275271
2100.135,-0.499908819,0.017202006,-0.050599009,0.048979378,-0.007073492
2102.063,-0.500118325,0.017011246,-0.05054805,0.049046292,-0.006816032
2103.992,-0.500323533,0.016831436,-0.050487586,0.04903363,-0.006527285
2105.92,-0.50052689,0.016663845,-0.050419071,0.048947958,-0.006236329
2107.849,-0.50072871,0.016510222,-0.050341886,0.048784336,-0.00597424
2109.777,-0.500929167,0.016371082,-0.050253409,0.048547986,-0.005769304
2111.706,-0.501128826,0.01624433,-0.050152719,0.048246182,-0.005632222
2113.634,-0.501329545,0.016126245,-0.050039165,0.047889491,-0.005567141
2115.563,-0.501530184,0.016015731,-0.049911038,0.047477954,-0.00558899
2117.491,-0.501731767,0.015909974,-0.04976851,0.047016451,-0.005704921
2119.42,-0.501933759,0.015805212,-0.049612215,0.046513466,-0.005904003
2121.348,-0.502135661,0.015697378,-0.049442132,0.045989839,-0.006177899
2123.277,-0.50233571,0.015583265,-0.049256108,0.04546433,-0.006528424
2125.205,-0.502534285,0.015462673,-0.049057737,0.044940166,-0.006945619
2127.134,-0.502729838,0.015335235,-0.048849388,0.044418935,-0.007417977
2129.062,-0.502922329,0.015197338,-0.048628762,0.043913269,-0.007933358
2130.991,-0.503108597,0.015047555,-0.048395924,0.0434434,-0.008478613
2132.919,-0.503287472,0.014886842,-0.048153493,0.043030234,-0.009042866
2134.848,-0.503456477,0.014716306,-0.047900645,0.042687456,-0.009614436
2136.776,-0.503614839,0.014536626,-0.047641056,0.042425808,-0.010156675
2138.705,-0.503761632,0.014349741,-0.047378492,0.042246642,-0.010642818
2140.633,-0.503895767,0.014157465,-0.047111008,0.042163164,-0.011069798
2142.562,-0.504015317,0.013960781,-0.046838065,0.042177278,-0.01142161
2144.49,-0.504120984,0.013759247,-0.046561901,0.042278967,-0.01167308
2146.419,-0.504211267,0.013553621,-0.046279207,0.042473993,-0.011817236
2148.347,-0.504287402,0.013342976,-0.045988544,0.04276012,-0.011854911
2150.276,-0.504350197,0.013127576,-0.045689834,0.043121759,-0.011789996
2152.204,-0.504401595,0.012910901,-0.045385818,0.043541258,-0.011629438
2154.133,-0.504442913,0.01269776,-0.045079384,0.04399877,-0.011381077
2156.061,-0.504476161,0.012490744,-0.044770179,0.044480718,-0.011070632
2157.99,-0.504502502,0.012288809,-0.044455479,0.044969555,-0.010717264
2159.918,-0.504524739,0.012092967,-0.044135153,0.045444176,-0.010332449
2161.847,-0.504544362,0.011907484,-0.043812029,0.045879179,-0.009930527
2163.775,-0.50456378,0.011734852,-0.043487629,0.046247821,-0.009527702
2165.704,-0.504583479,0.011577096,-0.043160363,0.04652357,-0.009143708
2167.632,-0.504605375,0.011434271,-0.042829269,0.046689265,-0.008794402
2169.561,-0.504631249,0.011305021,-0.042493371,0.046726223,-0.00848232
2171.489,-0.504662677,0.011188641,-0.042151233,0.046619891,-0.008213667
2173.418,-0.504699087,0.011084815,-0.041801488,0.046366411,-0.007999353
2175.346,-0.504741311,0.010991268,-0.041443476,0.045973229,-0.007848465
2177.275,-0.50478889,0.010904449,-0.041077447,0.045444793,-0.007758015
2179.203,-0.504842373,0.010822913,-0.040705854,0.044797541,-0.007730596
2181.132,-0.504900027,0.01074623,-0.040328544,0.044046458,-0.007776882
2183.06,-0.504961067,0.010672758,-0.039945028,0.043202603,-0.007900089
2184.989,-0.505023721,0.010598854,-0.03955416,0.042293306,-0.0080905
2186.917,-0.505086778,0.010520875,-0.039155282,0.041348154,-0.008332411
2188.846,-0.505146359,0.010439645,-0.038749233,0.040392814,-0.00861775
2190.774,-0.505200323,0.010355508,-0.038336145,0.03945571,-0.008931237
2192.703,-0.505246745,0.010264773,-0.037912882,0.038560034,-0.009246727
2194.631,-0.505284685,0.010164745,-0.037479751,0.037730653,-0.009540574
2196.56,-0.505312747,0.010056069,-0.037039293,0.036975955,-0.009794499
2198.488,-0.505329337,0.009938434,-0.036589969,0.036319357,-0.009990106
2200.417,-0.505330839,0.009810307,-0.036130422,0.035787242,-0.010116472
2202.345,-0.505316903,0.009670663,-0.03566178,0.035376964,-0.010156616
2204.274,-0.505286919,0.009518399,-0.035181453,0.035102737,-0.010104291
2206.202,-0.505241223,0.009352681,-0.034690221,0.034978355,-0.009963776
2208.131,-0.505179668,0.009175958,-0.034193171,0.034990174,-0.009731113
2210.059,-0.505102976,0.008991234,-0.033692488,0.035128635,-0.009417193
2211.988,-0.505010659,0.0088006,-0.03318643,0.035394222,-0.009031534
2213.916,-0.504904091,0.008605015,-0.032676028,0.035766055,-0.008574496
2215.845,-0.504784622,0.008407452,-0.032164379,0.036214426,-0.008043321
2217.773,-0.504654935,0.008211492,-0.031653888,0.036709937,-0.007444771
2219.702,-0.504516951,0.008019509,-0.031145115,0.037227167,-0.006794976
2221.63,-0.504373953,0.00783322,-0.030637434,0.037735358,-0.006105849
2223.559,-0.504227864,0.007657375,-0.030133162,0.038194309,-0.005388677
2225.487,-0.504081788,0.007493174,-0.029632092,0.038575392,-0.004657578
2227.416,-0.503937956,0.007340868,-0.029131743,0.038855404,-0.003935866
2229.344,-0.503798501,0.007204703,-0.028633019,0.039019259,-0.003247385
2231.273,-0.503664636,0.007086585,-0.028136218,0.039062402,-0.002613126
2233.201,-0.503539074,0.006984551,-0.027641884,0.038972852,-0.002056528
2235.13,-0.503423712,0.006898049,-0.027152974,0.038733646,-0.001585282
2237.058,-0.503319668,0.006826526,-0.026669285,0.038352128,-0.001211473
2238.987,-0.503226019,0.006767828,-0.026184743,0.037836575,-0.000943756
2240.915,-0.503144301,0.006720652,-0.025698833,0.037190011,-0.000774071
2242.844,-0.503074564,0.006683108,-0.025212358,0.036412434,-0.000689114
2244.772,-0.503015793,0.006655054,-0.024725206,0.035515303,-0.000687827
2246.701,-0.502966931,0.006635207,-0.024236281,0.03452016,-0.000754194
2248.629,-0.502927712,0.006618161,-0.023745063,0.033440256,-0.000858464
2250.558,-0.502896097,0.006599935,-0.023251084,0.032302948,-0.000982581
2252.486,-0.502869975,0.00657739,-0.022753978,0.031137209,-0.001111475
2254.415,-0.502845749,0.006546764,-0.022251838,0.029973472,-0.001234071
2256.343,-0.502820063,0.006504457,-0.021745071,0.028853084,-0.001340078
2258.272,-0.502789735,0.006447734,-0.021233721,0.027795807,-0.001417609
2260.2,-0.50275355,0.006372258,-0.020717834,0.026826885,-0.001448219
2262.129,-0.502708057,0.006273982,-0.020196602,0.025998264,-0.001422939
2264.057,-0.502651077,0.006152077,-0.019674074,0.025323361,-0.001331533
2265.986,-0.502580244,0.006010039,-0.019149063,0.024803181,-0.001169536
2267.914,-0.502494787,0.005851473,-0.018619087,0.024453924,-0.000950113
2269.843,-0.502393933,0.005678088,-0.018086325,0.024272232,-0.000658765
2271.771,-0.502277531,0.005494084,-0.01755432,0.024237923,-0.000287402
2273.7,-0.502144402,0.005303332,-0.017024186,0.024354031,0.000150252
2275.628,-0.501996788,0.005108065,-0.016499222,0.024598901,0.000643329
2277.557,-0.501837626,0.004913376,-0.015980854,0.024939926,0.001186298
2279.485,-0.501669799,0.004723341,-0.015467617,0.025353651,0.001770322
2281.414,-0.501494513,0.004539575,-0.014960983,0.025821065,0.00237792
2283.342,-0.501314289,0.004364703,-0.014461739,0.02632234,0.002982822
2285.271,-0.501132148,0.004200787,-0.013969504,0.026825237,0.003576187
2287.199,-0.500951997,0.004049947,-0.013486495,0.027310497,0.004145584
2289.128,-0.500776844,0.00391384,-0.013013105,0.02774302,0.004667619
2291.056,-0.500611042,0.003793549,-0.012553396,0.028084474,0.005119585
2292.985,-0.500457787,0.00369049,-0.012105344,0.028316224,0.005491031
2294.913,-0.500321775,0.003601109,-0.011666096,0.028427596,0.005797923
2296.842,-0.50020461,0.003527216,-0.011237334,0.028397812,0.006051459
2298.77,-0.500109252,0.003475058,-0.010824531,0.028196445,0.006254403
2300.699,-0.500035395,0.003445727,-0.010429213,0.027814111,0.006389451
2302.627,-0.499984732,0.00343948,-0.010053141,0.027269198,0.006443254
2304.556,-0.499960714,0.003449035,-0.009697185,0.02656194,0.00645567
2306.484,-0.499964175,0.003469867,-0.009361549,0.0256867,0.006441172
2308.413,-0.499995388,0.003500023,-0.009046756,0.024651358,0.006390335
2310.341,-0.500055189,0.003534883,-0.0087565,0.023479059,0.006313239
2312.27,-0.500137119,0.003569148,-0.008489872,0.022225199,0.006198323
2314.198,-0.500237839,0.003597187,-0.008250614,0.020897671,0.006049762
2316.127,-0.500349307,0.00361113,-0.008032764,0.019515203,0.005883185
2318.055,-0.500464706,0.003600498,-0.007831241,0.018136778,0.005739016
2319.984,-0.500572855,0.00356718,-0.007639046,0.016796289,0.005617369
2321.912,-0.500662802,0.003514673,-0.007445091,0.015506781,0.005507065
2323.841,-0.500726087,0.003447725,-0.007244963,0.014308249,0.005390216
2325.769,-0.50076703,0.003362385,-0.007043008,0.013223044,0.00530437
2327.698,-0.500787468,0.003255651,-0.006838453,0.01227563,0.005261056
2329.626,-0.500791184,0.003130292,-0.006637827,0.011491378,0.005257919
2331.555,-0.500783433,0.002987139,-0.00644391,0.010886975,0.005287827
2333.483,-0.500776182,0.002831174,-0.006258106,0.010462497,0.005341032
2335.412,-0.500779155,0.002668721,-0.006089297,0.01020686,0.005434879
2337.34,-0.500796448,0.002499215,-0.005944817,0.010099606,0.005584607
2339.269,-0.500823519,0.002324745,-0.005819966,0.01015506,0.005757821
2341.197,-0.500858873,0.002146563,-0.005711387,0.010339618,0.005945437
2343.126,-0.500898182,0.00196532,-0.005610369,0.010627742,0.00615635
2345.054,-0.500934714,0.001788122,-0.005506861,0.01100663,0.006356007
2346.983,-0.500962364,0.001622449,-0.005395147,0.011428575,0.006521079
2348.911,-0.500977564,0.001466185,-0.005261583,0.011880372,0.006652559
2350.84,-0.500977999,0.001316384,-0.005098828,0.012346221,0.006768903
2352.768,-0.500963316,0.001173316,-0.004908115,0.012801395,0.006883469
2354.697,-0.500931968,0.001045329,-0.004690692,0.013206124,0.006970763
2356.625,-0.500886387,0.00093742,-0.004449782,0.013533134,0.007004067
2358.554,-0.500828721,0.000849323,-0.004188468,0.013758427,0.006972501
2360.482,-0.500764509,0.000779904,-0.003910892,0.013865261,0.006889293
2362.411,-0.500697732,0.000725218,-0.003622919,0.013822087,0.006782819
2364.339,-0.500629311,0.000685567,-0.003326773,0.013609029,0.006637577
2366.268,-0.500558859,0.000660249,-0.003023198,0.013237585,0.00643035
2368.196,-0.500484529,0.000646731,-0.002717143,0.012729269,0.006157819
2370.125,-0.500402187,0.000639857,-0.002408146,0.012093251,0.005817077
2372.053,-0.500243253,0.000626762,-0.002039275,0.011296889,0.005419435
2373.982,-0.500083996,0.000615192,-0.001676385,0.010441022,0.004998176
2375.91,-0.499928847,0.00060382,-0.001324966,0.009539057,0.004559075
2377.839,-0.499782236,0.00059132,-0.000990503,0.008604401,0.004107907
2379.767,-0.499648593,0.000576365,-0.000678485,0.00765046,0.003650445
2381.696,-0.499532347,0.000557629,-0.000394398,0.006690643,0.003192463
2383.624,-0.49943793,0.000533785,-0.000143731,0.005738356,0.002739737
2385.553,-0.49936977,0.000503508,6.80E-05,0.004807006,0.002298039
2387.481,-0.499332299,0.00046547,0.000235394,0.003910001,0.001873145
2389.41,-0.499329945,0.000418346,0.000352877,0.003060747,0.001470828
2391.338,-0.49936714,0.000360808,0.00041499,0.002272652,0.001096863
2393.267,-0.499448313,0.000291532,0.000416247,0.001559123,0.000757023
2395.195,-0.499577894,0.000209189,0.000351159,0.000933566,0.000457083
2397.124,-0.499760313,0.000112454,0.000214239,0.00040939,0.000202817
2399.052,-0.5,-5.97E-18,-4.82E-19,-2.27E-17,5.42E-17