fitted_baseline,Sample ID,Repeats,Sub_Repeats,PH_1430,PH_1515,,SiO2,TiO2,Al2O3,Fe2O3,FeO,MnO,MgO,CaO,Na2O,K2O,P2O5,Thickness,Sigma_Thickness,,
CI_INSOL_volatilefree_chip1_100x100_256s_sp1.CSV,CI_LMT_BA5_2_50x50x_256s_sp1,CI_LMT_BA5,CI_LMT_BA5,0.451698943,0.493446258,,52.9145946,1.8435111,13.5351786,9.052395854,,0,7.7224199,11.617468,2.7147845,1.4115118,0.0950532,60.4841499,3,,8.1454783
CI_INSOL_volatilefree_chip2_100x100_256s_sp2.CSV,CI_LMT_BA17_3_50x50_256s_sp1,CI_LMT_BA17,CI_LMT_BA17,1.496870947,1.533513956,,53.0311598,1.846054,13.5644436,9.065487884,,0,7.6493883,11.5180054,2.7217225,1.41651,0.0954578,37.1938243,3,,8.1572587
CI_INSOL_volatilefree_chip1_100x100_256s_sp2.CSV,CI_LMT_BA17_4_50x50_256s_sp1,CI_LMT_BA17,CI_LMT_BA17,1.42150749,1.461007857,,53.0311598,1.846054,13.5644436,9.065487884,,0,7.6493883,11.5180054,2.7217225,1.41651,0.0954578,32.7870095,3,,8.1572587
CI_INSOL_volatilefree_chip2_100x100_256s_sp1.CSV,LMT_BA3_1_50x50_256s_sp1,CI_LMT_BA3,CI_LMT_BA3,0.318872266,0.32500149,,52.9077281,1.8468331,13.5347159,9.067289032,,0,7.7219546,11.616222,2.7121859,1.4068979,0.0945831,15.621647,3,,8.1588794
CI_INSOL_volatilefree_chip1_100x100_256s_sp2.CSV,LMT_BA3_2_50x50_256s_sp1,CI_LMT_BA3,CI_LMT_BA3,0.245547775,0.257450189,,52.9077281,1.8468331,13.5347159,9.067289032,,0,7.7219546,11.616222,2.7121859,1.4068979,0.0945831,12.5598161,3,,8.1588794
CI_INSOL_volatilefree_chip1_100x100_256s_sp2.CSV,LMT_BA3_2_50x50_256s_sp2,CI_LMT_BA3,CI_LMT_BA3,0.211717173,0.209983254,,52.9077281,1.8468331,13.5347159,9.067289032,,0,7.7219546,11.616222,2.7121859,1.4068979,0.0945831,10.3992047,3,,8.1588794
CI_INSOL_volatilefree_chip2_100x100_256s_sp2.CSV,LMT_BA4_1_50x50_256s_sp1,CI_LMT_BA4,CI_LMT_BA4,0.927469519,0.966047241,,52.9555459,1.8446825,13.5455609,9.058249726,,0,7.6963809,11.5819561,2.7170466,1.4129218,0.0951596,35.3422988,3,,8.1507457
CI_MU1_CO2_Free_100x100_256s_sp5.CSV,CI_IPGP_B6_1_50x50_256s_sp1,CI_IPGP_B6,CI_IPGP_B6,0.226186209,0.274481344,,49.83714986,2.15885728,11.88991015,13.07004101,,0.17393869,11.67372549,9.9216668,1.98259269,0.38627376,0.21527325,45.6112698,3,,11.76061422
CI_MU1_no_volatile_100x100_sp1.CSV,CI_IPGP_B6_2_50x50_256s_sp1,CI_IPGP_B6,CI_IPGP_B6,0.087978245,0.111640759,,49.83714986,2.15885728,11.88991015,13.07004101,,0.17393869,11.67372549,9.9216668,1.98259269,0.38627376,0.21527325,26.1874709,3,,11.76061422
EH_bas_volatile_free_2_100x100_256s_sp1.CSV,CI_Ref_bas_1_1_100x100_256s_sp1,CI_Ref_bas_1,CI_Ref_bas_1,0.350073357,0.370204817,,45.2506328,4.4011959,15.2383721,13.86576743,,0.1783862,5.3735692,10.0289601,4.302746,1.7300983,1.0194203,13.6203186,3,,12.4766205
EH_bas_volatile_free_2_100x100_256s_sp1.CSV,CI_Ref_bas_1_1_100x100_256s_sp2,CI_Ref_bas_1,CI_Ref_bas_1,0.343810528,0.35880107,,45.2506328,4.4011959,15.2383721,13.86576743,,0.1783862,5.3735692,10.0289601,4.302746,1.7300983,1.0194203,13.9085629,3,,12.4766205
EH_bas_volatile_free_2_100x100_256s_sp1.CSV,CI_Ref_bas_1_2_100x100_256s_sp1,CI_Ref_bas_1,CI_Ref_bas_1,0.392268432,0.414831681,,45.2506328,4.4011959,15.2383721,13.86576743,,0.1783862,5.3735692,10.0289601,4.302746,1.7300983,1.0194203,14.3670492,3,,12.4766205
EH_bas_volatile_free_1_100x100_256s_sp2.CSV,CI_Ref_bas_1_2_100x100_256s_sp2,CI_Ref_bas_1,CI_Ref_bas_1,0.398309966,0.358800372,,45.2506328,4.4011959,15.2383721,13.86576743,,0.1783862,5.3735692,10.0289601,4.302746,1.7300983,1.0194203,15.4357715,3,,12.4766205
EH_bas_volatile_free_1_100x100_256s_sp1.CSV,CI_Ref_bas_2_1_100x100_256s_sp1,CI_Ref_bas_2,CI_Ref_bas_2,0.120826039,0.114092807,,45.3772455,4.3167961,15.1964627,13.94005228,,0.1796567,5.4307484,10.0279804,4.1857364,1.7434979,0.9984097,15.7962061,3,,12.5434631
EH_bas_volatile_free_1_100x100_256s_sp1.CSV,CI_Ref_bas_2_2_100x100_256s_sp1,CI_Ref_bas_2,CI_Ref_bas_2,0.083340705,0.10013183,,45.3772455,4.3167961,15.1964627,13.94005228,,0.1796567,5.4307484,10.0279804,4.1857364,1.7434979,0.9984097,11.8900799,3,,12.5434631
EH_bas_volatile_free_2_100x100_256s_sp1.CSV,CI_Ref_bas_2_2_100x100_256s_sp2,CI_Ref_bas_2,CI_Ref_bas_2,0.103465069,0.12410825,,45.3772455,4.3167961,15.1964627,13.94005228,,0.1796567,5.4307484,10.0279804,4.1857364,1.7434979,0.9984097,11.8902671,3,,12.5434631
EH_bas_volatile_free_2_100x100_256s_sp1.CSV,CI_Ref_bas_2_2_100x100_256s_sp3,CI_Ref_bas_2,CI_Ref_bas_2,0.111175893,0.099528049,,45.3772455,4.3167961,15.1964627,13.94005228,,0.1796567,5.4307484,10.0279804,4.1857364,1.7434979,0.9984097,12.9033228,3,,12.5434631
EH_bas_volatile_free_2_100x100_256s_sp1.CSV,CI_Ref_bas_2_3_100x100_256s_sp1,CI_Ref_bas_2,CI_Ref_bas_2,0.091001662,0.112839083,,45.3772455,4.3167961,15.1964627,13.94005228,,0.1796567,5.4307484,10.0279804,4.1857364,1.7434979,0.9984097,14.379962,3,,12.5434631
EH_bas_volatile_free_1_100x100_256s_sp1.CSV,CI_Ref_bas_3_1_100x100_256s_051423_sp1,CI_Ref_bas_3,CI_Ref_bas_3,0.910118619,0.920985256,,45.2480219,4.2712772,15.1878098,13.5319998,,0.1791971,5.61245,10.4075986,4.1918498,1.7935206,0.9319795,26.8610095,3,,12.1762915
EH_bas_volatile_free_1_100x100_256s_sp2.CSV,CI_Ref_bas_3_1_100x100_256s_060223_sp1,CI_Ref_bas_3,CI_Ref_bas_3,0.318224477,0.32119741,,45.2480219,4.2712772,15.1878098,13.5319998,,0.1791971,5.61245,10.4075986,4.1918498,1.7935206,0.9319795,26.384858,3,,12.1762915
EH_bas_volatile_free_2_100x100_256s_sp2.CSV,CI_Ref_bas_3_1_100x100_256s_sp2,CI_Ref_bas_3,CI_Ref_bas_3,0.346010778,0.359193656,,45.2480219,4.2712772,15.1878098,13.5319998,,0.1791971,5.61245,10.4075986,4.1918498,1.7935206,0.9319795,24.7626643,3,,12.1762915
EH_bas_volatile_free_1_100x100_256s_sp2.CSV,CI_Ref_bas_3_1_100x100_256s_sp3,CI_Ref_bas_3,CI_Ref_bas_3,0.352088854,0.350815453,,45.2480219,4.2712772,15.1878098,13.5319998,,0.1791971,5.61245,10.4075986,4.1918498,1.7935206,0.9319795,23.2693459,3,,12.1762915
EH_bas_volatile_free_2_100x100_256s_sp1.CSV,CI_Ref_bas_3_2_100x100_256s_051423_sp1,CI_Ref_bas_3,CI_Ref_bas_3,0.15239019,0.149536214,,45.2480219,4.2712772,15.1878098,13.5319998,,0.1791971,5.61245,10.4075986,4.1918498,1.7935206,0.9319795,17.7147888,3,,12.1762915
EH_bas_volatile_free_1_100x100_256s_sp2.CSV,CI_Ref_bas_3_2_100x100_256s_060223_sp1,CI_Ref_bas_3,CI_Ref_bas_3,0.377131112,0.384710868,,45.2480219,4.2712772,15.1878098,13.5319998,,0.1791971,5.61245,10.4075986,4.1918498,1.7935206,0.9319795,24.869581,3,,12.1762915
EH_bas_volatile_free_1_100x100_256s_sp1.CSV,CI_Ref_bas_3_3_100x100_256s_sp1,CI_Ref_bas_3,CI_Ref_bas_3,0.18497211,0.206522274,,45.2480219,4.2712772,15.1878098,13.5319998,,0.1791971,5.61245,10.4075986,4.1918498,1.7935206,0.9319795,17.7232819,3,,12.1762915
EH_bas_volatile_free_1_100x100_256s_sp2.CSV,CI_Ref_bas_3_chip1_100x100_256s_sp1,CI_Ref_bas_3,CI_Ref_bas_3,0.364965265,0.366187614,,45.2480219,4.2712772,15.1878098,13.5319998,,0.1791971,5.61245,10.4075986,4.1918498,1.7935206,0.9319795,32.380964,3,,12.1762915
EH_bas_volatile_free_1_100x100_256s_sp1.CSV,CI_Ref_bas_3_chip1_100x100_256s_sp2,CI_Ref_bas_3,CI_Ref_bas_3,0.503806994,0.505894053,,45.2480219,4.2712772,15.1878098,13.5319998,,0.1791971,5.61245,10.4075986,4.1918498,1.7935206,0.9319795,35.6632413,3,,12.1762915
EH_bas_volatile_free_1_100x100_256s_sp1.CSV,CI_Ref_bas_3_chip1_100x100_256s_sp3,CI_Ref_bas_3,CI_Ref_bas_3,0.483345118,0.48342815,,45.2480219,4.2712772,15.1878098,13.5319998,,0.1791971,5.61245,10.4075986,4.1918498,1.7935206,0.9319795,37.8263468,3,,12.1762915
EH_bas_volatile_free_2_100x100_256s_sp2.CSV,CI_Ref_bas_4_1_100x100_256s_sp1,CI_Ref_bas_4,CI_Ref_bas_4,0.090469761,0.114641894,,44.91804,4.3203235,15.0408202,14.03345307,,0.1773305,5.4373471,10.552303,4.2620802,1.7069649,0.9572887,17.4022066,3,,12.6275065
EH_bas_volatile_free_2_100x100_256s_sp1.CSV,CI_Ref_bas_4_1_100x100_256s_sp2,CI_Ref_bas_4,CI_Ref_bas_4,0.097713392,0.105346952,,44.91804,4.3203235,15.0408202,14.03345307,,0.1773305,5.4373471,10.552303,4.2620802,1.7069649,0.9572887,19.53184,3,,12.6275065
EH_bas_volatile_free_1_100x100_256s_sp2.CSV,CI_Ref_bas_4_2_100x100_256s_sp3,CI_Ref_bas_4,CI_Ref_bas_4,0.151905159,0.143965,,44.91804,4.3203235,15.0408202,14.03345307,,0.1773305,5.4373471,10.552303,4.2620802,1.7069649,0.9572887,39.2737121,3,,12.6275065
EH_bas_volatile_free_1_100x100_256s_sp2.CSV,CI_Ref_bas_5_1_100x100_256s_sp1,CI_Ref_bas_5,CI_Ref_bas_5,0.154611879,0.153036084,,45.2429181,4.2801879,15.1502679,13.80574884,,0.190959,5.3187522,10.4475464,4.1923613,1.7708468,0.9835488,38.5233639,3,,12.4226149
EH_bas_volatile_free_1_100x100_256s_sp2.CSV,CI_Ref_bas_5_1_100x100_256s_sp3,CI_Ref_bas_5,CI_Ref_bas_5,0.125709473,0.122036502,,45.2429181,4.2801879,15.1502679,13.80574884,,0.190959,5.3187522,10.4475464,4.1923613,1.7708468,0.9835488,34.9061323,3,,12.4226149
EH_bas_volatile_free_1_100x100_256s_sp2.CSV,CI_Ref_bas_5_1_100x100_256s_sp4,CI_Ref_bas_5,CI_Ref_bas_5,0.171737871,0.167507234,,45.2429181,4.2801879,15.1502679,13.80574884,,0.190959,5.3187522,10.4475464,4.1923613,1.7708468,0.9835488,39.7268349,3,,12.4226149
EH_bas_volatile_free_1_100x100_256s_sp1.CSV,CI_Ref_bas_6_1_100x100_256s_sp1,CI_Ref_bas_6,CI_Ref_bas_6,0.460025366,0.456938004,,45.4977721,4.275346,15.2440363,13.87312027,,0.1900622,5.3895288,9.888828,4.2585561,1.7638113,1.0088233,27.0609208,3,,12.4832367
EH_bas_volatile_free_2_100x100_256s_sp1.CSV,CI_Ref_bas_6_2_100x100_256s_sp1,CI_Ref_bas_6,CI_Ref_bas_6,0.523298787,0.538597803,,45.4977721,4.275346,15.2440363,13.87312027,,0.1900622,5.3895288,9.888828,4.2585561,1.7638113,1.0088233,28.5426105,3,,12.4832367
EH_bas_volatile_free_1_100x100_256s_sp2.CSV,CI_Ref_bas_6_2_100x100_256s_sp2,CI_Ref_bas_6,CI_Ref_bas_6,0.630505992,0.631073927,,45.4977721,4.275346,15.2440363,13.87312027,,0.1900622,5.3895288,9.888828,4.2585561,1.7638113,1.0088233,30.8391645,3,,12.4832367
EH_bas_volatile_free_2_100x100_256s_sp2.CSV,CI_Ref_bas_7_1_100x100_256s_051423_sp1,CI_Ref_bas_7,CI_Ref_bas_7,0.162824806,0.178070199,,44.9016051,4.3550864,15.0865671,13.96386463,,0.1807545,5.4159005,10.5167959,4.2710955,1.7440388,0.9632621,22.4555222,3,,12.5648898
EH_bas_volatile_free_2_100x100_256s_sp1.CSV,CI_Ref_bas_7_1_100x100_256s_060223_sp1,CI_Ref_bas_7,CI_Ref_bas_7,0.162016966,0.183256038,,44.9016051,4.3550864,15.0865671,13.96386463,,0.1807545,5.4159005,10.5167959,4.2710955,1.7440388,0.9632621,20.4846135,3,,12.5648898
EH_bas_volatile_free_1_100x100_256s_sp1.CSV,CI_Ref_bas_7_1_100x100_256s_sp2,CI_Ref_bas_7,CI_Ref_bas_7,0.166076612,0.157538906,,44.9016051,4.3550864,15.0865671,13.96386463,,0.1807545,5.4159005,10.5167959,4.2710955,1.7440388,0.9632621,19.3728625,3,,12.5648898
EH_bas_volatile_free_1_100x100_256s_sp2.CSV,CI_Ref_bas_7_1_100x100_256s_sp5,CI_Ref_bas_7,CI_Ref_bas_7,0.217489381,0.219349928,,44.9016051,4.3550864,15.0865671,13.96386463,,0.1807545,5.4159005,10.5167959,4.2710955,1.7440388,0.9632621,23.3092305,3,,12.5648898
EH_bas_volatile_free_1_100x100_256s_sp1.CSV,CI_Ref_bas_7_2_100x100_256s_sp2,CI_Ref_bas_7,CI_Ref_bas_7,0.168604005,0.162015642,,44.9016051,4.3550864,15.0865671,13.96386463,,0.1807545,5.4159005,10.5167959,4.2710955,1.7440388,0.9632621,24.4576935,3,,12.5648898
EH_bas_volatile_free_1_100x100_256s_sp1.CSV,CI_Ref_bas_8_1_100x100_256s_sp2,CI_Ref_bas_8,CI_Ref_bas_8,0.311482229,0.309101378,,44.6281565,4.3320653,14.9928971,13.83426405,,0.1891341,5.4010134,11.1523256,4.1809357,1.6980179,0.9771805,30.6554754,3,,12.4482733
EH_bas_volatile_free_1_100x100_256s_sp1.CSV,CI_Ref_bas_8_1_100x100_256s_sp3,CI_Ref_bas_8,CI_Ref_bas_8,0.274508228,0.266218369,,44.6281565,4.3320653,14.9928971,13.83426405,,0.1891341,5.4010134,11.1523256,4.1809357,1.6980179,0.9771805,31.7370324,3,,12.4482733
EH_bas_volatile_free_1_100x100_256s_sp1.CSV,CI_Ref_bas_8_1_100x100_256s_sp4,CI_Ref_bas_8,CI_Ref_bas_8,0.296875608,0.294138691,,44.6281565,4.3320653,14.9928971,13.83426405,,0.1891341,5.4010134,11.1523256,4.1809357,1.6980179,0.9771805,30.119044,3,,12.4482733
EH_bas_volatile_free_1_100x100_256s_sp1.CSV,CI_Ref_bas_8_2_100x100_256s_sp1,CI_Ref_bas_8,CI_Ref_bas_8,0.245163462,0.241281849,,44.6281565,4.3320653,14.9928971,13.83426405,,0.1891341,5.4010134,11.1523256,4.1809357,1.6980179,0.9771805,30.3676305,3,,12.4482733
EH_bas_volatile_free_1_100x100_256s_sp2.CSV,CI_Ref_bas_8_2_100x100_256s_sp2,CI_Ref_bas_8,CI_Ref_bas_8,0.207480129,0.207474604,,44.6281565,4.3320653,14.9928971,13.83426405,,0.1891341,5.4010134,11.1523256,4.1809357,1.6980179,0.9771805,25.6071111,3,,12.4482733
EH_bas_volatile_free_1_100x100_256s_sp1.CSV,CI_Ref_bas_8_2_100x100_256s_sp3,CI_Ref_bas_8,CI_Ref_bas_8,0.226296208,0.226748893,,44.6281565,4.3320653,14.9928971,13.83426405,,0.1891341,5.4010134,11.1523256,4.1809357,1.6980179,0.9771805,20.9682661,3,,12.4482733
EH_bas_volatile_free_1_100x100_256s_sp2.CSV,CI_Ref_bas_9_1_100x100_256s_051423_sp1,CI_Ref_bas_9,CI_Ref_bas_9,0.6598024,0.657487649,,44.6778499,4.3224156,14.9567546,14.15450223,,0.1877777,5.525123,10.6238535,4.2367387,1.6976381,1.0354198,40.3855895,3,,12.7364283
EH_bas_volatile_free_1_100x100_256s_sp2.CSV,CI_Ref_bas_9_1_100x100_256s_051423_sp2,CI_Ref_bas_9,CI_Ref_bas_9,0.730460511,0.730901597,,44.6778499,4.3224156,14.9567546,14.15450223,,0.1877777,5.525123,10.6238535,4.2367387,1.6976381,1.0354198,38.4022823,3,,12.7364283
EH_bas_volatile_free_1_100x100_256s_sp2.CSV,CI_Ref_bas_9_1_100x100_256s_051423_sp3,CI_Ref_bas_9,CI_Ref_bas_9,0.605764729,0.602121433,,44.6778499,4.3224156,14.9567546,14.15450223,,0.1877777,5.525123,10.6238535,4.2367387,1.6976381,1.0354198,43.5279636,3,,12.7364283
EH_bas_volatile_free_1_100x100_256s_sp1.CSV,CI_Ref_bas_9_chip2_100x100_256s_sp1,CI_Ref_bas_9,CI_Ref_bas_9,0.73344574,0.73682838,,44.6778499,4.3224156,14.9567546,14.15450223,,0.1877777,5.525123,10.6238535,4.2367387,1.6976381,1.0354198,39.101248,3,,12.7364283
EH_bas_volatile_free_1_100x100_256s_sp1.CSV,CI_Ref_bas_9_chip2_100x100_256s_sp3,CI_Ref_bas_9,CI_Ref_bas_9,0.679371398,0.684009539,,44.6778499,4.3224156,14.9567546,14.15450223,,0.1877777,5.525123,10.6238535,4.2367387,1.6976381,1.0354198,41.0956002,3,,12.7364283
EH_bas_volatile_free_1_100x100_256s_sp1.CSV,CI_Ref_bas_9_chip2_100x100_256s_sp4,CI_Ref_bas_9,CI_Ref_bas_9,0.687045593,0.690460787,,44.6778499,4.3224156,14.9567546,14.15450223,,0.1877777,5.525123,10.6238535,4.2367387,1.6976381,1.0354198,39.6828546,3,,12.7364283
CI_Ref_MORB_100x100_256s_sp2.CSV,CI_Ref_10_1_100x100_256s_sp1,CI_Ref_10,CI_Ref_10,0.559997111,0.563371982,,49.0197523,1.3777951,15.8967528,12.1220703,,0.2232752,7.141938,12.5457893,2.5758112,0.1685026,0.1427657,49.4373321,3,,10.9076163
CI_Ref_MORB_100x100_256s_sp4.CSV,CI_Ref_10_1_100x100_256s_060223_sp2,CI_Ref_10,CI_Ref_10,0.542501721,0.549025111,,49.0197523,1.3777951,15.8967528,12.1220703,,0.2232752,7.141938,12.5457893,2.5758112,0.1685026,0.1427657,50.8384228,3,,10.9076163
CI_Ref_MORB_100x100_256s_sp2.CSV,CI_Ref_10_1_100x100_256s_sp5,CI_Ref_10,CI_Ref_10,0.574695807,0.494940222,,49.0197523,1.3777951,15.8967528,12.1220703,,0.2232752,7.141938,12.5457893,2.5758112,0.1685026,0.1427657,31.1040921,3,,10.9076163
CI_Ref_MORB_100x100_256s_sp2.CSV,CI_Ref_10_chip1_100x100_256s_sp1,CI_Ref_10,CI_Ref_10,1.54368788,1.55895341,,49.0197523,1.3777951,15.8967528,12.1220703,,0.2232752,7.141938,12.5457893,2.5758112,0.1685026,0.1427657,117.6299644,3,,10.9076163
CI_Ref_MORB_100x100_256s_sp2.CSV,CI_Ref_10_chip1_100x100_256s_sp2,CI_Ref_10,CI_Ref_10,1.374416107,1.401492817,,49.0197523,1.3777951,15.8967528,12.1220703,,0.2232752,7.141938,12.5457893,2.5758112,0.1685026,0.1427657,117.7889825,3,,10.9076163
CI_Ref_MORB_100x100_256s_sp2.CSV,CI_Ref_10_chip1_100x100_256s_sp3,CI_Ref_10,CI_Ref_10,1.383680563,1.40674332,,49.0197523,1.3777951,15.8967528,12.1220703,,0.2232752,7.141938,12.5457893,2.5758112,0.1685026,0.1427657,117.9448635,3,,10.9076163
CI_Ref_MORB_100x100_256s_sp2.CSV,CI_Ref_10_chip1_100x100_256s_sp4,CI_Ref_10,CI_Ref_10,1.584180807,1.597648156,,49.0197523,1.3777951,15.8967528,12.1220703,,0.2232752,7.141938,12.5457893,2.5758112,0.1685026,0.1427657,120.4867634,3,,10.9076163
CI_Ref_MORB_100x100_256s_sp2.CSV,CI_Ref_10_chip1_100x100_256s_sp5,CI_Ref_10,CI_Ref_10,1.330854492,1.360380963,,49.0197523,1.3777951,15.8967528,12.1220703,,0.2232752,7.141938,12.5457893,2.5758112,0.1685026,0.1427657,115.8378948,3,,10.9076163
CI_Ref_MORB_100x100_256s_sp4.CSV,CI_Ref_11_1_100x100_256s_sp2,CI_Ref_11,CI_Ref_11,0.369160391,0.380577294,,49.7694919,1.4089363,16.0174792,12.41000682,,0.2315355,7.1169078,11.5102041,2.49063,0.1723483,0.1157638,24.8885323,3,,11.1667058
CI_Ref_MORB_100x100_256s_sp2.CSV,CI_Ref_11_1_100x100_256s_sp3,CI_Ref_11,CI_Ref_11,0.43947749,0.439290085,,49.7694919,1.4089363,16.0174792,12.41000682,,0.2315355,7.1169078,11.5102041,2.49063,0.1723483,0.1157638,26.9883802,3,,11.1667058
CI_Ref_MORB_100x100_256s_sp2.CSV,CI_Ref_11_1_100x100_256s_sp4,CI_Ref_11,CI_Ref_11,0.386795055,0.402823945,,49.7694919,1.4089363,16.0174792,12.41000682,,0.2315355,7.1169078,11.5102041,2.49063,0.1723483,0.1157638,27.7669582,3,,11.1667058
CI_Ref_MORB_100x100_256s_sp2.CSV,CI_Ref_13_1_100x100_256s_sp1,CI_Ref_13,CI_Ref_13,0.288506988,0.287464751,,49.5781431,1.3796363,16.0768068,12.20678997,,0.2215365,7.1790042,11.7093934,2.569895,0.1699452,0.1317906,22.177756,3,,10.9838483
CI_Ref_MORB_100x100_256s_sp2.CSV,CI_Ref_13_1_100x100_256s_sp2,CI_Ref_13,CI_Ref_13,0.255549357,0.259098535,,49.5781431,1.3796363,16.0768068,12.20678997,,0.2215365,7.1790042,11.7093934,2.569895,0.1699452,0.1317906,18.4589644,3,,10.9838483
CI_Ref_MORB_100x100_256s_sp2.CSV,CI_Ref_13_1_100x100_256s_sp3,CI_Ref_13,CI_Ref_13,0.302638467,0.313937249,,49.5781431,1.3796363,16.0768068,12.20678997,,0.2215365,7.1790042,11.7093934,2.569895,0.1699452,0.1317906,22.5434889,3,,10.9838483
CI_Ref_MORB_100x100_256s_sp2.CSV,CI_Ref_13_1_100x100_256s_sp4,CI_Ref_13,CI_Ref_13,0.305527043,0.315623895,,49.5781431,1.3796363,16.0768068,12.20678997,,0.2215365,7.1790042,11.7093934,2.569895,0.1699452,0.1317906,22.5037113,3,,10.9838483
CI_Ref_MORB_100x100_256s_sp1.CSV,CI_Ref_14_1_100x100_256s_sp2,CI_Ref_14,CI_Ref_14,0.165436123,0.177031819,,49.6806036,1.4130968,15.989369,12.31062335,,0.2253224,7.1614792,11.5998783,2.5239119,0.1792262,0.1498381,27.6340371,3,,11.0772791
CI_Ref_MORB_100x100_256s_sp1.CSV,CI_Ref_14_1_100x100_256s_sp3,CI_Ref_14,CI_Ref_14,0.196187297,0.204820615,,49.6806036,1.4130968,15.989369,12.31062335,,0.2253224,7.1614792,11.5998783,2.5239119,0.1792262,0.1498381,27.1408169,3,,11.0772791
CI_Ref_MORB_100x100_256s_sp5.CSV,CI_Ref_15_2_100x100_256s_sp1,CI_Ref_15,CI_Ref_15,0.072313328,0.081995623,,49.6771183,1.3849566,15.9595242,12.2304434,,0.2283459,7.2156045,11.6377961,2.5895138,0.1707298,0.1312789,15.0186795,3,,11.005132
CI_Ref_MORB_100x100_256s_sp2.CSV,CI_Ref_15_2_100x100_256s_sp2,CI_Ref_15,CI_Ref_15,0.079363217,0.08609652,,49.6771183,1.3849566,15.9595242,12.2304434,,0.2283459,7.2156045,11.6377961,2.5895138,0.1707298,0.1312789,14.3664605,3,,11.005132
CI_Ref_MORB_100x100_256s_sp5.CSV,CI_Ref_15_2_100x100_256s_sp5,CI_Ref_15,CI_Ref_15,0.068287646,0.076851618,,49.6771183,1.3849566,15.9595242,12.2304434,,0.2283459,7.2156045,11.6377961,2.5895138,0.1707298,0.1312789,15.1637303,3,,11.005132
CI_Ref_MORB_100x100_256s_sp4.CSV,CI_Ref_18_1_100x100_256s_sp1,CI_Ref_18,CI_Ref_18,0.187572869,0.189759891,,49.6603699,1.3686915,16.0183489,12.40990758,,0.2200803,7.1271544,11.5582611,2.5805356,0.1693407,0.1305955,30.8366745,3,,11.1666165
CI_Ref_MORB_100x100_256s_sp1.CSV,CI_Ref_18_1_100x100_256s_sp2,CI_Ref_18,CI_Ref_18,0.176069813,0.182693794,,49.6603699,1.3686915,16.0183489,12.40990758,,0.2200803,7.1271544,11.5582611,2.5805356,0.1693407,0.1305955,26.6406473,3,,11.1666165
CI_Ref_MORB_100x100_256s_sp4.CSV,CI_Ref_18_1_100x100_256s_sp3,CI_Ref_18,CI_Ref_18,0.159754106,0.166752473,,49.6603699,1.3686915,16.0183489,12.40990758,,0.2200803,7.1271544,11.5582611,2.5805356,0.1693407,0.1305955,30.8721812,3,,11.1666165
CI_Ref_MORB_100x100_256s_sp4.CSV,CI_Ref_18_1_100x100_256s_sp4,CI_Ref_18,CI_Ref_18,0.157185159,0.155376837,,49.6603699,1.3686915,16.0183489,12.40990758,,0.2200803,7.1271544,11.5582611,2.5805356,0.1693407,0.1305955,30.3626284,3,,11.1666165
CI_Ref_MORB_100x100_256s_sp1.CSV,CI_Ref_18_1_100x100_256s_sp5,CI_Ref_18,CI_Ref_18,0.183331686,0.198196978,,49.6603699,1.3686915,16.0183489,12.40990758,,0.2200803,7.1271544,11.5582611,2.5805356,0.1693407,0.1305955,29.2358002,3,,11.1666165
CI_Ref_MORB_100x100_256s_sp4.CSV,CI_Ref_20_1_100x100_256s_sp1,CI_Ref_20,CI_Ref_20,0.144484006,0.147334643,,49.8574034,1.3382351,16.0521227,12.31247907,,0.2311382,7.1164312,11.4785005,2.5254675,0.1805531,0.1412076,20.8514202,3,,11.0789489
CI_Ref_MORB_100x100_256s_sp4.CSV,CI_Ref_20_chip1_100x100_256s_sp1,CI_Ref_20,CI_Ref_20,0.249849607,0.260022207,,49.8574034,1.3382351,16.0521227,12.31247907,,0.2311382,7.1164312,11.4785005,2.5254675,0.1805531,0.1412076,46.0523409,3,,11.0789489
CI_Ref_MORB_100x100_256s_sp4.CSV,CI_Ref_20_chip1_100x100_256s_sp2,CI_Ref_20,CI_Ref_20,0.233991794,0.244617251,,49.8574034,1.3382351,16.0521227,12.31247907,,0.2311382,7.1164312,11.4785005,2.5254675,0.1805531,0.1412076,39.9521679,3,,11.0789489
CI_Ref_MORB_100x100_256s_sp5.CSV,CI_Ref_20_chip1_100x100_256s_sp3,CI_Ref_20,CI_Ref_20,0.248082738,0.254717499,,49.8574034,1.3382351,16.0521227,12.31247907,,0.2311382,7.1164312,11.4785005,2.5254675,0.1805531,0.1412076,40.6019164,3,,11.0789489
CI_Ref_MORB_100x100_256s_sp4.CSV,CI_Ref_20_chip1_100x100_256s_sp4,CI_Ref_20,CI_Ref_20,0.246017402,0.258620096,,49.8574034,1.3382351,16.0521227,12.31247907,,0.2311382,7.1164312,11.4785005,2.5254675,0.1805531,0.1412076,44.1250733,3,,11.0789489
CI_Ref_MORB_100x100_256s_sp5.CSV,CI_Ref_22_1_100x100_256s_sp1,CI_Ref_22,CI_Ref_22,0.132742031,0.135575546,,49.6521597,1.3773494,15.9616135,12.27626928,,0.2134216,7.2135293,11.6743874,2.5824786,0.1672073,0.1114765,30.0039951,3,,11.0463668
CI_Ref_MORB_100x100_256s_sp1.CSV,CI_Ref_22_1_100x100_256s_sp2,CI_Ref_22,CI_Ref_22,0.13946376,0.138834832,,49.6521597,1.3773494,15.9616135,12.27626928,,0.2134216,7.2135293,11.6743874,2.5824786,0.1672073,0.1114765,25.3427487,3,,11.0463668
CI_Ref_MORB_100x100_256s_sp4.CSV,CI_Ref_22_1_100x100_256s_sp3,CI_Ref_22,CI_Ref_22,0.131063895,0.142161172,,49.6521597,1.3773494,15.9616135,12.27626928,,0.2134216,7.2135293,11.6743874,2.5824786,0.1672073,0.1114765,30.1317839,3,,11.0463668
CI_Ref_MORB_100x100_256s_sp4.CSV,CI_Ref_23_1_100x100_256s_060223_sp1,CI_Ref_23,CI_Ref_23,0.25883461,0.276439912,,49.8271701,1.3575527,16.0069911,12.27680506,,0.2228809,7.1380207,11.4751088,2.6170541,0.1688986,0.1394728,54.8574115,3,,11.0468489
CI_Ref_MORB_100x100_256s_sp4.CSV,CI_Ref_23_1_100x100_256s_sp2,CI_Ref_23,CI_Ref_23,0.274355921,0.291793111,,49.8271701,1.3575527,16.0069911,12.27680506,,0.2228809,7.1380207,11.4751088,2.6170541,0.1688986,0.1394728,55.321348,3,,11.0468489
CI_Ref_MORB_100x100_256s_sp5.CSV,CI_Ref_23_1_100x100_256s_040523_sp3,CI_Ref_23,CI_Ref_23,0.134953135,0.135995313,,49.8271701,1.3575527,16.0069911,12.27680506,,0.2228809,7.1380207,11.4751088,2.6170541,0.1688986,0.1394728,19.8212654,3,,11.0468489
CI_Ref_MORB_100x100_256s_sp2.CSV,CI_Ref_23_1_100x100_256s_060223_sp3,CI_Ref_23,CI_Ref_23,0.272249534,0.26964314,,49.8271701,1.3575527,16.0069911,12.27680506,,0.2228809,7.1380207,11.4751088,2.6170541,0.1688986,0.1394728,56.2844363,3,,11.0468489
CI_Ref_MORB_100x100_256s_sp2.CSV,CI_Ref_23_1_100x100_256s_sp4,CI_Ref_23,CI_Ref_23,0.119480057,0.14169519,,49.8271701,1.3575527,16.0069911,12.27680506,,0.2228809,7.1380207,11.4751088,2.6170541,0.1688986,0.1394728,20.2121502,3,,11.0468489
CI_Ref_MORB_100x100_256s_sp5.CSV,CI_Ref_23_1_100x100_256s_sp5,CI_Ref_23,CI_Ref_23,0.088566535,0.081715565,,49.8271701,1.3575527,16.0069911,12.27680506,,0.2228809,7.1380207,11.4751088,2.6170541,0.1688986,0.1394728,16.0331856,3,,11.0468489
CI_Ref_MORB_100x100_256s_sp5.CSV,CI_Ref_24_chip1_100x100_256s_sp3,CI_Ref_24,CI_Ref_24,0.091120901,0.095032435,,49.6080641,1.3777111,15.9938687,12.30176209,,0.2337015,7.0534571,11.7787364,2.5780279,0.1677225,0.139408,35.8820182,3,,11.0693056
CI_Ref_MORB_100x100_256s_sp4.CSV,CI_Ref_24_chip1_100x100_256s_sp4,CI_Ref_24,CI_Ref_24,0.070095969,0.076014921,,49.6080641,1.3777111,15.9938687,12.30176209,,0.2337015,7.0534571,11.7787364,2.5780279,0.1677225,0.139408,37.5886897,3,,11.0693056
CI_Ref_MORB_100x100_256s_sp5.CSV,CI_Ref_24_chip1_100x100_256s_sp5,CI_Ref_24,CI_Ref_24,0.085545208,0.08923538,,49.6080641,1.3777111,15.9938687,12.30176209,,0.2337015,7.0534571,11.7787364,2.5780279,0.1677225,0.139408,34.3845333,3,,11.0693056
CI_Ref_MORB_100x100_256s_sp4.CSV,CI_Ref_24_chip1_100x100_256s_sp6,CI_Ref_24,CI_Ref_24,0.072028185,0.078551406,,49.6080641,1.3777111,15.9938687,12.30176209,,0.2337015,7.0534571,11.7787364,2.5780279,0.1677225,0.139408,35.5600466,3,,11.0693056
CI_Ref_MORB_100x100_256s_sp2.CSV,CI_Ref_25_1_100x100_256s_050923_sp1,CI_Ref_25,CI_Ref_25,0.74592743,0.755022373,,49.1530471,1.4066476,15.8464363,12.33517086,,0.2298048,7.1080685,12.2946486,2.5587375,0.166244,0.1369979,49.1720832,3,,11.0993673
CI_Ref_MORB_100x100_256s_sp2.CSV,CI_Ref_25_1_100x100_256s_051423_sp1,CI_Ref_25,CI_Ref_25,0.511384125,0.514979655,,49.1530471,1.4066476,15.8464363,12.33517086,,0.2298048,7.1080685,12.2946486,2.5587375,0.166244,0.1369979,27.6158146,3,,11.0993673
CI_Ref_MORB_100x100_256s_sp2.CSV,CI_Ref_25_1_100x100_256s_050923_sp2,CI_Ref_25,CI_Ref_25,0.690125106,0.698888425,,49.1530471,1.4066476,15.8464363,12.33517086,,0.2298048,7.1080685,12.2946486,2.5587375,0.166244,0.1369979,42.9339797,3,,11.0993673
CI_Ref_MORB_100x100_256s_sp4.CSV,CI_Ref_25_1_100x100_256s_051423_sp2,CI_Ref_25,CI_Ref_25,0.551736065,0.55737842,,49.1530471,1.4066476,15.8464363,12.33517086,,0.2298048,7.1080685,12.2946486,2.5587375,0.166244,0.1369979,29.7966043,3,,11.0993673
CI_Ref_MORB_100x100_256s_sp4.CSV,CI_Ref_25_1_100x100_256s_sp3,CI_Ref_25,CI_Ref_25,0.292427707,0.29427538,,49.1530471,1.4066476,15.8464363,12.33517086,,0.2298048,7.1080685,12.2946486,2.5587375,0.166244,0.1369979,40.5252117,3,,11.0993673
CI_Ref_MORB_100x100_256s_sp2.CSV,CI_Ref_25_chip1_100x100_256s_sp1,CI_Ref_25,CI_Ref_25,1.447619527,1.464632911,,49.1530471,1.4066476,15.8464363,12.33517086,,0.2298048,7.1080685,12.2946486,2.5587375,0.166244,0.1369979,62.4993514,3,,11.0993673
CI_Ref_MORB_100x100_256s_sp2.CSV,CI_Ref_25_chip1_100x100_256s_sp2,CI_Ref_25,CI_Ref_25,1.453060535,1.470576025,,49.1530471,1.4066476,15.8464363,12.33517086,,0.2298048,7.1080685,12.2946486,2.5587375,0.166244,0.1369979,64.5461265,3,,11.0993673
CI_Ref_MORB_100x100_256s_sp2.CSV,CI_Ref_25_chip1_100x100_256s_sp4,CI_Ref_25,CI_Ref_25,1.129433873,1.141979005,,49.1530471,1.4066476,15.8464363,12.33517086,,0.2298048,7.1080685,12.2946486,2.5587375,0.166244,0.1369979,57.5527815,3,,11.0993673
CI_Ref_MORB_100x100_256s_sp2.CSV,CI_Ref_25_chip1_100x100_256s_sp5,CI_Ref_25,CI_Ref_25,1.185817155,1.195637632,,49.1530471,1.4066476,15.8464363,12.33517086,,0.2298048,7.1080685,12.2946486,2.5587375,0.166244,0.1369979,55.6028995,3,,11.0993673
CI_Ref_MORB_100x100_256s_sp2.CSV,CI_Ref_25_chip1_100x100_256s_sp6,CI_Ref_25,CI_Ref_25,1.366083881,1.381642853,,49.1530471,1.4066476,15.8464363,12.33517086,,0.2298048,7.1080685,12.2946486,2.5587375,0.166244,0.1369979,72.6901674,3,,11.0993673
CI_Ref_MORB_100x100_256s_sp2.CSV,CI_Ref_25_chip1_100x100_256s_sp7,CI_Ref_25,CI_Ref_25,1.308766316,1.32573779,,49.1530471,1.4066476,15.8464363,12.33517086,,0.2298048,7.1080685,12.2946486,2.5587375,0.166244,0.1369979,57.7527259,3,,11.0993673
CI_Ref_MORB_100x100_256s_sp4.CSV,CI_Ref_27_1_100x100_256s_sp1,CI_Ref_27,CI_Ref_27,0.571282372,0.583220161,,49.8819447,1.3910686,15.8588506,12.32280809,,0.2281414,7.1467066,11.5866417,2.5393976,0.1739297,0.1050752,52.9000263,3,,11.0882431
CI_Ref_MORB_100x100_256s_sp2.CSV,CI_Ref_27_chip1_100x100_256s_sp2,CI_Ref_27,CI_Ref_27,0.342379795,0.344223049,,49.8819447,1.3910686,15.8588506,12.32280809,,0.2281414,7.1467066,11.5866417,2.5393976,0.1739297,0.1050752,27.3426256,3,,11.0882431
CI_Ref_MORB_100x100_256s_sp2.CSV,CI_Ref_27_chip1_100x100_256s_sp3,CI_Ref_27,CI_Ref_27,0.22294923,0.224011983,,49.8819447,1.3910686,15.8588506,12.32280809,,0.2281414,7.1467066,11.5866417,2.5393976,0.1739297,0.1050752,24.3169372,3,,11.0882431
CI_Ref_MORB_100x100_256s_sp5.CSV,CI_Ref_27_chip2_100x100_256s_sp1,CI_Ref_27,CI_Ref_27,0.246159524,0.253645007,,49.8819447,1.3910686,15.8588506,12.32280809,,0.2281414,7.1467066,11.5866417,2.5393976,0.1739297,0.1050752,22.2784101,3,,11.0882431
CI_Ref_MORB_100x100_256s_sp4.CSV,CI_Ref_27_chip3_100x100_256s_sp1,CI_Ref_27,CI_Ref_27,0.477069048,0.488902361,,49.8819447,1.3910686,15.8588506,12.32280809,,0.2281414,7.1467066,11.5866417,2.5393976,0.1739297,0.1050752,34.9474885,3,,11.0882431
CI_Ref_MORB_100x100_256s_sp4.CSV,CI_Ref_27_chip3_100x100_256s_sp2,CI_Ref_27,CI_Ref_27,0.394946941,0.405144969,,49.8819447,1.3910686,15.8588506,12.32280809,,0.2281414,7.1467066,11.5866417,2.5393976,0.1739297,0.1050752,35.160301,3,,11.0882431
CI_Ref_MORB_100x100_256s_sp2.CSV,CI_Ref_28_1_100x100_256s_sp1,CI_Ref_28,CI_Ref_28,0.748389346,0.766089342,,49.7051029,1.3574696,16.0240717,12.34315217,,0.210665,7.142192,11.5798208,2.598133,0.1742209,0.1017753,35.2336029,3,,11.106549
CI_Ref_MORB_100x100_256s_sp4.CSV,CI_Ref_28_1_100x100_256s_sp2,CI_Ref_28,CI_Ref_28,0.636155229,0.645717144,,49.7051029,1.3574696,16.0240717,12.34315217,,0.210665,7.142192,11.5798208,2.598133,0.1742209,0.1017753,36.12711,3,,11.106549
CI_Ref_MORB_100x100_256s_sp2.CSV,CI_Ref_28_1_100x100_256s_sp4,CI_Ref_28,CI_Ref_28,0.733254723,0.742194151,,49.7051029,1.3574696,16.0240717,12.34315217,,0.210665,7.142192,11.5798208,2.598133,0.1742209,0.1017753,34.4345641,3,,11.106549
CI_Ref_MORB_100x100_256s_sp2.CSV,CI_Ref_28_2_100x100_256s_sp1,CI_Ref_28,CI_Ref_28,0.669806262,0.675760031,,49.7051029,1.3574696,16.0240717,12.34315217,,0.210665,7.142192,11.5798208,2.598133,0.1742209,0.1017753,36.1268284,3,,11.106549
CI_Ref_MORB_100x100_256s_sp2.CSV,CI_Ref_28_2_100x100_256s_sp2,CI_Ref_28,CI_Ref_28,0.612969062,0.625671244,,49.7051029,1.3574696,16.0240717,12.34315217,,0.210665,7.142192,11.5798208,2.598133,0.1742209,0.1017753,35.2781789,3,,11.106549
CI_Ref_MORB_100x100_256s_sp2.CSV,CI_Ref_4_100x100_256s_sp3,CI_Ref_4,CI_Ref_4,1.280355529,1.301285137,,48.6201184,1.3965428,17.5166361,11.74439596,,0.2341086,7.3766163,11.3961798,2.589512,0.1495028,0.1530036,66.6835598,3,,10.5677794
CI_Ref_MORB_100x100_256s_sp2.CSV,CI_Ref_4_100x100_256s_sp5,CI_Ref_4,CI_Ref_4,1.59144635,1.611554571,,48.6201184,1.3965428,17.5166361,11.74439596,,0.2341086,7.3766163,11.3961798,2.589512,0.1495028,0.1530036,77.6672364,3,,10.5677794
CI_Ref_MORB_100x100_256s_sp4.CSV,CI_Ref_6_1_100x100_256s_040523_sp1,CI_Ref_6,CI_Ref_6,0.544847588,0.54801251,,49.9031937,1.3762566,16.0959279,11.98287808,,0.2001299,7.167902,11.6125197,2.5725313,0.1611113,0.1280525,50.5298423,3,,10.7823691
CI_Ref_MORB_100x100_256s_sp2.CSV,CI_Ref_6_1_100x100_256s_060223_sp1,CI_Ref_6,CI_Ref_6,0.999698187,1.020523672,,49.9031937,1.3762566,16.0959279,11.98287808,,0.2001299,7.167902,11.6125197,2.5725313,0.1611113,0.1280525,92.2126447,3,,10.7823691
CI_Ref_MORB_100x100_256s_sp2.CSV,CI_Ref_6_1_100x100_256s_060223_sp2,CI_Ref_6,CI_Ref_6,1.045683591,1.071665328,,49.9031937,1.3762566,16.0959279,11.98287808,,0.2001299,7.167902,11.6125197,2.5725313,0.1611113,0.1280525,90.6318707,3,,10.7823691
CI_Ref_MORB_100x100_256s_sp4.CSV,CI_Ref_6_2_100x100_256s_040523_sp2,CI_Ref_6,CI_Ref_6,0.580535409,0.595722562,,49.9031937,1.3762566,16.0959279,11.98287808,,0.2001299,7.167902,11.6125197,2.5725313,0.1611113,0.1280525,51.9725269,3,,10.7823691
CI_Ref_MORB_100x100_256s_sp2.CSV,CI_Ref_6_chip1_100x100_256s_sp1,CI_Ref_6,CI_Ref_6,0.589049276,0.60102055,,49.9031937,1.3762566,16.0959279,11.98287808,,0.2001299,7.167902,11.6125197,2.5725313,0.1611113,0.1280525,53.620318,3,,10.7823691
CI_Ref_MORB_100x100_256s_sp4.CSV,CI_Ref_6_chip1_100x100_256s_sp2,CI_Ref_6,CI_Ref_6,0.570273977,0.590187096,,49.9031937,1.3762566,16.0959279,11.98287808,,0.2001299,7.167902,11.6125197,2.5725313,0.1611113,0.1280525,53.9365915,3,,10.7823691
CI_Ref_MORB_100x100_256s_sp2.CSV,CI_Ref_6_chip1_100x100_256s_sp4,CI_Ref_6,CI_Ref_6,0.573350587,0.586570897,,49.9031937,1.3762566,16.0959279,11.98287808,,0.2001299,7.167902,11.6125197,2.5725313,0.1611113,0.1280525,51.2093732,3,,10.7823691
CI_Ref_MORB_100x100_256s_sp2.CSV,CI_Ref_6_chip1_100x100_256s_sp5,CI_Ref_6,CI_Ref_6,0.60516435,0.618103843,,49.9031937,1.3762566,16.0959279,11.98287808,,0.2001299,7.167902,11.6125197,2.5725313,0.1611113,0.1280525,55.3655495,3,,10.7823691
CI_Ref_MORB_100x100_256s_sp4.CSV,CI_Ref_8_1_100x100_256s_sp1,CI_Ref_8,CI_Ref_8,0.853066501,0.869896371,,44.6281565,4.3320653,14.9928971,13.83426405,,0.1891341,5.4010134,11.1523256,4.1809357,1.6980179,0.9771805,50.1394058,3,,12.4482733
CI_Ref_MORB_100x100_256s_sp2.CSV,CI_Ref_8_1_100x100_256s_sp2,CI_Ref_8,CI_Ref_8,0.948736771,0.964979572,,44.6281565,4.3320653,14.9928971,13.83426405,,0.1891341,5.4010134,11.1523256,4.1809357,1.6980179,0.9771805,52.1267694,3,,12.4482733
CI_Ref_MORB_100x100_256s_sp4.CSV,CI_Ref_8_1_100x100_256s_sp3,CI_Ref_8,CI_Ref_8,0.855691105,0.873589576,,44.6281565,4.3320653,14.9928971,13.83426405,,0.1891341,5.4010134,11.1523256,4.1809357,1.6980179,0.9771805,47.7168789,3,,12.4482733
CI_Ref_MORB_100x100_256s_sp2.CSV,CI_Ref_8_1_100x100_256s_sp4,CI_Ref_8,CI_Ref_8,0.958373529,0.970703883,,44.6281565,4.3320653,14.9928971,13.83426405,,0.1891341,5.4010134,11.1523256,4.1809357,1.6980179,0.9771805,52.4051184,3,,12.4482733
CI_Ref_MORB_100x100_256s_sp2.CSV,CI_Ref_8_2_100x100_256s_sp1,CI_Ref_8,CI_Ref_8,1.069921794,1.092881362,,44.6281565,4.3320653,14.9928971,13.83426405,,0.1891341,5.4010134,11.1523256,4.1809357,1.6980179,0.9771805,53.9025442,3,,12.4482733
CI_Ref_MORB_100x100_256s_sp2.CSV,CI_Ref_9_1_100x100_256s_sp1,CI_Ref_9,CI_Ref_9,1.770835959,1.824363124,,44.6778499,4.3224156,14.9567546,14.15450223,,0.1877777,5.525123,10.6238535,4.2367387,1.6976381,1.0354198,97.9056266,3,,12.7364283
CI_Ref_MORB_100x100_256s_sp2.CSV,CI_Ref_9_1_100x100_256s_sp4,CI_Ref_9,CI_Ref_9,1.68782898,1.734480208,,44.6778499,4.3224156,14.9567546,14.15450223,,0.1877777,5.525123,10.6238535,4.2367387,1.6976381,1.0354198,97.9056266,3,,12.7364283
ND70_degassed_100x100_033123_sp4.CSV,ND70-5-2_200x200um_apt_156 scans_Large_Chip_map0001,ND70-5,ND70-5-2,1.18911201,1.252339158,,44.01,0.64,12.62,6.88,0,0.11,8.22,13.16,2.12,0.18,0.08,36.5,3,,
ND70_degassed_100x100_033123_sp1.CSV,ND70-5-2_200x200um_apt_156 scans_Large_Chip_map0002,ND70-5,ND70-5-2,1.135964785,1.212858389,,44.01,0.64,12.62,6.88,0,0.11,8.22,13.16,2.12,0.18,0.08,36.6,3,,
ND70_degassed_100x100_033123_sp4.CSV,ND70-5-2_200x200um_apt_156 scans_Large_Chip_map0003,ND70-5,ND70-5-2,1.410140559,1.493843694,,44.01,0.64,12.62,6.88,0,0.11,8.22,13.16,2.12,0.18,0.08,36.5,3,,
ND70_degassed_100x100_033123_sp1.CSV,ND70-5-2_200x200um_apt_156 scans_Large_Chip_map0004,ND70-5,ND70-5-2,1.428912806,1.521295949,,44.01,0.64,12.62,6.88,0,0.11,8.22,13.16,2.12,0.18,0.08,37.6,3,,
ND70_degassed_100x100_033123_sp1.CSV,ND70-6-2_50x50um_apt_156 scans_Chip1_map0001,ND70-6,ND70-6-2,1.696458631,1.699832231,,44.01,0.64,12.62,6.88,0,0.11,8.22,13.16,2.12,0.18,0.08,55.9,3,,
ND70_degassed_100x100_033123_sp1.CSV,ND70-6-2_50x50um_apt_156 scans_Chip1_map0002,ND70-6,ND70-6-2,1.632420692,1.62734593,,46.39,0.66,13.38,7.71,0,0.12,8.02,13.35,2.38,0.15,0.07,48.5,3,,
ND70_degassed_100x100_033123_sp1.CSV,ND70-6-2_50x50um_apt_156 scans_Chip1_map0003,ND70-6,ND70-6-2,1.67577756,1.686331948,,46.39,0.66,13.38,7.71,0,0.12,8.02,13.35,2.38,0.15,0.07,46.4,3,,
ND70_degassed_100x100_033123_sp1.CSV,ND70-6-2_50x50um_apt_156 scans_Chip1_map0004,ND70-6,ND70-6-2,1.691927306,1.686327589,,46.39,0.66,13.38,7.71,0,0.12,8.02,13.35,2.38,0.15,0.07,46,3,,
ND70_degassed_100x100_033123_sp1.CSV,ND70-6-2_50x50um_apt_156 scans_Chip1_map0005,ND70-6,ND70-6-2,1.535807534,1.550096102,,46.39,0.66,13.38,7.71,0,0.12,8.02,13.35,2.38,0.15,0.07,46,3,,
ND70_degassed_100x100_033123_sp1.CSV,ND70-6-2_50x50um_apt_156 scans_Chip2_map_actual_focusedProperly0002,ND70-6,ND70-6-2,1.601552287,1.552835429,,44.01,0.64,12.62,6.88,0,0.11,8.22,13.16,2.12,0.18,0.08,34.1,3,,
ND70_degassed_100x100_033123_sp1.CSV,ND70-6-2_50x50um_apt_156 scans_Chip2_map_actual_focusedProperly0003,ND70-6,ND70-6-2,1.62827407,1.590614243,,44.01,0.64,12.62,6.88,0,0.11,8.22,13.16,2.12,0.18,0.08,30.2,3,,
ND70_degassed_06032022_150x150_sp2.CSV,ND70-6-2_50x50um_apt_156 scans_Chip2_map_actual_focusedProperly0004,ND70-6,ND70-6-2,1.670308149,1.635867343,,44.01,0.64,12.62,6.88,0,0.11,8.22,13.16,2.12,0.18,0.08,31.8,3,,
ND70_degassed_100x100_033123_sp1.CSV,ND70-6-2_50x50um_apt_156 scans_Chip2_map_actual_focusedProperly0005,ND70-6,ND70-6-2,1.519052216,1.475343704,,44.01,0.64,12.62,6.88,0,0.11,8.22,13.16,2.12,0.18,0.08,30,3,,
ND70_degassed_100x100_033123_sp1.CSV,ND70-6-2_50x50um_apt_156 scans_Chip2_map_actual_focusedProperly0006,ND70-6,ND70-6-2,1.408761511,1.398089507,,44.01,0.64,12.62,6.88,0,0.11,8.22,13.16,2.12,0.18,0.08,31.3,3,,
ND70_degassed_100x100_033123_sp1.CSV,ND70-6-2_50x50um_apt_156 scans_Chip2_map_actual_focusedProperly0007,ND70-6,ND70-6-2,1.260990212,1.230485606,,44.01,0.64,12.62,6.88,0,0.11,8.22,13.16,2.12,0.18,0.08,31.3,3,,
ND70_degassed_100x100_033123_sp1.CSV,ND70-6-2_50x50um_apt_156 scans_Chip2_map_actual_focusedProperly0008,ND70-6,ND70-6-2,1.29925725,1.271487715,,44.01,0.64,12.62,6.88,0,0.11,8.22,13.16,2.12,0.18,0.08,31.3,3,,
ND70_degassed_100x100_033123_sp1.CSV,ND70-6-2_50x50um_apt_156 scans_Chip2_map_actual_focusedProperly0009,ND70-6,ND70-6-2,1.353161482,1.334372445,,44.01,0.64,12.62,6.88,0,0.11,8.22,13.16,2.12,0.18,0.08,31.3,3,,
ND70_degassed_06032022_150x150_sp2.CSV,ND70-6-2_50x50um_apt_156 scans_Chip2_map_actual_focusedProperly0010,ND70-6,ND70-6-2,1.469601193,1.453670831,,44.01,0.64,12.62,6.88,0,0.11,8.22,13.16,2.12,0.18,0.08,31.3,3,,
ND70_degassed_100x100_033123_sp1.CSV,ND70-6-2_50x50um_apt_156 scans_Chip2_map_actual_focusedProperly0011,ND70-6,ND70-6-2,1.612185805,1.576484044,,44.01,0.64,12.62,6.88,0,0.11,8.22,13.16,2.12,0.18,0.08,31.3,3,,
ND70_degassed_100x100_033123_sp1.CSV,ND70-6-2_50x50um_apt_156 scans_Chip2_map_actual_focusedProperly0012,ND70-6,ND70-6-2,1.636134688,1.595449929,,44.01,0.64,12.62,6.88,0,0.11,8.22,13.16,2.12,0.18,0.08,31.3,3,,
ND70_degassed_06032022_150x150_sp2.CSV,ND70-6-2_50x50um_apt_156 scans_Chip2_map_actual_focusedProperly0013,ND70-6,ND70-6-2,1.671419895,1.6446957,,44.01,0.64,12.62,6.88,0,0.11,8.22,13.16,2.12,0.18,0.08,31.3,3,,
ND70_degassed_100x100_033123_sp1.CSV,ND70-6-2_50x50um_apt_156 scans_Chip2_map_actual_focusedProperly0014,ND70-6,ND70-6-2,1.533762057,1.506282533,,44.01,0.64,12.62,6.88,0,0.11,8.22,13.16,2.12,0.18,0.08,31.3,3,,
ND70_degassed_100x100_033123_sp3.CSV,ND70_02-01_30June2022_150x150_sp1,ND70-2,ND70-2-1,0.082244294,0.093566835,,47.93,0.76,15.67,8.97,0,0.16,8.58,12.76,2.19,0.17,0.08,23.3,3,,
ND70_degassed_100x100_033123_sp1.CSV,ND70_02-01_30June2022_150x150_sp2,ND70-2,ND70-2-1,0.090887084,0.097848416,,47.93,0.76,15.67,8.97,0,0.16,8.58,12.76,2.19,0.17,0.08,23.3,3,,
ND70_degassed_100x100_033123_sp4.CSV,ND70_02-01_30June2022_150x150_sp3,ND70-2,ND70-2-1,0.061420589,0.06672784,,47.93,0.76,15.67,8.97,0,0.16,8.58,12.76,2.19,0.17,0.08,26.6,3,,
ND70_degassed_100x100_033123_sp1.CSV,ND70_02-01_30June2022_150x150_sp4,ND70-2,ND70-2-1,0.094955211,0.105327332,,47.93,0.76,15.67,8.97,0,0.16,8.58,12.76,2.19,0.17,0.08,23.3,3,,
ND70_degassed_100x100_033123_sp1.CSV,ND70_02_01_06032022_150x150_sp1,ND70-2,ND70-2-1,0.316455906,0.362817312,,47.93,0.76,15.67,8.97,0,0.16,8.58,12.76,2.19,0.17,0.08,119.5,3,,
ND70_degassed_100x100_033123_sp1.CSV,ND70_02_01_06032022_150x150_sp2,ND70-2,ND70-2-1,0.288433199,0.333362993,,47.93,0.76,15.67,8.97,0,0.16,8.58,12.76,2.19,0.17,0.08,119.5,3,,
ND70_degassed_100x100_033123_sp1.CSV,ND70_02_01_06032022_150x150_sp3,ND70-2,ND70-2-1,0.281350617,0.328214452,,47.93,0.76,15.67,8.97,0,0.16,8.58,12.76,2.19,0.17,0.08,119.5,3,,
ND70_degassed_100x100_033123_sp1.CSV,ND70_03-01_30June2022_150x150_sp1,ND70-3,ND70-3-1,0.12695089,0.141618387,,47.32,0.78,15.31,9.01,0,0.15,8.69,12.88,2.12,0.16,0.08,30,3,,
ND70_degassed_100x100_033123_sp1.CSV,ND70_03-01_30June2022_150x150_sp2,ND70-3,ND70-3-1,0.127281421,0.141806731,,47.32,0.78,15.31,9.01,0,0.15,8.69,12.88,2.12,0.16,0.08,26.6,3,,
ND70_degassed_100x100_033123_sp3.CSV,ND70_03-01_30June2022_150x150_sp3,ND70-3,ND70-3-1,0.140806098,0.157009582,,47.32,0.78,15.31,9.01,0,0.15,8.69,12.88,2.12,0.16,0.08,26.6,3,,
ND70_degassed_100x100_033123_sp2.CSV,ND70_03-01_30June2022_150x150_sp4,ND70-3,ND70-3-1,0.124916181,0.143899934,,47.54,0.76,15.26,8.54,0,0.16,8.32,12.43,2.22,0.16,0.07,23.3,3,,
ND70_degassed_06032022_150x150_sp1.CSV,ND70_03_01_06032022_150x150_sp1,ND70-3,ND70-3-1,0.477138263,0.538978056,,47.32,0.78,15.31,9.01,0,0.15,8.69,12.88,2.12,0.16,0.08,112.3,3,,
ND70_degassed_100x100_033123_sp1.CSV,ND70_03_01_06032022_150x150_sp2,ND70-3,ND70-3-1,0.445742164,0.512862021,,47.32,0.78,15.31,9.01,0,0.15,8.69,12.88,2.12,0.16,0.08,112.3,3,,
ND70_degassed_06032022_150x150_sp2.CSV,ND70_03_01_06032022_150x150_sp3,ND70-3,ND70-3-1,0.467781615,0.531831336,,47.32,0.78,15.31,9.01,0,0.15,8.69,12.88,2.12,0.16,0.08,112.3,3,,
ND70_degassed_100x100_033123_sp1.CSV,ND70_04_02_06032022_150x150_sp1,ND70-4,ND70-4-2,0.768965086,0.832341343,,47.54,0.76,15.26,8.54,0,0.16,8.32,12.43,2.22,0.16,0.07,115.2,3,,
ND70_degassed_06032022_150x150_sp2.CSV,ND70_04_02_06032022_150x150_sp2,ND70-4,ND70-4-2,0.876144604,0.957051591,,47.54,0.76,15.26,8.54,0,0.16,8.32,12.43,2.22,0.16,0.07,115.2,3,,
ND70_degassed_100x100_033123_sp1.CSV,ND70_04_02_06032022_150x150_sp3,ND70-4,ND70-4-2,0.89308961,0.973780502,,47.54,0.76,15.26,8.54,0,0.16,8.32,12.43,2.22,0.16,0.07,115.2,3,,
ND70_degassed_100x100_033123_sp3.CSV,ND70_0503_29June2022_100x60_256s_sp1,ND70-5,ND70-5-3,0.039806981,0.059621215,,46.39,0.66,13.38,7.71,0,0.12,8.02,13.35,2.38,0.15,0.07,58.5,3,,
ND70_degassed_06032022_150x150_sp2.CSV,ND70_0503_29June2022_95x80_256s_sp2,ND70-5,ND70-5-3,0.059677104,0.083576015,,46.39,0.66,13.38,7.71,0,0.12,8.02,13.35,2.38,0.15,0.07,58.5,3,,
ND70_degassed_100x100_033123_sp4.CSV,ND70_05_02_06032022_150x150_sp1,ND70-5,ND70-5-2,3.024568165,3.167980491,,46.39,0.66,13.38,7.71,0,0.12,8.02,13.35,2.38,0.15,0.07,151.5,3,,
ND70_degassed_100x100_033123_sp1.CSV,ND70_05_02_06032022_150x150_sp2,ND70-5,ND70-5-2,2.100784131,2.181843153,,46.39,0.66,13.38,7.71,0,0.12,8.02,13.35,2.38,0.15,0.07,151.5,3,,
ND70_degassed_100x100_033123_sp1.CSV,ND70_05_02_06032022_150x150_sp3,ND70-5,ND70-5-2,1.709614428,1.793617498,,46.39,0.66,13.38,7.71,0,0.12,8.02,13.35,2.38,0.15,0.07,151.5,3,,
ND70_degassed_100x100_033123_sp1.CSV,ND70_05_03_06032022_150x50_sp1,ND70-5,ND70-5-3,0.076555367,0.112508158,,46.39,0.66,13.38,7.71,0,0.12,8.02,13.35,2.38,0.15,0.07,58.5,3,,
ND70_degassed_06032022_150x150_sp2.CSV,ND70_05_03_06032022_200x50_sp2,ND70-5,ND70-5-3,0.081667316,0.115651145,,46.39,0.66,13.38,7.71,0,0.12,8.02,13.35,2.38,0.15,0.07,58.5,3,,
ND70_degassed_100x100_033123_sp4.CSV,ND70_05_03_06032022_80x100_sp3,ND70-5,ND70-5-3,0.049146845,0.064108223,,46.39,0.66,13.38,7.71,0,0.12,8.02,13.35,2.38,0.15,0.07,58.5,3,,
ND70_degassed_100x100_033123_sp4.CSV,ND70_06_02_75um,ND70-6,ND70-6-2,0.970174595,0.926583218,,44.01,0.64,12.62,6.88,0,0.11,8.22,13.16,2.12,0.18,0.08,75,3,,
ND70_degassed_100x100_033123_sp4.CSV,ND70_4-2_150x150_08042022_sp1,ND70-4,ND70-4-2,0.424989917,0.452749606,,47.54,0.76,15.26,8.54,0,0.16,8.32,12.43,2.22,0.16,0.07,46,3,,
ND70_degassed_100x100_033123_sp4.CSV,ND70_4-2_150x150_08042022_sp2,ND70-4,ND70-4-2,0.470601059,0.502927987,,47.54,0.76,15.26,8.54,0,0.16,8.32,12.43,2.22,0.16,0.07,46,3,,
ND70_degassed_06032022_150x150_sp1.CSV,ND70_4_2_150x150_29June2022_256s_sp1,ND70-4,ND70-4-2,0.42156086,0.458242703,,47.54,0.76,15.26,8.54,0,0.16,8.32,12.43,2.22,0.16,0.07,46.6,3,,
ND70_degassed_100x100_033123_sp4.CSV,ND70_4_2_150x150_29June2022_256s_sp2,ND70-4,ND70-4-2,0.426015791,0.454666029,,47.54,0.76,15.26,8.54,0,0.16,8.32,12.43,2.22,0.16,0.07,43.3,3,,
ND70_degassed_100x100_033123_sp4.CSV,ND70_4_2_150x150_29June2022_256s_sp3,ND70-4,ND70-4-2,0.402861672,0.42791708,,47.54,0.76,15.26,8.54,0,0.16,8.32,12.43,2.22,0.16,0.07,40,3,,
ND70_degassed_100x100_033123_sp4.CSV,ND70_5_2_29June2022_150x150_256s_sp1,ND70-5,ND70-5-2,1.338497622,1.409324683,,46.39,0.66,13.38,7.71,0,0.12,8.02,13.35,2.38,0.15,0.07,36.6,3,,
ND70_degassed_100x100_033123_sp4.CSV,ND70_5_2_29June2022_150x150_sp2,ND70-5,ND70-5-2,1.45593338,1.535004638,,46.39,0.66,13.38,7.71,0,0.12,8.02,13.35,2.38,0.15,0.07,33.3,3,,
ND70_degassed_100x100_033123_sp1.CSV,ND70_5_2_29June2022_150x150_sp3,ND70-5,ND70-5-2,1.400676483,1.481716477,,46.39,0.66,13.38,7.71,0,0.12,8.02,13.35,2.38,0.15,0.07,43.3,3,,
ND70_degassed_100x100_033123_sp1.CSV,ND70_6-2_08042022_150x150_sp1,ND70-6,ND70-6-2,1.264875048,1.208349893,,44.01,0.64,12.62,6.88,0,0.11,8.22,13.16,2.12,0.18,0.08,25,3,,
ND70_degassed_100x100_033123_sp1.CSV,ND70_6-2_08042022_150x150_sp2,ND70-6,ND70-6-2,1.346202875,1.281057911,,44.01,0.64,12.62,6.88,0,0.11,8.22,13.16,2.12,0.18,0.08,25,3,,
ND70_degassed_100x100_033123_sp1.CSV,ND70_6-2_08042022_150x150_sp3,ND70-6,ND70-6-2,1.352273079,1.283832487,,44.01,0.64,12.62,6.88,0,0.11,8.22,13.16,2.12,0.18,0.08,25,3,,
ND70_degassed_100x100_033123_sp1.CSV,ND70_6_2_chip3_100x100_256s_sp1,ND70-6,ND70-6-2,0.983084884,0.924794055,,44.01,0.64,12.62,6.88,0,0.11,8.22,13.16,2.12,0.18,0.08,25,3,,
ND70_degassed_100x100_033123_sp2.CSV,ND70_6_2_chip3_100x100_256s_sp2,ND70-6,ND70-6-2,0.966439315,0.914307714,,44.01,0.64,12.62,6.88,0,0.11,8.22,13.16,2.12,0.18,0.08,26.7,3,,
ND70_degassed_100x100_033123_sp2.CSV,ND70_6_2_chip4_100x100_256s_sp1,ND70-6,ND70-6-2,0.59849105,0.561405655,,44.01,0.64,12.62,6.88,0,0.11,8.22,13.16,2.12,0.18,0.08,13.3,3,,
ND70_degassed_100x100_033123_sp1.CSV,ND70_6_2_chip5_100x100_256s_sp1,ND70-6,ND70-6-2,0.989839571,0.937049385,,44.01,0.64,12.62,6.88,0,0.11,8.22,13.16,2.12,0.18,0.08,24.2,3,,