Sample,SiO2,TiO2,Al2O3,Fe2O3,FeO,MnO,MgO,CaO,Na2O,K2O,P2O5,Thickness,Sigma_Thickness
21ALV1846-9_44x44_s1_EP_103um,49.67,0.57,17.45,,7.03,0.16,6.95,13.46,2.07,0.71,0.13,103.00,3
21ALV1846-9_44x44_s2_EP_103um,49.67,0.57,17.45,,7.03,0.16,6.95,13.46,2.07,0.71,0.13,103.00,3
21ALV1846-9_44x44_s3_EP_103um,49.67,0.57,17.45,,7.03,0.16,6.95,13.46,2.07,0.71,0.13,103.00,3
23WOK5-4_44x44_s1_EP_147um,50.88,1.27,17.22,,8.11,0.15,7.57,10.74,3.15,0.19,0.16,147.00,3
23WOK5-4_44x44_s2_EP_147um,50.88,1.27,17.22,,8.11,0.15,7.57,10.74,3.15,0.19,0.16,147.00,3
23WOK5-4_44x44_s3_EP_147um,50.88,1.27,17.22,,8.11,0.15,7.57,10.74,3.15,0.19,0.16,147.00,3
ALV1833-11_44x44_s1_EP_108um,51.13,1.04,17.16,,7.55,0.15,7.55,11.92,2.86,0.25,0.18,108.00,3
ALV1833-11_44x44_s2_EP_108um,51.13,1.04,17.16,,7.55,0.15,7.55,11.92,2.86,0.25,0.18,108.00,3
ALV1833-11_44x44_s3_EP_108um,51.13,1.04,17.16,,7.55,0.15,7.55,11.92,2.86,0.25,0.18,108.00,3
BF73_1_RA,51.34,0.96,14.78,,11.92,0.2,6.77,11.61,2.29,0.31,,74.80,3
BF73_2_RA,51.34,0.96,14.78,,11.92,0.2,6.77,11.61,2.29,0.31,,74.80,3
BF73_3_RA,51.34,0.96,14.78,,11.92,0.2,6.77,11.61,2.29,0.31,,74.80,3
BF73_100x100_051823_sp1,51.34,0.96,14.78,,11.92,0.2,6.77,11.61,2.29,0.31,,191.70,3
BF73_100x100_051823_sp2,51.34,0.96,14.78,,11.92,0.2,6.77,11.61,2.29,0.31,,191.70,3
BF73_100x100_051823_sp3,51.34,0.96,14.78,,11.92,0.2,6.77,11.61,2.29,0.31,,191.70,3
BF76_1_RA,51.34,0.96,14.78,,11.92,0.2,6.77,11.61,2.29,0.31,,77.00,3
BF76_2_RA,51.34,0.96,14.78,,11.92,0.2,6.77,11.61,2.29,0.31,,77.00,3
BF76_3_RA,51.34,0.96,14.78,,11.92,0.2,6.77,11.61,2.29,0.31,,77.00,3
BF76_100x100_051823_sp1,51.34,0.96,14.78,,11.92,0.2,6.77,11.61,2.29,0.31,,140.70,3
BF76_100x100_051823_sp2,51.34,0.96,14.78,,11.92,0.2,6.77,11.61,2.29,0.31,,140.70,3
BF76_100x50_051823_sp3,51.34,0.96,14.78,,11.92,0.2,6.77,11.61,2.29,0.31,,140.70,3
BF77_1_RA,51.34,0.96,14.78,,11.92,0.2,6.77,11.61,2.29,0.31,,75.40,3
BF77_2_RA,51.34,0.96,14.78,,11.92,0.2,6.77,11.61,2.29,0.31,,75.40,3
BF77_3_RA,51.34,0.96,14.78,,11.92,0.2,6.77,11.61,2.29,0.31,,75.40,3
BF77_50x50_051823_sp1,51.34,0.96,14.78,,11.92,0.2,6.77,11.61,2.29,0.31,,62.00,3
BF77_50x50_051823_sp2,51.34,0.96,14.78,,11.92,0.2,6.77,11.61,2.29,0.31,,62.00,3
BF77_50x50_051823_sp3,51.34,0.96,14.78,,11.92,0.2,6.77,11.61,2.29,0.31,,62.00,3
CD33_12-2-2_VG9764_44x44_s1_EP_105um,50.8,1.68,14.02,,12.14,0.22,6.75,11.01,2.56,0.09,0.12,105.00,3
CD33_12-2-2_VG9764_44x44_s2_EP_105um,50.8,1.68,14.02,,12.14,0.22,6.75,11.01,2.56,0.09,0.12,105.00,3
CD33_12-2-2_VG9764_44x44_s3_EP_105um,50.8,1.68,14.02,,12.14,0.22,6.75,11.01,2.56,0.09,0.12,105.00,3
CD33_22-1-1_VG9812_44x44_s1_EP_73um,51.3,1.01,14.87,,9.53,0.17,7.72,12.32,2.12,0.07,0.07,73.00,3
CD33_22-1-1_VG9812_44x44_s2_EP_73um,51.3,1.01,14.87,,9.53,0.17,7.72,12.32,2.12,0.07,0.07,73.00,3
CD33_22-1-1_VG9812_44x44_s3_EP_73um,51.3,1.01,14.87,,9.53,0.17,7.72,12.32,2.12,0.07,0.07,73.00,3
CI_ETNA_4_1_1_100x100_256s_sp3,48,1.7,17.4,11.45,,0,5.8,10.9,3.5,2,0.5,101.00,3
CI_ETNA_4_1_1_50x50_256s_sp5,48,1.7,17.4,11.45,,0,5.8,10.9,3.5,2,0.5,102.00,3
CI_IPGP_B6_1_50x50_256s_sp1,49.83714986,2.15885728,11.88991015,13.07004101,,0.17393869,11.67372549,9.9216668,1.98259269,0.38627376,0.21527325,46.00,3
CI_IPGP_B6_1_50x50_256s_sp2,49.83714986,2.15885728,11.88991015,13.07004101,,0.17393869,11.67372549,9.9216668,1.98259269,0.38627376,0.21527325,46.00,3
CI_IPGP_B6_2_50x50_256s_sp1,49.83714986,2.15885728,11.88991015,13.07004101,,0.17393869,11.67372549,9.9216668,1.98259269,0.38627376,0.21527325,26.00,3
CI_IPGP_NBO_2_2_1_100x100_256s_sp1,51.6,2.5,13.5,12.11,,0,7.6,11.3,2.2,0.5,0,,3
CI_LMT_BA5_2_50x50x_256s_sp1,52.9145946,1.8435111,13.5351786,9.052395854,,0,7.7224199,11.617468,2.7147845,1.4115118,0.0950532,60.50,3
CI_LMT_BA17_3_50x50_256s_sp1,53.0311598,1.846054,13.5644436,9.065487884,,0,7.6493883,11.5180054,2.7217225,1.41651,0.0954578,37.20,3
CI_LMT_BA17_4_50x50_256s_sp1,53.0311598,1.846054,13.5644436,9.065487884,,0,7.6493883,11.5180054,2.7217225,1.41651,0.0954578,32.80,3
CI_Ref_4_100x100_256s_sp3,48.6201184,1.3965428,17.5166361,11.74439596,,0.2341086,7.3766163,11.3961798,2.589512,0.1495028,0.1530036,66.70,3
CI_Ref_4_100x100_256s_sp5,48.6201184,1.3965428,17.5166361,11.74439596,,0.2341086,7.3766163,11.3961798,2.589512,0.1495028,0.1530036,77.70,3
CI_Ref_6_1_100x100_256s_040523_sp1,49.9031937,1.3762566,16.0959279,11.98287808,,0.2001299,7.167902,11.6125197,2.5725313,0.1611113,0.1280525,51.00,3
CI_Ref_6_1_100x100_256s_060223_sp1,49.9031937,1.3762566,16.0959279,11.98287808,,0.2001299,7.167902,11.6125197,2.5725313,0.1611113,0.1280525,92.00,3
CI_Ref_6_1_100x100_256s_040523_sp2,49.9031937,1.3762566,16.0959279,11.98287808,,0.2001299,7.167902,11.6125197,2.5725313,0.1611113,0.1280525,52.00,3
CI_Ref_6_1_100x100_256s_060223_sp2,49.9031937,1.3762566,16.0959279,11.98287808,,0.2001299,7.167902,11.6125197,2.5725313,0.1611113,0.1280525,91.00,3
CI_Ref_6_2_100x100_256s_sp2,49.9031937,1.3762566,16.0959279,11.98287808,,0.2001299,7.167902,11.6125197,2.5725313,0.1611113,0.1280525,52.00,3
CI_Ref_6_chip1_100x100_256s_sp1,49.9031937,1.3762566,16.0959279,11.98287808,,0.2001299,7.167902,11.6125197,2.5725313,0.1611113,0.1280525,53.60,3
CI_Ref_6_chip1_100x100_256s_sp2,49.9031937,1.3762566,16.0959279,11.98287808,,0.2001299,7.167902,11.6125197,2.5725313,0.1611113,0.1280525,53.90,3
CI_Ref_6_chip1_100x100_256s_sp4,49.9031937,1.3762566,16.0959279,11.98287808,,0.2001299,7.167902,11.6125197,2.5725313,0.1611113,0.1280525,51.20,3
CI_Ref_6_chip1_100x100_256s_sp5,49.9031937,1.3762566,16.0959279,11.98287808,,0.2001299,7.167902,11.6125197,2.5725313,0.1611113,0.1280525,55.40,3
CI_Ref_8_1_100x100_256s_sp1,44.6281565,4.3320653,14.9928971,13.83426405,,0.1891341,5.4010134,11.1523256,4.1809357,1.6980179,0.9771805,50.00,3
CI_Ref_8_1_100x100_256s_sp2,44.6281565,4.3320653,14.9928971,13.83426405,,0.1891341,5.4010134,11.1523256,4.1809357,1.6980179,0.9771805,52.00,3
CI_Ref_8_1_100x100_256s_sp3,44.6281565,4.3320653,14.9928971,13.83426405,,0.1891341,5.4010134,11.1523256,4.1809357,1.6980179,0.9771805,48.00,3
CI_Ref_8_1_100x100_256s_sp4,44.6281565,4.3320653,14.9928971,13.83426405,,0.1891341,5.4010134,11.1523256,4.1809357,1.6980179,0.9771805,52.00,3
CI_Ref_8_2_100x100_256s_sp1,44.6281565,4.3320653,14.9928971,13.83426405,,0.1891341,5.4010134,11.1523256,4.1809357,1.6980179,0.9771805,54.00,3
CI_Ref_9_1_100x100_256s_sp1,44.6778499,4.3224156,14.9567546,14.15450223,,0.1877777,5.525123,10.6238535,4.2367387,1.6976381,1.0354198,98.00,3
CI_Ref_9_1_100x100_256s_sp4,44.6778499,4.3224156,14.9567546,14.15450223,,0.1877777,5.525123,10.6238535,4.2367387,1.6976381,1.0354198,98.00,3
CI_Ref_10_1_100x100_256s_sp1,49.0197523,1.3777951,15.8967528,12.1220703,,0.2232752,7.141938,12.5457893,2.5758112,0.1685026,0.1427657,49.00,3
CI_Ref_10_1_100x100_256s_040523_sp2,49.0197523,1.3777951,15.8967528,12.1220703,,0.2232752,7.141938,12.5457893,2.5758112,0.1685026,0.1427657,32.00,3
CI_Ref_10_1_100x100_256s_060223_sp2,49.0197523,1.3777951,15.8967528,12.1220703,,0.2232752,7.141938,12.5457893,2.5758112,0.1685026,0.1427657,51.00,3
CI_Ref_10_1_100x100_256s_sp3,49.0197523,1.3777951,15.8967528,12.1220703,,0.2232752,7.141938,12.5457893,2.5758112,0.1685026,0.1427657,31.00,3
CI_Ref_10_1_100x100_256s_sp5,49.0197523,1.3777951,15.8967528,12.1220703,,0.2232752,7.141938,12.5457893,2.5758112,0.1685026,0.1427657,31.00,3
CI_Ref_10_chip1_100x100_256s_sp1,49.0197523,1.3777951,15.8967528,12.1220703,,0.2232752,7.141938,12.5457893,2.5758112,0.1685026,0.1427657,117.60,3
CI_Ref_10_chip1_100x100_256s_sp2,49.0197523,1.3777951,15.8967528,12.1220703,,0.2232752,7.141938,12.5457893,2.5758112,0.1685026,0.1427657,117.80,3
CI_Ref_10_chip1_100x100_256s_sp3,49.0197523,1.3777951,15.8967528,12.1220703,,0.2232752,7.141938,12.5457893,2.5758112,0.1685026,0.1427657,117.90,3
CI_Ref_10_chip1_100x100_256s_sp4,49.0197523,1.3777951,15.8967528,12.1220703,,0.2232752,7.141938,12.5457893,2.5758112,0.1685026,0.1427657,120.50,3
CI_Ref_10_chip1_100x100_256s_sp5,49.0197523,1.3777951,15.8967528,12.1220703,,0.2232752,7.141938,12.5457893,2.5758112,0.1685026,0.1427657,115.80,3
CI_Ref_11_1_100x100_256s_sp1,49.7694919,1.4089363,16.0174792,12.41000682,,0.2315355,7.1169078,11.5102041,2.49063,0.1723483,0.1157638,25.00,3
CI_Ref_11_1_100x100_256s_sp2,49.7694919,1.4089363,16.0174792,12.41000682,,0.2315355,7.1169078,11.5102041,2.49063,0.1723483,0.1157638,25.00,3
CI_Ref_11_1_100x100_256s_sp3,49.7694919,1.4089363,16.0174792,12.41000682,,0.2315355,7.1169078,11.5102041,2.49063,0.1723483,0.1157638,27.00,3
CI_Ref_11_1_100x100_256s_sp4,49.7694919,1.4089363,16.0174792,12.41000682,,0.2315355,7.1169078,11.5102041,2.49063,0.1723483,0.1157638,28.00,3
CI_Ref_13_1_100x100_256s_sp1,49.5781431,1.3796363,16.0768068,12.20678997,,0.2215365,7.1790042,11.7093934,2.569895,0.1699452,0.1317906,22.20,3
CI_Ref_13_1_100x100_256s_sp2,49.5781431,1.3796363,16.0768068,12.20678997,,0.2215365,7.1790042,11.7093934,2.569895,0.1699452,0.1317906,18.50,3
CI_Ref_13_1_100x100_256s_sp3,49.5781431,1.3796363,16.0768068,12.20678997,,0.2215365,7.1790042,11.7093934,2.569895,0.1699452,0.1317906,22.50,3
CI_Ref_13_1_100x100_256s_sp4,49.5781431,1.3796363,16.0768068,12.20678997,,0.2215365,7.1790042,11.7093934,2.569895,0.1699452,0.1317906,22.50,3
CI_Ref_14_1_100x100_256s_sp2,49.6806036,1.4130968,15.989369,12.31062335,,0.2253224,7.1614792,11.5998783,2.5239119,0.1792262,0.1498381,28.00,3
CI_Ref_14_1_100x100_256s_sp3,49.6806036,1.4130968,15.989369,12.31062335,,0.2253224,7.1614792,11.5998783,2.5239119,0.1792262,0.1498381,27.00,3
CI_Ref_15_2_100x100_256s_sp1,49.6771183,1.3849566,15.9595242,12.2304434,,0.2283459,7.2156045,11.6377961,2.5895138,0.1707298,0.1312789,15.00,3
CI_Ref_15_2_100x100_256s_sp2,49.6771183,1.3849566,15.9595242,12.2304434,,0.2283459,7.2156045,11.6377961,2.5895138,0.1707298,0.1312789,14.00,3
CI_Ref_15_2_100x100_256s_sp5,49.6771183,1.3849566,15.9595242,12.2304434,,0.2283459,7.2156045,11.6377961,2.5895138,0.1707298,0.1312789,15.00,3
CI_Ref_18_1_100x100_256s_sp1,49.6603699,1.3686915,16.0183489,12.40990758,,0.2200803,7.1271544,11.5582611,2.5805356,0.1693407,0.1305955,31.00,3
CI_Ref_18_1_100x100_256s_sp2,49.6603699,1.3686915,16.0183489,12.40990758,,0.2200803,7.1271544,11.5582611,2.5805356,0.1693407,0.1305955,27.00,3
CI_Ref_18_1_100x100_256s_sp3,49.6603699,1.3686915,16.0183489,12.40990758,,0.2200803,7.1271544,11.5582611,2.5805356,0.1693407,0.1305955,31.00,3
CI_Ref_18_1_100x100_256s_sp4,49.6603699,1.3686915,16.0183489,12.40990758,,0.2200803,7.1271544,11.5582611,2.5805356,0.1693407,0.1305955,30.00,3
CI_Ref_18_1_100x100_256s_sp5,49.6603699,1.3686915,16.0183489,12.40990758,,0.2200803,7.1271544,11.5582611,2.5805356,0.1693407,0.1305955,29.00,3
CI_Ref_20_1_100x100_256s_sp1,49.8574034,1.3382351,16.0521227,12.31247907,,0.2311382,7.1164312,11.4785005,2.5254675,0.1805531,0.1412076,20.90,3
CI_Ref_20_chip1_100x100_256s_sp1,49.8574034,1.3382351,16.0521227,12.31247907,,0.2311382,7.1164312,11.4785005,2.5254675,0.1805531,0.1412076,46.10,3
CI_Ref_20_chip1_100x100_256s_sp2,49.8574034,1.3382351,16.0521227,12.31247907,,0.2311382,7.1164312,11.4785005,2.5254675,0.1805531,0.1412076,40.00,3
CI_Ref_20_chip1_100x100_256s_sp3,49.8574034,1.3382351,16.0521227,12.31247907,,0.2311382,7.1164312,11.4785005,2.5254675,0.1805531,0.1412076,40.60,3
CI_Ref_20_chip1_100x100_256s_sp4,49.8574034,1.3382351,16.0521227,12.31247907,,0.2311382,7.1164312,11.4785005,2.5254675,0.1805531,0.1412076,44.10,3
CI_Ref_22_1_100x100_256s_sp1,49.6521597,1.3773494,15.9616135,12.27626928,,0.2134216,7.2135293,11.6743874,2.5824786,0.1672073,0.1114765,30.00,3
CI_Ref_22_1_100x100_256s_sp2,49.6521597,1.3773494,15.9616135,12.27626928,,0.2134216,7.2135293,11.6743874,2.5824786,0.1672073,0.1114765,25.30,3
CI_Ref_22_1_100x100_256s_sp3,49.6521597,1.3773494,15.9616135,12.27626928,,0.2134216,7.2135293,11.6743874,2.5824786,0.1672073,0.1114765,30.10,3
CI_Ref_23_1_100x100_256s_040523_sp1,49.8271701,1.3575527,16.0069911,12.27680506,,0.2228809,7.1380207,11.4751088,2.6170541,0.1688986,0.1394728,55.00,3
CI_Ref_23_1_100x100_256s_060223_sp1,49.8271701,1.3575527,16.0069911,12.27680506,,0.2228809,7.1380207,11.4751088,2.6170541,0.1688986,0.1394728,55.00,3
CI_Ref_23_1_100x100_256s_sp2,49.8271701,1.3575527,16.0069911,12.27680506,,0.2228809,7.1380207,11.4751088,2.6170541,0.1688986,0.1394728,55.00,3
CI_Ref_23_1_100x100_256s_040523_sp3,49.8271701,1.3575527,16.0069911,12.27680506,,0.2228809,7.1380207,11.4751088,2.6170541,0.1688986,0.1394728,56.00,3
CI_Ref_23_1_100x100_256s_060223_sp3,49.8271701,1.3575527,16.0069911,12.27680506,,0.2228809,7.1380207,11.4751088,2.6170541,0.1688986,0.1394728,56.00,3
CI_Ref_23_1_100x100_256s_sp4,49.8271701,1.3575527,16.0069911,12.27680506,,0.2228809,7.1380207,11.4751088,2.6170541,0.1688986,0.1394728,20.00,3
CI_Ref_23_1_100x100_256s_sp5,49.8271701,1.3575527,16.0069911,12.27680506,,0.2228809,7.1380207,11.4751088,2.6170541,0.1688986,0.1394728,16.00,3
CI_Ref_23_2_100x100_256s_sp1,49.8271701,1.3575527,16.0069911,12.27680506,,0.2228809,7.1380207,11.4751088,2.6170541,0.1688986,0.1394728,55.00,3
CI_Ref_24_1_100x100_256s_sp1,49.6080641,1.3777111,15.9938687,12.30176209,,0.2337015,7.0534571,11.7787364,2.5780279,0.1677225,0.139408,35.30,3
CI_Ref_24_chip1_100x100_256s_sp3,49.6080641,1.3777111,15.9938687,12.30176209,,0.2337015,7.0534571,11.7787364,2.5780279,0.1677225,0.139408,35.90,3
CI_Ref_24_chip1_100x100_256s_sp4,49.6080641,1.3777111,15.9938687,12.30176209,,0.2337015,7.0534571,11.7787364,2.5780279,0.1677225,0.139408,37.60,3
CI_Ref_24_chip1_100x100_256s_sp5,49.6080641,1.3777111,15.9938687,12.30176209,,0.2337015,7.0534571,11.7787364,2.5780279,0.1677225,0.139408,34.40,3
CI_Ref_24_chip1_100x100_256s_sp6,49.6080641,1.3777111,15.9938687,12.30176209,,0.2337015,7.0534571,11.7787364,2.5780279,0.1677225,0.139408,35.60,3
CI_Ref_25_1_100x100_256s_050923_sp1,49.1530471,1.4066476,15.8464363,12.33517086,,0.2298048,7.1080685,12.2946486,2.5587375,0.166244,0.1369979,49.20,3
CI_Ref_25_1_100x100_256s_051423_sp1,49.1530471,1.4066476,15.8464363,12.33517086,,0.2298048,7.1080685,12.2946486,2.5587375,0.166244,0.1369979,49.20,3
CI_Ref_25_1_100x100_256s_050923_sp2,49.1530471,1.4066476,15.8464363,12.33517086,,0.2298048,7.1080685,12.2946486,2.5587375,0.166244,0.1369979,42.90,3
CI_Ref_25_1_100x100_256s_051423_sp2,49.1530471,1.4066476,15.8464363,12.33517086,,0.2298048,7.1080685,12.2946486,2.5587375,0.166244,0.1369979,42.90,3
CI_Ref_25_1_100x100_256s_sp3,49.1530471,1.4066476,15.8464363,12.33517086,,0.2298048,7.1080685,12.2946486,2.5587375,0.166244,0.1369979,40.50,3
CI_Ref_25_chip1_100x100_256s_sp1,49.1530471,1.4066476,15.8464363,12.33517086,,0.2298048,7.1080685,12.2946486,2.5587375,0.166244,0.1369979,62.50,3
CI_Ref_25_chip1_100x100_256s_sp2,49.1530471,1.4066476,15.8464363,12.33517086,,0.2298048,7.1080685,12.2946486,2.5587375,0.166244,0.1369979,64.50,3
CI_Ref_25_chip1_100x100_256s_sp4,49.1530471,1.4066476,15.8464363,12.33517086,,0.2298048,7.1080685,12.2946486,2.5587375,0.166244,0.1369979,57.60,3
CI_Ref_25_chip1_100x100_256s_sp5,49.1530471,1.4066476,15.8464363,12.33517086,,0.2298048,7.1080685,12.2946486,2.5587375,0.166244,0.1369979,55.60,3
CI_Ref_25_chip1_100x100_256s_sp6,49.1530471,1.4066476,15.8464363,12.33517086,,0.2298048,7.1080685,12.2946486,2.5587375,0.166244,0.1369979,72.70,3
CI_Ref_25_chip1_100x100_256s_sp7,49.1530471,1.4066476,15.8464363,12.33517086,,0.2298048,7.1080685,12.2946486,2.5587375,0.166244,0.1369979,57.80,3
CI_Ref_27_1_100x100_256s_sp1,49.8819447,1.3910686,15.8588506,12.32280809,,0.2281414,7.1467066,11.5866417,2.5393976,0.1739297,0.1050752,52.90,3
CI_Ref_27_chip1_100x100_256s_sp2,49.8819447,1.3910686,15.8588506,12.32280809,,0.2281414,7.1467066,11.5866417,2.5393976,0.1739297,0.1050752,27.30,3
CI_Ref_27_chip1_100x100_256s_sp3,49.8819447,1.3910686,15.8588506,12.32280809,,0.2281414,7.1467066,11.5866417,2.5393976,0.1739297,0.1050752,24.30,3
CI_Ref_27_chip2_100x100_256s_sp1,49.8819447,1.3910686,15.8588506,12.32280809,,0.2281414,7.1467066,11.5866417,2.5393976,0.1739297,0.1050752,22.30,3
CI_Ref_27_chip3_100x100_256s_sp1,49.8819447,1.3910686,15.8588506,12.32280809,,0.2281414,7.1467066,11.5866417,2.5393976,0.1739297,0.1050752,34.90,3
CI_Ref_27_chip3_100x100_256s_sp2,49.8819447,1.3910686,15.8588506,12.32280809,,0.2281414,7.1467066,11.5866417,2.5393976,0.1739297,0.1050752,35.20,3
CI_Ref_28_1_100x100_256s_sp1,49.7051029,1.3574696,16.0240717,12.34315217,,0.210665,7.142192,11.5798208,2.598133,0.1742209,0.1017753,35.20,3
CI_Ref_28_1_100x100_256s_sp2,49.7051029,1.3574696,16.0240717,12.34315217,,0.210665,7.142192,11.5798208,2.598133,0.1742209,0.1017753,36.10,3
CI_Ref_28_1_100x100_256s_sp3,49.7051029,1.3574696,16.0240717,12.34315217,,0.210665,7.142192,11.5798208,2.598133,0.1742209,0.1017753,33.20,3
CI_Ref_28_1_100x100_256s_sp4,49.7051029,1.3574696,16.0240717,12.34315217,,0.210665,7.142192,11.5798208,2.598133,0.1742209,0.1017753,34.40,3
CI_Ref_28_2_100x100_256s_sp1,49.7051029,1.3574696,16.0240717,12.34315217,,0.210665,7.142192,11.5798208,2.598133,0.1742209,0.1017753,36.10,3
CI_Ref_28_2_100x100_256s_sp2,49.7051029,1.3574696,16.0240717,12.34315217,,0.210665,7.142192,11.5798208,2.598133,0.1742209,0.1017753,35.30,3
CI_Ref_bas_1_1_100x100_256s_sp1,45.2506328,4.4011959,15.2383721,13.86576743,,0.1783862,5.3735692,10.0289601,4.302746,1.7300983,1.0194203,13.60,3
CI_Ref_bas_1_1_100x100_256s_sp2,45.2506328,4.4011959,15.2383721,13.86576743,,0.1783862,5.3735692,10.0289601,4.302746,1.7300983,1.0194203,13.90,3
CI_Ref_bas_1_2_100x100_256s_sp1,45.2506328,4.4011959,15.2383721,13.86576743,,0.1783862,5.3735692,10.0289601,4.302746,1.7300983,1.0194203,14.40,3
CI_Ref_bas_1_2_100x100_256s_sp2,45.2506328,4.4011959,15.2383721,13.86576743,,0.1783862,5.3735692,10.0289601,4.302746,1.7300983,1.0194203,15.40,3
CI_Ref_bas_2_1_100x100_256s_sp1,45.3772455,4.3167961,15.1964627,13.94005228,,0.1796567,5.4307484,10.0279804,4.1857364,1.7434979,0.9984097,15.80,3
CI_Ref_bas_2_2_100x100_256s_sp1,45.3772455,4.3167961,15.1964627,13.94005228,,0.1796567,5.4307484,10.0279804,4.1857364,1.7434979,0.9984097,11.90,3
CI_Ref_bas_2_2_100x100_256s_sp2,45.3772455,4.3167961,15.1964627,13.94005228,,0.1796567,5.4307484,10.0279804,4.1857364,1.7434979,0.9984097,11.90,3
CI_Ref_bas_2_2_100x100_256s_sp3,45.3772455,4.3167961,15.1964627,13.94005228,,0.1796567,5.4307484,10.0279804,4.1857364,1.7434979,0.9984097,12.90,3
CI_Ref_bas_2_3_100x100_256s_sp1,45.3772455,4.3167961,15.1964627,13.94005228,,0.1796567,5.4307484,10.0279804,4.1857364,1.7434979,0.9984097,14.40,3
CI_Ref_bas_3_1_100x100_256s_051423_sp1,45.2480219,4.2712772,15.1878098,13.5319998,,0.1791971,5.61245,10.4075986,4.1918498,1.7935206,0.9319795,26.40,3
CI_Ref_bas_3_1_100x100_256s_060223_sp1,45.2480219,4.2712772,15.1878098,13.5319998,,0.1791971,5.61245,10.4075986,4.1918498,1.7935206,0.9319795,26.40,3
CI_Ref_bas_3_1_100x100_256s_sp2,45.2480219,4.2712772,15.1878098,13.5319998,,0.1791971,5.61245,10.4075986,4.1918498,1.7935206,0.9319795,24.80,3
CI_Ref_bas_3_1_100x100_256s_sp3,45.2480219,4.2712772,15.1878098,13.5319998,,0.1791971,5.61245,10.4075986,4.1918498,1.7935206,0.9319795,23.30,3
CI_Ref_bas_3_2_100x100_256s_051423_sp1,45.2480219,4.2712772,15.1878098,13.5319998,,0.1791971,5.61245,10.4075986,4.1918498,1.7935206,0.9319795,24.90,3
CI_Ref_bas_3_2_100x100_256s_060223_sp1,45.2480219,4.2712772,15.1878098,13.5319998,,0.1791971,5.61245,10.4075986,4.1918498,1.7935206,0.9319795,24.90,3
CI_Ref_bas_3_3_100x100_256s_sp1,45.2480219,4.2712772,15.1878098,13.5319998,,0.1791971,5.61245,10.4075986,4.1918498,1.7935206,0.9319795,17.70,3
CI_Ref_bas_3_chip1_100x100_256s_sp1,45.2480219,4.2712772,15.1878098,13.5319998,,0.1791971,5.61245,10.4075986,4.1918498,1.7935206,0.9319795,32.40,3
CI_Ref_bas_3_chip1_100x100_256s_sp2,45.2480219,4.2712772,15.1878098,13.5319998,,0.1791971,5.61245,10.4075986,4.1918498,1.7935206,0.9319795,35.70,3
CI_Ref_bas_3_chip1_100x100_256s_sp3,45.2480219,4.2712772,15.1878098,13.5319998,,0.1791971,5.61245,10.4075986,4.1918498,1.7935206,0.9319795,37.80,3
CI_Ref_bas_4_1_100x100_256s_sp1,44.91804,4.3203235,15.0408202,14.03345307,,0.1773305,5.4373471,10.552303,4.2620802,1.7069649,0.9572887,17.40,3
CI_Ref_bas_4_1_100x100_256s_sp2,44.91804,4.3203235,15.0408202,14.03345307,,0.1773305,5.4373471,10.552303,4.2620802,1.7069649,0.9572887,19.50,3
CI_Ref_bas_4_2_100x100_256s_sp2,44.91804,4.3203235,15.0408202,14.03345307,,0.1773305,5.4373471,10.552303,4.2620802,1.7069649,0.9572887,54.80,3
CI_Ref_bas_4_2_100x100_256s_sp3,44.91804,4.3203235,15.0408202,14.03345307,,0.1773305,5.4373471,10.552303,4.2620802,1.7069649,0.9572887,39.30,3
CI_Ref_bas_5_1_100x100_256s_sp1,45.2429181,4.2801879,15.1502679,13.80574884,,0.190959,5.3187522,10.4475464,4.1923613,1.7708468,0.9835488,38.50,3
CI_Ref_bas_5_1_100x100_256s_sp2,45.2429181,4.2801879,15.1502679,13.80574884,,0.190959,5.3187522,10.4475464,4.1923613,1.7708468,0.9835488,39.80,3
CI_Ref_bas_5_1_100x100_256s_sp3,45.2429181,4.2801879,15.1502679,13.80574884,,0.190959,5.3187522,10.4475464,4.1923613,1.7708468,0.9835488,34.90,3
CI_Ref_bas_5_1_100x100_256s_sp4,45.2429181,4.2801879,15.1502679,13.80574884,,0.190959,5.3187522,10.4475464,4.1923613,1.7708468,0.9835488,39.70,3
CI_Ref_bas_5_2_100x100_256s_sp1,45.2429181,4.2801879,15.1502679,13.80574884,,0.190959,5.3187522,10.4475464,4.1923613,1.7708468,0.9835488,33.00,3
CI_Ref_bas_6_1_100x100_256s_sp1,45.4977721,4.275346,15.2440363,13.87312027,,0.1900622,5.3895288,9.888828,4.2585561,1.7638113,1.0088233,27.10,3
CI_Ref_bas_6_2_100x100_256s_sp1,45.4977721,4.275346,15.2440363,13.87312027,,0.1900622,5.3895288,9.888828,4.2585561,1.7638113,1.0088233,28.50,3
CI_Ref_bas_6_2_100x100_256s_sp2,45.4977721,4.275346,15.2440363,13.87312027,,0.1900622,5.3895288,9.888828,4.2585561,1.7638113,1.0088233,30.80,3
CI_Ref_bas_7_1_100x100_256s_051423_sp1,44.9016051,4.3550864,15.0865671,13.96386463,,0.1807545,5.4159005,10.5167959,4.2710955,1.7440388,0.9632621,20.50,3
CI_Ref_bas_7_1_100x100_256s_060223_sp1,44.9016051,4.3550864,15.0865671,13.96386463,,0.1807545,5.4159005,10.5167959,4.2710955,1.7440388,0.9632621,20.50,3
CI_Ref_bas_7_1_100x100_256s_sp2,44.9016051,4.3550864,15.0865671,13.96386463,,0.1807545,5.4159005,10.5167959,4.2710955,1.7440388,0.9632621,19.40,3
CI_Ref_bas_7_1_100x100_256s_sp3,44.9016051,4.3550864,15.0865671,13.96386463,,0.1807545,5.4159005,10.5167959,4.2710955,1.7440388,0.9632621,23.70,3
CI_Ref_bas_7_1_100x100_256s_sp4,44.9016051,4.3550864,15.0865671,13.96386463,,0.1807545,5.4159005,10.5167959,4.2710955,1.7440388,0.9632621,24.90,3
CI_Ref_bas_7_1_100x100_256s_sp5,44.9016051,4.3550864,15.0865671,13.96386463,,0.1807545,5.4159005,10.5167959,4.2710955,1.7440388,0.9632621,23.30,3
CI_Ref_bas_7_2_100x100_256s_sp1,44.9016051,4.3550864,15.0865671,13.96386463,,0.1807545,5.4159005,10.5167959,4.2710955,1.7440388,0.9632621,25.10,3
CI_Ref_bas_7_2_100x100_256s_sp2,44.9016051,4.3550864,15.0865671,13.96386463,,0.1807545,5.4159005,10.5167959,4.2710955,1.7440388,0.9632621,24.50,3
CI_Ref_bas_7_2_100x100_256s_sp3,44.9016051,4.3550864,15.0865671,13.96386463,,0.1807545,5.4159005,10.5167959,4.2710955,1.7440388,0.9632621,23.30,3
CI_Ref_bas_8_1_100x100_256s_051423_sp1,44.6281565,4.3320653,14.9928971,13.83426405,,0.1891341,5.4010134,11.1523256,4.1809357,1.6980179,0.9771805,31.50,3
CI_Ref_bas_8_1_100x100_256s_060223_sp1,44.6281565,4.3320653,14.9928971,13.83426405,,0.1891341,5.4010134,11.1523256,4.1809357,1.6980179,0.9771805,31.50,3
CI_Ref_bas_8_1_100x100_256s_sp2,44.6281565,4.3320653,14.9928971,13.83426405,,0.1891341,5.4010134,11.1523256,4.1809357,1.6980179,0.9771805,30.70,3
CI_Ref_bas_8_1_100x100_256s_sp3,44.6281565,4.3320653,14.9928971,13.83426405,,0.1891341,5.4010134,11.1523256,4.1809357,1.6980179,0.9771805,31.70,3
CI_Ref_bas_8_1_100x100_256s_sp4,44.6281565,4.3320653,14.9928971,13.83426405,,0.1891341,5.4010134,11.1523256,4.1809357,1.6980179,0.9771805,30.10,3
CI_Ref_bas_8_2_100x100_256s_sp1,44.6281565,4.3320653,14.9928971,13.83426405,,0.1891341,5.4010134,11.1523256,4.1809357,1.6980179,0.9771805,30.40,3
CI_Ref_bas_8_2_100x100_256s_sp2,44.6281565,4.3320653,14.9928971,13.83426405,,0.1891341,5.4010134,11.1523256,4.1809357,1.6980179,0.9771805,25.60,3
CI_Ref_bas_8_2_100x100_256s_sp3,44.6281565,4.3320653,14.9928971,13.83426405,,0.1891341,5.4010134,11.1523256,4.1809357,1.6980179,0.9771805,21.00,3
CI_Ref_bas_9_1_100x100_256s_050923_sp1,44.6778499,4.3224156,14.9567546,14.15450223,,0.1877777,5.525123,10.6238535,4.2367387,1.6976381,1.0354198,23.20,3
CI_Ref_bas_9_1_100x100_256s_050923_sp2,44.6778499,4.3224156,14.9567546,14.15450223,,0.1877777,5.525123,10.6238535,4.2367387,1.6976381,1.0354198,25.50,3
CI_Ref_bas_9_1_100x100_256s_050923_sp3,44.6778499,4.3224156,14.9567546,14.15450223,,0.1877777,5.525123,10.6238535,4.2367387,1.6976381,1.0354198,28.70,3
CI_Ref_bas_9_1_100x100_256s_050923_sp4,44.6778499,4.3224156,14.9567546,14.15450223,,0.1877777,5.525123,10.6238535,4.2367387,1.6976381,1.0354198,26.40,3
CI_Ref_bas_9_1_100x100_256s_051423_sp1,44.6778499,4.3224156,14.9567546,14.15450223,,0.1877777,5.525123,10.6238535,4.2367387,1.6976381,1.0354198,23.20,3
CI_Ref_bas_9_1_100x100_256s_051423_sp2,44.6778499,4.3224156,14.9567546,14.15450223,,0.1877777,5.525123,10.6238535,4.2367387,1.6976381,1.0354198,25.50,3
CI_Ref_bas_9_1_100x100_256s_051423_sp3,44.6778499,4.3224156,14.9567546,14.15450223,,0.1877777,5.525123,10.6238535,4.2367387,1.6976381,1.0354198,28.70,3
CI_Ref_bas_9_1_100x100_256s_060223_sp1,44.6778499,4.3224156,14.9567546,14.15450223,,0.1877777,5.525123,10.6238535,4.2367387,1.6976381,1.0354198,23.20,3
CI_Ref_bas_9_1_100x100_256s_060223_sp2,44.6778499,4.3224156,14.9567546,14.15450223,,0.1877777,5.525123,10.6238535,4.2367387,1.6976381,1.0354198,25.50,3
CI_Ref_bas_9_1_100x100_256s_060223_sp3,44.6778499,4.3224156,14.9567546,14.15450223,,0.1877777,5.525123,10.6238535,4.2367387,1.6976381,1.0354198,28.70,3
CI_Ref_bas_9_1_100x100_256s_060223_sp4,44.6778499,4.3224156,14.9567546,14.15450223,,0.1877777,5.525123,10.6238535,4.2367387,1.6976381,1.0354198,26.40,3
CI_Ref_bas_9_2_100x100_256s_sp1,44.6778499,4.3224156,14.9567546,14.15450223,,0.1877777,5.525123,10.6238535,4.2367387,1.6976381,1.0354198,26.70,3
CI_Ref_bas_9_2_100x100_256s_sp2,44.6778499,4.3224156,14.9567546,14.15450223,,0.1877777,5.525123,10.6238535,4.2367387,1.6976381,1.0354198,24.40,3
CI_Ref_bas_9_chip2_100x100_256s_sp1,44.6778499,4.3224156,14.9567546,14.15450223,,0.1877777,5.525123,10.6238535,4.2367387,1.6976381,1.0354198,39.10,3
CI_Ref_bas_9_chip2_100x100_256s_sp3,44.6778499,4.3224156,14.9567546,14.15450223,,0.1877777,5.525123,10.6238535,4.2367387,1.6976381,1.0354198,41.10,3
CI_Ref_bas_9_chip2_100x100_256s_sp4,44.6778499,4.3224156,14.9567546,14.15450223,,0.1877777,5.525123,10.6238535,4.2367387,1.6976381,1.0354198,39.70,3
ETFSR_Ol8_256s,45.38,0.78,8.74,2.66,6.2,0.17,16.1,11.8,1.48,0.66,0.34,38.00,3
ETFSR_Ol8_256s_2,45.38,0.78,8.74,2.66,6.2,0.17,16.1,11.8,1.48,0.66,0.34,38.00,3
ETFSR_Ol8_highres_256s,45.38,0.78,8.74,2.66,6.2,0.17,16.1,11.8,1.48,0.66,0.34,38.00,3
FAB1_50x50_051823_sp1,51.34,0.96,14.78,,11.92,0.2,6.77,11.61,2.29,0.31,,96.70,3
FAB1_50x50_051823_sp2,51.34,0.96,14.78,,11.92,0.2,6.77,11.61,2.29,0.31,,96.70,3
FAB1_75x75_051823_sp3,51.34,0.96,14.78,,11.92,0.2,6.77,11.61,2.29,0.31,,96.70,3
Fiege63_256s,46.78,2.72,14.87,,10.57,0.14,10.52,9.8,2.93,0.92,0.4,156.00,3
Fiege63_256s_2,46.78,2.72,14.87,,10.57,0.14,10.52,9.8,2.93,0.92,0.4,156.00,3
Fiege63_256s_3,46.78,2.72,14.87,,10.57,0.14,10.52,9.8,2.93,0.92,0.4,156.00,3
Fiege73_2_256s,46.78,2.72,14.87,,10.57,0.14,10.52,9.8,2.93,0.92,0.4,163.80,3
Fiege73_256s,46.78,2.72,14.87,,10.57,0.14,10.52,9.8,2.93,0.92,0.4,163.80,3
Fiege73_256s_2,46.78,2.72,14.87,,10.57,0.14,10.52,9.8,2.93,0.92,0.4,163.80,3
Fiege73_256s_2_highres,46.78,2.72,14.87,,10.57,0.14,10.52,9.8,2.93,0.92,0.4,163.80,3
Glass_exp_ND70_4_01_33um_full_apt400um_dried_best,49.77,0.83,16.39,,8.16,0.15,8.27,12.78,2.05,0.16,0.09,33.00,3
Glass_exp_ND70_4_01_33um_reflected_apt400um_CaF2,49.77,0.83,16.39,,8.16,0.15,8.27,12.78,2.05,0.16,0.09,33.00,3
Helo_60x25_050323_sp1,49.4,1.54,14.78,,9.25,0.19,8.95,10.69,2.95,0.21,,254.00,3
Helo_60x35_050323_sp2,49.4,1.54,14.78,,9.25,0.19,8.95,10.69,2.95,0.21,,254.00,3
Helo_NS1_100x100_256s_sp1,49.4,1.54,14.78,,9.25,0.19,8.95,10.69,2.95,0.21,,89.00,3
Helo_NS1_100x100_256s_sp2,49.4,1.54,14.78,,9.25,0.19,8.95,10.69,2.95,0.21,,89.00,3
Helo_NS1_100x100_256s_sp3,49.4,1.54,14.78,,9.25,0.19,8.95,10.69,2.95,0.21,,89.00,3
INSOL_MX1_BA4_100x100_128s_highres_99umthick_sp1,52.36,1.62,12.87,,8.12,0.11,9.55,10.53,2.66,1.41,0.23,99.00,3
INSOL_MX1_BA4_100x100_128s_highres_99umthick_sp2,52.36,1.62,12.87,,8.12,0.11,9.55,10.53,2.66,1.41,0.23,99.00,3
INSOL_MX1_BA4_100x100_128s_highres_99umthick_sp3,52.36,1.62,12.87,,8.12,0.11,9.55,10.53,2.66,1.41,0.23,99.00,3
LMT_BA3_1_50x50_256s_sp1,52.91,1.85,13.53,0,,0,7.72,11.62,2.71,1.41,0.09,15.60,3
LMT_BA3_2_50x50_256s_sp1,52.91,1.85,13.53,0,,0,7.72,11.62,2.71,1.41,0.09,12.60,3
LMT_BA3_2_50x50_256s_sp2,52.91,1.85,13.53,0,,0,7.72,11.62,2.71,1.41,0.09,10.40,3
LMT_BA4_1_50x50_256s_sp1,52.96,1.84,13.55,0,,0,7.7,11.58,2.72,1.41,0.1,35.30,3
M35_100x100_051823_sp1,45.96,0.84,16.83,3.58,5.04,0.16,6.5,10.11,2.28,0.23,,37.30,3
M35_100x100_051823_sp2,45.96,0.84,16.83,3.58,5.04,0.16,6.5,10.11,2.28,0.23,,37.30,3
M35_75x75_051823_sp3,45.96,0.84,16.83,3.58,5.04,0.16,6.5,10.11,2.28,0.23,,37.30,3
M43_chip1_100x100_256s_sp1,47.46,0.88,17.21,3.23,5.91,0.22,6.65,10.59,2.17,0.23,,43.80,3
M43_chip1_100x100_256s_sp2,47.46,0.88,17.21,3.23,5.91,0.22,6.65,10.59,2.17,0.23,,47.60,3
M43_chip1_100x100_256s_sp3,47.46,0.88,17.21,3.23,5.91,0.22,6.65,10.59,2.17,0.23,,49.10,3
ND70_02_01_06032022_150x150_sp1,47.93,0.76,15.67,8.97,0,0.16,8.58,12.76,2.19,0.17,0.08,119.50,3
ND70_02_01_06032022_150x150_sp2,47.93,0.76,15.67,8.97,0,0.16,8.58,12.76,2.19,0.17,0.08,119.50,3
ND70_02_01_06032022_150x150_sp3,47.93,0.76,15.67,8.97,0,0.16,8.58,12.76,2.19,0.17,0.08,119.50,3
ND70_02-01_30June2022_150x150_sp1,47.93,0.76,15.67,8.97,0,0.16,8.58,12.76,2.19,0.17,0.08,23.30,3
ND70_02-01_30June2022_150x150_sp2,47.93,0.76,15.67,8.97,0,0.16,8.58,12.76,2.19,0.17,0.08,23.30,3
ND70_02-01_30June2022_150x150_sp3,47.93,0.76,15.67,8.97,0,0.16,8.58,12.76,2.19,0.17,0.08,26.60,3
ND70_02-01_30June2022_150x150_sp4,47.93,0.76,15.67,8.97,0,0.16,8.58,12.76,2.19,0.17,0.08,23.30,3
ND70_03_01_06032022_150x150_sp1,47.32,0.78,15.31,9.01,0,0.15,8.69,12.88,2.12,0.16,0.08,112.30,3
ND70_03_01_06032022_150x150_sp2,47.32,0.78,15.31,9.01,0,0.15,8.69,12.88,2.12,0.16,0.08,112.30,3
ND70_03_01_06032022_150x150_sp3,47.32,0.78,15.31,9.01,0,0.15,8.69,12.88,2.12,0.16,0.08,112.30,3
ND70_03-01_30June2022_150x150_sp1,47.32,0.78,15.31,9.01,0,0.15,8.69,12.88,2.12,0.16,0.08,30.00,3
ND70_03-01_30June2022_150x150_sp2,47.32,0.78,15.31,9.01,0,0.15,8.69,12.88,2.12,0.16,0.08,26.60,3
ND70_03-01_30June2022_150x150_sp3,47.32,0.78,15.31,9.01,0,0.15,8.69,12.88,2.12,0.16,0.08,26.60,3
ND70_03-01_30June2022_150x150_sp4,47.54,0.76,15.26,8.54,0,0.16,8.32,12.43,2.22,0.16,0.07,23.30,3
ND70_4_2_150x150_29June2022_256s_sp1,47.54,0.76,15.26,8.54,0,0.16,8.32,12.43,2.22,0.16,0.07,46.60,3
ND70_4_2_150x150_29June2022_256s_sp2,47.54,0.76,15.26,8.54,0,0.16,8.32,12.43,2.22,0.16,0.07,43.30,3
ND70_4_2_150x150_29June2022_256s_sp3,47.54,0.76,15.26,8.54,0,0.16,8.32,12.43,2.22,0.16,0.07,40.00,3
ND70_04_02_06032022_150x150_sp1,47.54,0.76,15.26,8.54,0,0.16,8.32,12.43,2.22,0.16,0.07,115.20,3
ND70_04_02_06032022_150x150_sp2,47.54,0.76,15.26,8.54,0,0.16,8.32,12.43,2.22,0.16,0.07,115.20,3
ND70_04_02_06032022_150x150_sp3,47.54,0.76,15.26,8.54,0,0.16,8.32,12.43,2.22,0.16,0.07,115.20,3
ND70_4-2_150x150_08042022_sp1,47.54,0.76,15.26,8.54,0,0.16,8.32,12.43,2.22,0.16,0.07,46.00,3
ND70_4-2_150x150_08042022_sp2,47.54,0.76,15.26,8.54,0,0.16,8.32,12.43,2.22,0.16,0.07,46.00,3
ND70_5_2_29June2022_150x150_256s_sp1,46.39,0.66,13.38,7.71,0,0.12,8.02,13.35,2.38,0.15,0.07,36.60,3
ND70_5_2_29June2022_150x150_sp2,46.39,0.66,13.38,7.71,0,0.12,8.02,13.35,2.38,0.15,0.07,33.30,3
ND70_5_2_29June2022_150x150_sp3,46.39,0.66,13.38,7.71,0,0.12,8.02,13.35,2.38,0.15,0.07,43.30,3
ND70_05_02_06032022_150x150_sp1,46.39,0.66,13.38,7.71,0,0.12,8.02,13.35,2.38,0.15,0.07,151.50,3
ND70_05_02_06032022_150x150_sp2,46.39,0.66,13.38,7.71,0,0.12,8.02,13.35,2.38,0.15,0.07,151.50,3
ND70_05_02_06032022_150x150_sp3,46.39,0.66,13.38,7.71,0,0.12,8.02,13.35,2.38,0.15,0.07,151.50,3
ND70_05_03_06032022_150x50_sp1,46.39,0.66,13.38,7.71,0,0.12,8.02,13.35,2.38,0.15,0.07,58.50,3
ND70_05_03_06032022_200x50_sp2,46.39,0.66,13.38,7.71,0,0.12,8.02,13.35,2.38,0.15,0.07,58.50,3
ND70_05_03_06032022_80x100_sp3,46.39,0.66,13.38,7.71,0,0.12,8.02,13.35,2.38,0.15,0.07,58.50,3
ND70_0503_29June2022_100x60_256s_sp1,46.39,0.66,13.38,7.71,0,0.12,8.02,13.35,2.38,0.15,0.07,26.60,3
ND70_0503_29June2022_95x80_256s_sp2,46.39,0.66,13.38,7.71,0,0.12,8.02,13.35,2.38,0.15,0.07,30.00,3
ND70_06_02_75um,44.01,0.64,12.62,6.88,0,0.11,8.22,13.16,2.12,0.18,0.08,75.00,3
ND70_6-2_08042022_150x150_sp1,44.01,0.64,12.62,6.88,0,0.11,8.22,13.16,2.12,0.18,0.08,25.00,3
ND70_6-2_08042022_150x150_sp2,44.01,0.64,12.62,6.88,0,0.11,8.22,13.16,2.12,0.18,0.08,25.00,3
ND70_6-2_08042022_150x150_sp3,44.01,0.64,12.62,6.88,0,0.11,8.22,13.16,2.12,0.18,0.08,25.00,3
ND70_6_2_chip3_100x100_256s_sp1,44.01,0.64,12.62,6.88,0,0.11,8.22,13.16,2.12,0.18,0.08,25.00,3
ND70_6_2_chip3_100x100_256s_sp2,44.01,0.64,12.62,6.88,0,0.11,8.22,13.16,2.12,0.18,0.08,26.70,3
ND70_6_2_chip4_100x100_256s_sp1,44.01,0.64,12.62,6.88,0,0.11,8.22,13.16,2.12,0.18,0.08,13.30,3
ND70_6_2_chip5_100x100_256s_sp1,44.01,0.64,12.62,6.88,0,0.11,8.22,13.16,2.12,0.18,0.08,24.20,3
ND70_degassed_06032022_150x150_sp1,49.71,0.8,16.13,9.2,0,0.14,8.72,13.03,2.22,0.16,0.09,140.50,3
ND70_degassed_06032022_150x150_sp2,49.71,0.8,16.13,9.2,0,0.14,8.72,13.03,2.22,0.16,0.09,140.50,3
ND70_degassed_100x100_033123_sp1,49.71,0.8,16.13,9.2,0,0.14,8.72,13.03,2.22,0.16,,,3
ND70_degassed_100x100_033123_sp2,49.71,0.8,16.13,9.2,0,0.14,8.72,13.03,2.22,0.16,,,3
ND70_degassed_100x100_033123_sp3,49.71,0.8,16.13,9.2,0,0.14,8.72,13.03,2.22,0.16,,,3
ND70_degassed_100x100_033123_sp4,49.71,0.8,16.13,9.2,0,0.14,8.72,13.03,2.22,0.16,,,3
ND70_org_100x100_051823_sp1,49.52,0.84,16.32,8.97,0,0.17,8.33,13.01,2.18,0.17,,155.30,3
ND70_org_100x100_051823_sp2,49.52,0.84,16.32,8.97,0,0.17,8.33,13.01,2.18,0.17,,155.30,3
ND70_org_80x80_051823_sp3,49.52,0.84,16.32,8.97,0,0.17,8.33,13.01,2.18,0.17,,155.30,3
ND70-5-2_200x200um_apt_156 scans_Large_Chip_map0001,44.01,0.64,12.62,6.88,0,0.11,8.22,13.16,2.12,0.18,0.08,36.50,3
ND70-5-2_200x200um_apt_156 scans_Large_Chip_map0002,44.01,0.64,12.62,6.88,0,0.11,8.22,13.16,2.12,0.18,0.08,36.60,3
ND70-5-2_200x200um_apt_156 scans_Large_Chip_map0003,44.01,0.64,12.62,6.88,0,0.11,8.22,13.16,2.12,0.18,0.08,36.50,3
ND70-5-2_200x200um_apt_156 scans_Large_Chip_map0004,44.01,0.64,12.62,6.88,0,0.11,8.22,13.16,2.12,0.18,0.08,37.60,3
ND70-6-2_50x50um_apt_156 scans_Chip1_map0001,44.01,0.64,12.62,6.88,0,0.11,8.22,13.16,2.12,0.18,0.08,55.90,3
ND70-6-2_50x50um_apt_156 scans_Chip1_map0002,46.39,0.66,13.38,7.71,0,0.12,8.02,13.35,2.38,0.15,0.07,48.50,3
ND70-6-2_50x50um_apt_156 scans_Chip1_map0003,46.39,0.66,13.38,7.71,0,0.12,8.02,13.35,2.38,0.15,0.07,46.40,3
ND70-6-2_50x50um_apt_156 scans_Chip1_map0004,46.39,0.66,13.38,7.71,0,0.12,8.02,13.35,2.38,0.15,0.07,46.00,3
ND70-6-2_50x50um_apt_156 scans_Chip1_map0005,46.39,0.66,13.38,7.71,0,0.12,8.02,13.35,2.38,0.15,0.07,46.00,3
ND70-6-2_50x50um_apt_156 scans_Chip2_map_actual_focusedProperly0002,44.01,0.64,12.62,6.88,0,0.11,8.22,13.16,2.12,0.18,0.08,34.10,3
ND70-6-2_50x50um_apt_156 scans_Chip2_map_actual_focusedProperly0003,44.01,0.64,12.62,6.88,0,0.11,8.22,13.16,2.12,0.18,0.08,30.20,3
ND70-6-2_50x50um_apt_156 scans_Chip2_map_actual_focusedProperly0004,44.01,0.64,12.62,6.88,0,0.11,8.22,13.16,2.12,0.18,0.08,31.80,3
ND70-6-2_50x50um_apt_156 scans_Chip2_map_actual_focusedProperly0005,44.01,0.64,12.62,6.88,0,0.11,8.22,13.16,2.12,0.18,0.08,30.00,3
ND70-6-2_50x50um_apt_156 scans_Chip2_map_actual_focusedProperly0006,44.01,0.64,12.62,6.88,0,0.11,8.22,13.16,2.12,0.18,0.08,31.30,3
ND70-6-2_50x50um_apt_156 scans_Chip2_map_actual_focusedProperly0007,44.01,0.64,12.62,6.88,0,0.11,8.22,13.16,2.12,0.18,0.08,31.30,3
ND70-6-2_50x50um_apt_156 scans_Chip2_map_actual_focusedProperly0008,44.01,0.64,12.62,6.88,0,0.11,8.22,13.16,2.12,0.18,0.08,31.30,3
ND70-6-2_50x50um_apt_156 scans_Chip2_map_actual_focusedProperly0009,44.01,0.64,12.62,6.88,0,0.11,8.22,13.16,2.12,0.18,0.08,31.30,3
ND70-6-2_50x50um_apt_156 scans_Chip2_map_actual_focusedProperly0010,44.01,0.64,12.62,6.88,0,0.11,8.22,13.16,2.12,0.18,0.08,31.30,3
ND70-6-2_50x50um_apt_156 scans_Chip2_map_actual_focusedProperly0011,44.01,0.64,12.62,6.88,0,0.11,8.22,13.16,2.12,0.18,0.08,31.30,3
ND70-6-2_50x50um_apt_156 scans_Chip2_map_actual_focusedProperly0012,44.01,0.64,12.62,6.88,0,0.11,8.22,13.16,2.12,0.18,0.08,31.30,3
ND70-6-2_50x50um_apt_156 scans_Chip2_map_actual_focusedProperly0013,44.01,0.64,12.62,6.88,0,0.11,8.22,13.16,2.12,0.18,0.08,31.30,3
ND70-6-2_50x50um_apt_156 scans_Chip2_map_actual_focusedProperly0014,44.01,0.64,12.62,6.88,0,0.11,8.22,13.16,2.12,0.18,0.08,31.30,3
STD_CN_C_OL1_020320_256s_20x50_a,46.47,0.87,18.05,1.08,7.81,0.15,6.15,11.79,1.95,0.3,0.14,41.00,3
STD_CN_C_OL1_020320_256s_20x50_b,46.47,0.87,18.05,1.08,7.81,0.15,6.15,11.79,1.95,0.3,0.14,41.00,3
STD_CN_C_OL1_020320_256s_20x50_c,46.47,0.87,18.05,1.08,7.81,0.15,6.15,11.79,1.95,0.3,0.14,41.00,3
STD_CN_C_OL1_020520_256s_20x50_a,46.47,0.87,18.05,1.08,7.81,0.15,6.15,11.79,1.95,0.3,0.14,41.00,3
STD_CN_C_OL1_020520_256s_20x50_b,46.47,0.87,18.05,1.08,7.81,0.15,6.15,11.79,1.95,0.3,0.14,41.00,3
STD_CN_C_OL1_020520_256s_20x50_c,46.47,0.87,18.05,1.08,7.81,0.15,6.15,11.79,1.95,0.3,0.14,41.00,3
STD_CN_C_OL1_021220_256s_20x50_a,46.47,0.87,18.05,1.08,7.81,0.15,6.15,11.79,1.95,0.3,0.14,41.00,3
STD_CN_C_OL1_021220_256s_20x50_b,46.47,0.87,18.05,1.08,7.81,0.15,6.15,11.79,1.95,0.3,0.14,41.00,3
STD_CN_C_OL1_021220_256s_20x50_c,46.47,0.87,18.05,1.08,7.81,0.15,6.15,11.79,1.95,0.3,0.14,41.00,3
STD_CN_C_OL1_021420_256s_20x50_a,46.47,0.87,18.05,1.08,7.81,0.15,6.15,11.79,1.95,0.3,0.14,41.00,3
STD_CN_C_OL1_021420_256s_20x50_b,46.47,0.87,18.05,1.08,7.81,0.15,6.15,11.79,1.95,0.3,0.14,41.00,3
STD_CN_C_OL1_021420_256s_20x50_c,46.47,0.87,18.05,1.08,7.81,0.15,6.15,11.79,1.95,0.3,0.14,41.00,3
STD_CN_C_OL1_021720_256s_20x50_a,46.47,0.87,18.05,1.08,7.81,0.15,6.15,11.79,1.95,0.3,0.14,41.00,3
STD_CN_C_OL1_021720_256s_20x50_b,46.47,0.87,18.05,1.08,7.81,0.15,6.15,11.79,1.95,0.3,0.14,41.00,3
STD_CN_C_OL1_021720_256s_20x50_c,46.47,0.87,18.05,1.08,7.81,0.15,6.15,11.79,1.95,0.3,0.14,41.00,3
STD_CN_C_OL1_021920_256s_20x50_a,46.47,0.87,18.05,1.08,7.81,0.15,6.15,11.79,1.95,0.3,0.14,41.00,3
STD_CN_C_OL1_021920_256s_20x50_b,46.47,0.87,18.05,1.08,7.81,0.15,6.15,11.79,1.95,0.3,0.14,41.00,3
STD_CN_C_OL1_021920_256s_20x50_c,46.47,0.87,18.05,1.08,7.81,0.15,6.15,11.79,1.95,0.3,0.14,41.00,3
STD_CN_C_OL1_022120_256s_20x50_a,46.47,0.87,18.05,1.08,7.81,0.15,6.15,11.79,1.95,0.3,0.14,41.00,3
STD_CN_C_OL1_022120_256s_20x50_b,46.47,0.87,18.05,1.08,7.81,0.15,6.15,11.79,1.95,0.3,0.14,41.00,3
STD_CN_C_OL1_022120_256s_20x50_c,46.47,0.87,18.05,1.08,7.81,0.15,6.15,11.79,1.95,0.3,0.14,41.00,3
STD_CN92C_OL2_020320_256s_20x25_a,46.26,1.04,17.64,2.19,7.9,0.18,5.72,11.37,2.13,0.32,0.17,28.00,3
STD_CN92C_OL2_020320_256s_20x25_b,46.26,1.04,17.64,2.19,7.9,0.18,5.72,11.37,2.13,0.32,0.17,28.00,3
STD_CN92C_OL2_020320_256s_20x25_c,46.26,1.04,17.64,2.19,7.9,0.18,5.72,11.37,2.13,0.32,0.17,28.00,3
STD_CN92C_OL2_020520_256s_20x25_a,46.26,1.04,17.64,2.19,7.9,0.18,5.72,11.37,2.13,0.32,0.17,28.00,3
STD_CN92C_OL2_020520_256s_20x25_b,46.26,1.04,17.64,2.19,7.9,0.18,5.72,11.37,2.13,0.32,0.17,28.00,3
STD_CN92C_OL2_020520_256s_20x25_c,46.26,1.04,17.64,2.19,7.9,0.18,5.72,11.37,2.13,0.32,0.17,28.00,3
STD_CN92C_OL2_021220_20x25_a,46.26,1.04,17.64,2.19,7.9,0.18,5.72,11.37,2.13,0.32,0.17,28.00,3
STD_CN92C_OL2_021220_20x25_b,46.26,1.04,17.64,2.19,7.9,0.18,5.72,11.37,2.13,0.32,0.17,28.00,3
STD_CN92C_OL2_021220_20x25_c,46.26,1.04,17.64,2.19,7.9,0.18,5.72,11.37,2.13,0.32,0.17,28.00,3
STD_CN92C_OL2_021420_256s_20x25_a,46.26,1.04,17.64,2.19,7.9,0.18,5.72,11.37,2.13,0.32,0.17,28.00,3
STD_CN92C_OL2_021420_256s_20x25_b,46.26,1.04,17.64,2.19,7.9,0.18,5.72,11.37,2.13,0.32,0.17,28.00,3
STD_CN92C_OL2_021420_256s_20x25_c,46.26,1.04,17.64,2.19,7.9,0.18,5.72,11.37,2.13,0.32,0.17,28.00,3
STD_CN92C_OL2_021720_256s_20x25_a,46.26,1.04,17.64,2.19,7.9,0.18,5.72,11.37,2.13,0.32,0.17,28.00,3
STD_CN92C_OL2_021720_256s_20x25_b,46.26,1.04,17.64,2.19,7.9,0.18,5.72,11.37,2.13,0.32,0.17,28.00,3
STD_CN92C_OL2_021720_256s_20x25_c,46.26,1.04,17.64,2.19,7.9,0.18,5.72,11.37,2.13,0.32,0.17,28.00,3
STD_CN92C_OL2_021920_256s_20x25_a,46.26,1.04,17.64,2.19,7.9,0.18,5.72,11.37,2.13,0.32,0.17,28.00,3
STD_CN92C_OL2_021920_256s_20x25_b,46.26,1.04,17.64,2.19,7.9,0.18,5.72,11.37,2.13,0.32,0.17,28.00,3
STD_CN92C_OL2_021920_256s_20x25_c,46.26,1.04,17.64,2.19,7.9,0.18,5.72,11.37,2.13,0.32,0.17,28.00,3
STD_CN92C_OL2_022120_256s_20x25_a,46.26,1.04,17.64,2.19,7.9,0.18,5.72,11.37,2.13,0.32,0.17,28.00,3
STD_CN92C_OL2_022120_256s_20x25_b,46.26,1.04,17.64,2.19,7.9,0.18,5.72,11.37,2.13,0.32,0.17,28.00,3
STD_CN92C_OL2_022120_256s_20x25_c,46.26,1.04,17.64,2.19,7.9,0.18,5.72,11.37,2.13,0.32,0.17,28.00,3
STD_D1010_012821_256s_100x100_a,51.41,1.26,16.58,,7.58,0,7.57,10.98,3.01,0.37,0.18,231.00,3
STD_D1010_012821_256s_100x100_b,51.41,1.26,16.58,,7.58,0,7.57,10.98,3.01,0.37,0.18,231.00,3
STD_D1010_012821_256s_100x100_c,51.41,1.26,16.58,,7.58,0,7.57,10.98,3.01,0.37,0.18,231.00,3
STD_D1010_020320_256s_100x100_a,51.41,1.26,16.58,,7.58,0,7.57,10.98,3.01,0.37,0.18,231.00,3
STD_D1010_020320_256s_100x100_b,51.41,1.26,16.58,,7.58,0,7.57,10.98,3.01,0.37,0.18,231.00,3
STD_D1010_020320_256s_100x100_c,51.41,1.26,16.58,,7.58,0,7.57,10.98,3.01,0.37,0.18,231.00,3
STD_D1010_020520_256s_100x100_a,51.41,1.26,16.58,,7.58,0,7.57,10.98,3.01,0.37,0.18,231.00,3
STD_D1010_020520_256s_100x100_b,51.41,1.26,16.58,,7.58,0,7.57,10.98,3.01,0.37,0.18,231.00,3
STD_D1010_020520_256s_100x100_c,51.41,1.26,16.58,,7.58,0,7.57,10.98,3.01,0.37,0.18,231.00,3
STD_D1010_021220_256s_100x100_a,51.41,1.26,16.58,,7.58,0,7.57,10.98,3.01,0.37,0.18,231.00,3
STD_D1010_021220_256s_100x100_b,51.41,1.26,16.58,,7.58,0,7.57,10.98,3.01,0.37,0.18,231.00,3
STD_D1010_021220_256s_100x100_c,51.41,1.26,16.58,,7.58,0,7.57,10.98,3.01,0.37,0.18,231.00,3
STD_D1010_021420_256s_100x100_a,51.41,1.26,16.58,,7.58,0,7.57,10.98,3.01,0.37,0.18,231.00,3
STD_D1010_021420_256s_100x100_b,51.41,1.26,16.58,,7.58,0,7.57,10.98,3.01,0.37,0.18,231.00,3
STD_D1010_021420_256s_100x100_c,51.41,1.26,16.58,,7.58,0,7.57,10.98,3.01,0.37,0.18,231.00,3
STD_D1010_021720_256s_100x100_a,51.41,1.26,16.58,,7.58,0,7.57,10.98,3.01,0.37,0.18,231.00,3
STD_D1010_021720_256s_100x100_b,51.41,1.26,16.58,,7.58,0,7.57,10.98,3.01,0.37,0.18,231.00,3
STD_D1010_021720_256s_100x100_c,51.41,1.26,16.58,,7.58,0,7.57,10.98,3.01,0.37,0.18,231.00,3
STD_D1010_021720_256s_50x50_b,51.41,1.26,16.58,,7.58,0,7.57,10.98,3.01,0.37,0.18,231.00,3
STD_D1010_021720_256s_80x80_a,51.41,1.26,16.58,,7.58,0,7.57,10.98,3.01,0.37,0.18,231.00,3
STD_D1010_021720_256s_80x80_b,51.41,1.26,16.58,,7.58,0,7.57,10.98,3.01,0.37,0.18,231.00,3
STD_D1010_021720_256s_80x80_c,51.41,1.26,16.58,,7.58,0,7.57,10.98,3.01,0.37,0.18,231.00,3
STD_D1010_021920_256s_100x100_a,51.41,1.26,16.58,,7.58,0,7.57,10.98,3.01,0.37,0.18,231.00,3
STD_D1010_021920_256s_100x100_b,51.41,1.26,16.58,,7.58,0,7.57,10.98,3.01,0.37,0.18,231.00,3
STD_D1010_021920_256s_100x100_c,51.41,1.26,16.58,,7.58,0,7.57,10.98,3.01,0.37,0.18,231.00,3
STD_D1010_022120_256s_100x100_a,51.41,1.26,16.58,,7.58,0,7.57,10.98,3.01,0.37,0.18,231.00,3
STD_D1010_022120_256s_100x100_b,51.41,1.26,16.58,,7.58,0,7.57,10.98,3.01,0.37,0.18,231.00,3
STD_D1010_022120_256s_100x100_c,51.41,1.26,16.58,,7.58,0,7.57,10.98,3.01,0.37,0.18,231.00,3
STD_D1010_030920_256s_100x100_a,51.41,1.26,16.58,,7.58,0,7.57,10.98,3.01,0.37,0.18,231.00,3
STD_D1010_030920_256s_100x100_b,51.41,1.26,16.58,,7.58,0,7.57,10.98,3.01,0.37,0.18,231.00,3
STD_D1010_030920_256s_100x100_c,51.41,1.26,16.58,,7.58,0,7.57,10.98,3.01,0.37,0.18,231.00,3
STD_D1010_031020_256s_100x100_a,51.41,1.26,16.58,,7.58,0,7.57,10.98,3.01,0.37,0.18,231.00,3
STD_D1010_031020_256s_100x100_b,51.41,1.26,16.58,,7.58,0,7.57,10.98,3.01,0.37,0.18,231.00,3
STD_D1010_031020_256s_100x100_c,51.41,1.26,16.58,,7.58,0,7.57,10.98,3.01,0.37,0.18,231.00,3
STD_ETF46_020320_256s_15x15_a,47.46,0.84,11.18,,9,0.14,12.43,13.17,1.64,1.1,0.27,45.00,3
STD_ETF46_020320_256s_15x15_b,47.46,0.84,11.18,,9,0.14,12.43,13.17,1.64,1.1,0.27,45.00,3
STD_ETF46_020320_256s_15x15_c,47.46,0.84,11.18,,9,0.14,12.43,13.17,1.64,1.1,0.27,45.00,3
STD_ETF46_020520_256s_15x15_a,47.46,0.84,11.18,,9,0.14,12.43,13.17,1.64,1.1,0.27,45.00,3
STD_ETF46_020520_256s_15x15_b,47.46,0.84,11.18,,9,0.14,12.43,13.17,1.64,1.1,0.27,45.00,3
STD_ETF46_020520_256s_15x15_c,47.46,0.84,11.18,,9,0.14,12.43,13.17,1.64,1.1,0.27,45.00,3
STD_ETF46_021220_256s_15x20_a,47.46,0.84,11.18,,9,0.14,12.43,13.17,1.64,1.1,0.27,45.00,3
STD_ETF46_021220_256s_15x20_b,47.46,0.84,11.18,,9,0.14,12.43,13.17,1.64,1.1,0.27,45.00,3
STD_ETF46_021220_256s_15x20_c,47.46,0.84,11.18,,9,0.14,12.43,13.17,1.64,1.1,0.27,45.00,3
STD_ETF46_021420_256s_15x20_a,47.46,0.84,11.18,,9,0.14,12.43,13.17,1.64,1.1,0.27,45.00,3
STD_ETF46_021420_256s_15x20_b,47.46,0.84,11.18,,9,0.14,12.43,13.17,1.64,1.1,0.27,45.00,3
STD_ETF46_021420_256s_15x20_c,47.46,0.84,11.18,,9,0.14,12.43,13.17,1.64,1.1,0.27,45.00,3
STD_ETF46_021720_256s_15x20_a,47.46,0.84,11.18,,9,0.14,12.43,13.17,1.64,1.1,0.27,45.00,3
STD_ETF46_021720_256s_15x20_b,47.46,0.84,11.18,,9,0.14,12.43,13.17,1.64,1.1,0.27,45.00,3
STD_ETF46_021720_256s_15x20_c,47.46,0.84,11.18,,9,0.14,12.43,13.17,1.64,1.1,0.27,45.00,3
STD_ETF46_021920_256s_15x20_a,47.46,0.84,11.18,,9,0.14,12.43,13.17,1.64,1.1,0.27,45.00,3
STD_ETF46_021920_256s_15x20_b,47.46,0.84,11.18,,9,0.14,12.43,13.17,1.64,1.1,0.27,45.00,3
STD_ETF46_021920_256s_15x20_c,47.46,0.84,11.18,,9,0.14,12.43,13.17,1.64,1.1,0.27,45.00,3
STD_ETF46_022120_256s_15x20_a,47.46,0.84,11.18,,9,0.14,12.43,13.17,1.64,1.1,0.27,45.00,3
STD_ETF46_022120_256s_15x20_b,47.46,0.84,11.18,,9,0.14,12.43,13.17,1.64,1.1,0.27,45.00,3
STD_ETF46_022120_256s_15x20_c,47.46,0.84,11.18,,9,0.14,12.43,13.17,1.64,1.1,0.27,45.00,3
VF74_127-7_101220_256s_15x20_a,51.37,1.11,17.3,1.85,7.4,0.17,3.79,7.56,3.66,0.85,0.22,27.00,3
VF74_127-7_101220_256s_15x20_b,51.37,1.11,17.3,1.85,7.4,0.17,3.79,7.56,3.66,0.85,0.22,27.00,3
VF74_127-7_101220_256s_15x20_c,51.37,1.11,17.3,1.85,7.4,0.17,3.79,7.56,3.66,0.85,0.22,27.00,3
VF74_131-1_101220_256s_25x50_a,52.99,1.05,16.86,1.85,7.38,0.18,4.43,7.43,1.06,0.96,0.16,35.70,3
VF74_131-1_101220_256s_25x50_b,52.99,1.05,16.86,1.85,7.38,0.18,4.43,7.43,1.06,0.96,0.16,35.70,3
VF74_131-1_101220_256s_25x50_c,52.99,1.05,16.86,1.85,7.38,0.18,4.43,7.43,1.06,0.96,0.16,35.70,3
VF74_131-9_MI1_101220_256s_15x30_a,51.22,1.2,16.91,1.96,7.83,0.22,4.22,7.87,3.41,0.88,0.18,22.00,3
VF74_131-9_MI1_101220_256s_15x30_b,51.22,1.2,16.91,1.96,7.83,0.22,4.22,7.87,3.41,0.88,0.18,22.00,3
VF74_131-9_MI1_101220_256s_15x30_c,51.22,1.2,16.91,1.96,7.83,0.22,4.22,7.87,3.41,0.88,0.18,22.00,3
VF74_131-9_MI2_101220_256s_20x25_a,51.01,1.17,16.8,1.93,7.74,0.19,4.27,8.64,3.72,0.84,0.12,22.00,3
VF74_131-9_MI2_101220_256s_20x25_b,51.01,1.17,16.8,1.93,7.74,0.19,4.27,8.64,3.72,0.84,0.12,22.00,3
VF74_131-9_MI2_101220_256s_20x25_c,51.01,1.17,16.8,1.93,7.74,0.19,4.27,8.64,3.72,0.84,0.12,22.00,3
VF74_132-1_101220_256s_40x50_a,50.92,1.06,18.14,1.86,7.43,0.17,3.64,8.01,4.1,0.85,0.23,65.00,3
VF74_132-1_101220_256s_40x50_b,50.92,1.06,18.14,1.86,7.43,0.17,3.64,8.01,4.1,0.85,0.23,65.00,3
VF74_132-1_101220_256s_40x50_c,50.92,1.06,18.14,1.86,7.43,0.17,3.64,8.01,4.1,0.85,0.23,65.00,3
VF74_132-2_101220_256s_20x25_a,52.93,1.17,16.43,1.92,7.67,0.18,4.17,7.47,0.95,0.95,0.15,36.00,3
VF74_132-2_101220_256s_20x25_b,52.93,1.17,16.43,1.92,7.67,0.18,4.17,7.47,0.95,0.95,0.15,36.00,3
VF74_132-2_101220_256s_20x25_c,52.93,1.17,16.43,1.92,7.67,0.18,4.17,7.47,0.95,0.95,0.15,36.00,3
VF74_134D-15_101220_256s_15x25_a,49.27,0.9,18.68,1.76,7.06,0.2,3.42,9.28,3.18,0.63,0.19,25.00,3
VF74_134D-15_101220_256s_15x25_b,49.27,0.9,18.68,1.76,7.06,0.2,3.42,9.28,3.18,0.63,0.19,25.00,3
VF74_134D-15_101220_256s_15x25_c,49.27,0.9,18.68,1.76,7.06,0.2,3.42,9.28,3.18,0.63,0.19,25.00,3
VF74_136-3_101220_256s_20x30_a,51.39,1.23,17.05,1.7,6.8,0.15,4.06,8.05,3.89,0.91,0.19,32.30,3
VF74_136-3_101220_256s_20x30_b,51.39,1.23,17.05,1.7,6.8,0.15,4.06,8.05,3.89,0.91,0.19,32.30,3
VF74_136-3_101220_256s_20x30_c,51.39,1.23,17.05,1.7,6.8,0.15,4.06,8.05,3.89,0.91,0.19,32.30,3
Villa_P2_150x150_06032022_sp1,50.6,1.29,15.42,,9.15,0.16,5.41,8.55,3.1,0.75,0.28,66.50,3
Villa_P2_150x150_06032022_sp2,50.6,1.29,15.42,,9.15,0.16,5.41,8.55,3.1,0.75,0.28,66.50,3
Villa_P2_150x150_06032022_sp3,50.6,1.29,15.42,,9.15,0.16,5.41,8.55,3.1,0.75,0.28,66.50,3