6.982297e+002,9.391177e-001
7.020873e+002,9.483769e-001
7.059450e+002,9.596587e-001
7.098026e+002,9.701212e-001
7.136602e+002,9.771786e-001
7.175178e+002,9.824964e-001
7.213755e+002,9.888647e-001
7.252331e+002,9.976676e-001
7.290907e+002,1.005202e+000
7.329484e+002,1.010625e+000
7.368060e+002,1.017516e+000
7.406636e+002,1.024766e+000
7.445212e+002,1.029676e+000
7.483788e+002,1.034655e+000
7.522365e+002,1.040603e+000
7.560941e+002,1.046963e+000
7.599517e+002,1.055328e+000
7.638093e+002,1.061443e+000
7.676669e+002,1.065064e+000
7.715246e+002,1.069606e+000
7.753822e+002,1.071786e+000
7.792398e+002,1.072667e+000
7.830975e+002,1.072263e+000
7.869551e+002,1.068641e+000
7.908127e+002,1.066644e+000
7.946703e+002,1.064176e+000
7.985280e+002,1.057824e+000
8.023856e+002,1.055515e+000
8.062432e+002,1.060588e+000
8.101008e+002,1.069258e+000
8.139584e+002,1.078795e+000
8.178160e+002,1.086304e+000
8.216737e+002,1.092788e+000
8.255313e+002,1.099797e+000
8.293889e+002,1.107502e+000
8.332465e+002,1.117700e+000
8.371042e+002,1.125649e+000
8.409618e+002,1.127751e+000
8.448194e+002,1.130182e+000
8.486771e+002,1.136947e+000
8.525347e+002,1.144870e+000
8.563923e+002,1.149596e+000
8.602499e+002,1.153878e+000
8.641075e+002,1.160054e+000
8.679651e+002,1.164899e+000
8.718228e+002,1.170111e+000
8.756804e+002,1.175839e+000
8.795380e+002,1.180491e+000
8.833956e+002,1.185866e+000
8.872533e+002,1.192835e+000
8.911109e+002,1.204773e+000
8.949685e+002,1.216932e+000
8.988261e+002,1.221852e+000
9.026838e+002,1.226625e+000
9.065414e+002,1.235299e+000
9.103990e+002,1.244370e+000
9.142567e+002,1.252409e+000
9.181143e+002,1.259923e+000
9.219719e+002,1.268079e+000
9.258295e+002,1.274829e+000
9.296871e+002,1.280163e+000
9.335447e+002,1.285955e+000
9.374023e+002,1.292151e+000
9.412600e+002,1.301216e+000
9.451176e+002,1.311250e+000
9.489752e+002,1.318509e+000
9.528329e+002,1.325099e+000
9.566905e+002,1.331994e+000
9.605481e+002,1.338399e+000
9.644057e+002,1.342270e+000
9.682634e+002,1.347573e+000
9.721210e+002,1.353083e+000
9.759786e+002,1.353038e+000
9.798362e+002,1.361190e+000
9.836938e+002,1.360964e+000
9.875515e+002,1.337989e+000
9.914091e+002,1.336833e+000
9.952667e+002,1.355458e+000
9.991243e+002,1.357756e+000
1.002982e+003,1.354179e+000
1.006840e+003,1.353594e+000
1.010697e+003,1.350654e+000
1.014555e+003,1.344716e+000
1.018412e+003,1.338459e+000
1.022270e+003,1.336647e+000
1.026128e+003,1.335809e+000
1.029985e+003,1.335558e+000
1.033843e+003,1.336481e+000
1.037701e+003,1.335784e+000
1.041558e+003,1.337082e+000
1.045416e+003,1.340375e+000
1.049273e+003,1.340600e+000
1.053131e+003,1.341069e+000
1.056989e+003,1.344890e+000
1.060846e+003,1.346013e+000
1.064704e+003,1.341642e+000
1.068562e+003,1.337935e+000
1.072419e+003,1.338317e+000
1.076277e+003,1.339558e+000
1.080134e+003,1.342986e+000
1.083992e+003,1.347631e+000
1.087850e+003,1.349113e+000
1.091707e+003,1.351645e+000
1.095565e+003,1.355556e+000
1.099422e+003,1.359720e+000
1.103280e+003,1.363765e+000
1.107138e+003,1.365502e+000
1.110995e+003,1.370983e+000
1.114853e+003,1.381556e+000
1.118711e+003,1.393083e+000
1.122568e+003,1.403328e+000
1.126426e+003,1.409127e+000
1.130284e+003,1.414111e+000
1.134141e+003,1.421862e+000
1.137999e+003,1.428424e+000
1.141856e+003,1.431355e+000
1.145714e+003,1.432767e+000
1.149572e+003,1.437152e+000
1.153429e+003,1.445001e+000
1.157287e+003,1.450307e+000
1.161145e+003,1.453628e+000
1.165002e+003,1.458849e+000
1.168860e+003,1.464156e+000
1.172717e+003,1.469076e+000
1.176575e+003,1.473006e+000
1.180433e+003,1.477452e+000
1.184290e+003,1.484615e+000
1.188148e+003,1.489881e+000
1.192005e+003,1.492855e+000
1.195863e+003,1.498223e+000
1.199721e+003,1.505898e+000
1.203578e+003,1.511724e+000
1.207436e+003,1.514213e+000
1.211294e+003,1.516948e+000
1.215151e+003,1.520948e+000
1.219009e+003,1.522624e+000
1.222866e+003,1.522351e+000
1.226724e+003,1.519540e+000
1.230582e+003,1.509830e+000
1.234439e+003,1.493726e+000
1.238297e+003,1.469797e+000
1.242155e+003,1.433532e+000
1.246012e+003,1.387717e+000
1.249870e+003,1.337692e+000
1.253727e+003,1.287033e+000
1.257585e+003,1.237206e+000
1.261443e+003,1.190201e+000
1.265300e+003,1.148950e+000
1.269158e+003,1.110149e+000
1.273016e+003,1.072214e+000
1.276873e+003,1.035010e+000
1.280731e+003,9.993851e-001
1.284589e+003,9.654685e-001
1.288446e+003,9.332678e-001
1.292304e+003,9.027917e-001
1.296161e+003,8.744430e-001
1.300019e+003,8.478075e-001
1.303877e+003,8.230610e-001
1.307734e+003,8.000712e-001
1.311592e+003,7.780315e-001
1.315449e+003,7.571290e-001
1.319307e+003,7.385417e-001
1.323165e+003,7.214360e-001
1.327022e+003,7.049093e-001
1.330880e+003,6.894271e-001
1.334738e+003,6.754070e-001
1.338595e+003,6.624504e-001
1.342453e+003,6.499850e-001
1.346310e+003,6.383751e-001
1.350168e+003,6.279055e-001
1.354026e+003,6.182304e-001
1.357883e+003,6.094999e-001
1.361741e+003,6.015583e-001
1.365599e+003,5.940893e-001
1.369456e+003,5.875022e-001
1.373314e+003,5.816839e-001
1.377171e+003,5.762408e-001
1.381029e+003,5.715870e-001
1.384887e+003,5.679284e-001
1.388744e+003,5.646834e-001
1.392602e+003,5.610926e-001
1.396459e+003,5.573992e-001
1.400317e+003,5.544493e-001
1.404175e+003,5.518842e-001
1.408032e+003,5.497576e-001
1.411890e+003,5.481499e-001
1.415748e+003,5.458029e-001
1.419605e+003,5.432571e-001
1.423463e+003,5.415512e-001
1.427321e+003,5.398923e-001
1.431178e+003,5.378218e-001
1.435036e+003,5.351204e-001
1.438893e+003,5.317104e-001
1.442751e+003,5.284026e-001
1.446609e+003,5.255873e-001
1.450466e+003,5.226905e-001
1.454324e+003,5.193445e-001
1.458182e+003,5.156702e-001
1.462039e+003,5.119878e-001
1.465897e+003,5.087963e-001
1.469754e+003,5.064977e-001
1.473612e+003,5.054044e-001
1.477470e+003,5.042747e-001
1.481327e+003,5.018002e-001
1.485185e+003,5.002856e-001
1.489042e+003,5.011060e-001
1.492900e+003,5.024810e-001
1.496758e+003,5.038576e-001
1.500615e+003,5.049209e-001
1.504473e+003,5.053027e-001
1.508331e+003,5.054091e-001
1.512188e+003,5.051536e-001
1.516046e+003,5.048000e-001
1.519903e+003,5.045155e-001
1.523761e+003,5.040265e-001
1.527619e+003,5.028445e-001
1.531476e+003,5.005531e-001
1.535334e+003,4.981645e-001
1.539192e+003,4.964105e-001
1.543049e+003,4.950579e-001
1.546907e+003,4.938526e-001
1.550764e+003,4.920977e-001
1.554622e+003,4.897231e-001
1.558480e+003,4.872769e-001
1.562337e+003,4.855130e-001
1.566195e+003,4.843095e-001
1.570053e+003,4.831043e-001
1.573910e+003,4.825045e-001
1.577768e+003,4.811450e-001
1.581625e+003,4.785031e-001
1.585483e+003,4.777488e-001
1.589341e+003,4.790545e-001
1.593198e+003,4.809204e-001
1.597056e+003,4.837920e-001
1.600914e+003,4.871173e-001
1.604771e+003,4.908854e-001
1.608629e+003,4.960354e-001
1.612486e+003,5.025210e-001
1.616344e+003,5.103504e-001
1.620202e+003,5.183004e-001
1.624059e+003,5.250889e-001
1.627917e+003,5.303668e-001
1.631775e+003,5.334140e-001
1.635632e+003,5.340464e-001
1.639490e+003,5.327214e-001
1.643347e+003,5.296022e-001
1.647205e+003,5.246126e-001
1.651063e+003,5.179992e-001
1.654920e+003,5.099652e-001
1.658778e+003,5.016375e-001
1.662635e+003,4.935540e-001
1.666493e+003,4.855495e-001
1.670351e+003,4.783058e-001
1.674208e+003,4.720150e-001
1.678066e+003,4.660970e-001
1.681924e+003,4.603838e-001
1.685781e+003,4.553153e-001
1.689639e+003,4.506747e-001
1.693496e+003,4.462630e-001
1.697354e+003,4.424991e-001
1.701212e+003,4.394834e-001
1.705069e+003,4.368350e-001
1.708927e+003,4.340753e-001
1.712785e+003,4.313603e-001
1.716642e+003,4.288431e-001
1.720500e+003,4.263747e-001
1.724357e+003,4.242952e-001
1.728215e+003,4.227533e-001
1.732073e+003,4.213268e-001
1.735930e+003,4.192731e-001
1.739788e+003,4.163372e-001
1.743646e+003,4.134734e-001
1.747503e+003,4.113701e-001
1.751361e+003,4.095027e-001
1.755219e+003,4.076886e-001
1.759076e+003,4.061064e-001
1.762934e+003,4.045329e-001
1.766791e+003,4.028432e-001
1.770649e+003,4.007769e-001
1.774507e+003,3.984163e-001
1.778364e+003,3.960835e-001
1.782222e+003,3.938545e-001
1.786079e+003,3.919777e-001
1.789937e+003,3.899525e-001
1.793795e+003,3.873792e-001
1.797652e+003,3.846878e-001
1.801510e+003,3.820056e-001
1.805368e+003,3.796702e-001
1.809225e+003,3.777802e-001
1.813083e+003,3.757919e-001
1.816940e+003,3.736219e-001
1.820798e+003,3.713003e-001
1.824656e+003,3.687181e-001
1.828513e+003,3.659938e-001
1.832371e+003,3.633142e-001
1.836229e+003,3.610461e-001
1.840086e+003,3.591140e-001
1.843944e+003,3.568086e-001
1.847801e+003,3.541017e-001
1.851659e+003,3.512284e-001
1.855517e+003,3.482685e-001
1.859374e+003,3.456702e-001
1.863232e+003,3.432515e-001
1.867089e+003,3.407540e-001
1.870947e+003,3.382916e-001
1.874805e+003,3.352968e-001
1.878662e+003,3.318762e-001
1.882520e+003,3.287955e-001
1.886378e+003,3.258522e-001
1.890235e+003,3.228537e-001
1.894093e+003,3.199539e-001
1.897951e+003,3.169364e-001
1.901808e+003,3.137108e-001
1.905666e+003,3.102707e-001
1.909523e+003,3.065676e-001
1.913381e+003,3.028282e-001
1.917239e+003,2.992340e-001
1.921096e+003,2.957761e-001
1.924954e+003,2.922795e-001
1.928812e+003,2.885387e-001
1.932669e+003,2.846840e-001
1.936527e+003,2.807446e-001
1.940384e+003,2.767650e-001
1.944242e+003,2.731320e-001
1.948100e+003,2.696415e-001
1.951957e+003,2.658508e-001
1.955815e+003,2.619933e-001
1.959672e+003,2.580698e-001
1.963530e+003,2.537545e-001
1.967388e+003,2.495022e-001
1.971245e+003,2.457238e-001
1.975103e+003,2.419724e-001
1.978961e+003,2.382780e-001
1.982818e+003,2.349778e-001
1.986676e+003,2.316531e-001
1.990533e+003,2.279986e-001
1.994391e+003,2.242792e-001
1.998249e+003,2.208150e-001
2.002106e+003,2.177697e-001
2.005964e+003,2.150260e-001
2.009822e+003,2.122597e-001
2.013679e+003,2.093619e-001
2.017537e+003,2.063912e-001
2.021394e+003,2.032443e-001
2.025252e+003,2.002147e-001
2.029110e+003,1.978583e-001
2.032967e+003,1.959700e-001
2.036825e+003,1.939469e-001
2.040683e+003,1.917686e-001
2.044540e+003,1.895718e-001
2.048398e+003,1.870934e-001
2.052255e+003,1.844703e-001
2.056113e+003,1.822816e-001
2.059971e+003,1.806716e-001
2.063828e+003,1.791829e-001
2.067686e+003,1.773954e-001
2.071543e+003,1.755452e-001
2.075401e+003,1.736085e-001
2.079259e+003,1.712848e-001
2.083116e+003,1.691203e-001
2.086974e+003,1.676129e-001
2.090832e+003,1.664321e-001
2.094689e+003,1.650185e-001
2.098547e+003,1.632671e-001
2.102405e+003,1.614786e-001
2.106262e+003,1.596179e-001
2.110120e+003,1.577311e-001
2.113977e+003,1.563641e-001
2.117835e+003,1.555236e-001
2.121693e+003,1.546623e-001
2.125550e+003,1.535510e-001
2.129408e+003,1.520917e-001
2.133266e+003,1.503726e-001
2.137123e+003,1.487315e-001
2.140981e+003,1.473631e-001
2.144838e+003,1.465763e-001
2.148696e+003,1.462214e-001
2.152554e+003,1.456029e-001
2.156411e+003,1.446167e-001
2.160269e+003,1.433452e-001
2.164126e+003,1.419046e-001
2.167984e+003,1.408379e-001
2.171842e+003,1.403042e-001
2.175699e+003,1.400337e-001
2.179557e+003,1.399896e-001
2.183415e+003,1.399874e-001
2.187272e+003,1.394478e-001
2.191130e+003,1.383857e-001
2.194988e+003,1.374213e-001
2.198845e+003,1.368890e-001
2.202703e+003,1.368686e-001
2.206560e+003,1.372875e-001
2.210418e+003,1.379419e-001
2.214276e+003,1.381776e-001
2.218133e+003,1.374400e-001
2.221991e+003,1.364839e-001
2.225848e+003,1.360395e-001
2.229706e+003,1.361069e-001
2.233564e+003,1.367345e-001
2.237421e+003,1.375780e-001
2.241279e+003,1.382570e-001
2.245137e+003,1.385442e-001
2.248994e+003,1.381011e-001
2.252852e+003,1.373846e-001
2.256709e+003,1.372671e-001
2.260567e+003,1.378933e-001
2.264425e+003,1.388866e-001
2.268282e+003,1.398004e-001
2.272140e+003,1.403501e-001
2.275998e+003,1.405247e-001
2.279855e+003,1.403479e-001
2.283713e+003,1.400390e-001
2.287571e+003,1.401919e-001
2.291428e+003,1.411926e-001
2.295286e+003,1.425841e-001
2.299143e+003,1.434371e-001
2.303001e+003,1.436158e-001
2.306859e+003,1.435748e-001
2.310716e+003,1.432868e-001
2.314574e+003,1.429717e-001
2.318431e+003,1.432709e-001
2.322289e+003,1.442727e-001
2.326147e+003,1.456101e-001
2.330004e+003,1.466710e-001
2.333862e+003,1.468880e-001
2.337719e+003,1.465267e-001
2.341577e+003,1.461348e-001
2.345435e+003,1.457783e-001
2.349292e+003,1.458662e-001
2.353150e+003,1.468429e-001
2.357008e+003,1.480225e-001
2.360865e+003,1.485751e-001
2.364723e+003,1.484608e-001
2.368581e+003,1.478149e-001
2.372438e+003,1.468944e-001
2.376296e+003,1.463354e-001
2.380153e+003,1.465840e-001
2.384011e+003,1.474034e-001
2.387869e+003,1.481686e-001
2.391726e+003,1.483630e-001
2.395584e+003,1.477985e-001
2.399441e+003,1.466859e-001
2.403299e+003,1.456778e-001
2.407157e+003,1.452910e-001
2.411014e+003,1.454724e-001
2.414872e+003,1.459575e-001
2.418730e+003,1.461672e-001
2.422587e+003,1.456755e-001
2.426445e+003,1.445349e-001
2.430302e+003,1.428995e-001
2.434160e+003,1.416649e-001
2.438018e+003,1.414008e-001
2.441875e+003,1.414236e-001
2.445733e+003,1.415486e-001
2.449591e+003,1.416651e-001
2.453448e+003,1.410647e-001
2.457306e+003,1.397599e-001
2.461164e+003,1.382003e-001
2.465021e+003,1.370183e-001
2.468879e+003,1.369138e-001
2.472736e+003,1.373699e-001
2.476594e+003,1.376147e-001
2.480452e+003,1.375930e-001
2.484309e+003,1.368919e-001
2.488167e+003,1.354630e-001
2.492024e+003,1.341506e-001
2.495882e+003,1.334048e-001
2.499740e+003,1.333739e-001
2.503597e+003,1.340876e-001
2.507455e+003,1.348711e-001
2.511313e+003,1.349813e-001
2.515170e+003,1.344303e-001
2.519028e+003,1.336276e-001
2.522885e+003,1.328839e-001
2.526743e+003,1.325959e-001
2.530601e+003,1.331642e-001
2.534458e+003,1.342956e-001
2.538316e+003,1.353001e-001
2.542174e+003,1.358289e-001
2.546031e+003,1.356859e-001
2.549889e+003,1.351404e-001
2.553746e+003,1.350957e-001
2.557604e+003,1.358634e-001
2.561462e+003,1.370554e-001
2.565319e+003,1.385989e-001
2.569177e+003,1.402553e-001
2.573035e+003,1.412498e-001
2.576892e+003,1.414569e-001
2.580750e+003,1.415224e-001
2.584607e+003,1.420040e-001
2.588465e+003,1.432129e-001
2.592323e+003,1.451503e-001
2.596180e+003,1.474299e-001
2.600038e+003,1.493267e-001
2.603896e+003,1.503890e-001
2.607753e+003,1.509890e-001
2.611611e+003,1.516726e-001
2.615469e+003,1.528734e-001
2.619326e+003,1.548367e-001
2.623184e+003,1.573002e-001
2.627041e+003,1.598495e-001
2.630899e+003,1.620068e-001
2.634757e+003,1.635087e-001
2.638614e+003,1.645937e-001
2.642472e+003,1.656892e-001
2.646329e+003,1.674008e-001
2.650187e+003,1.699069e-001
2.654045e+003,1.728076e-001
2.657902e+003,1.757229e-001
2.661760e+003,1.782051e-001
2.665617e+003,1.800778e-001
2.669475e+003,1.814365e-001
2.673333e+003,1.827244e-001
2.677190e+003,1.848478e-001
2.681048e+003,1.877790e-001
2.684906e+003,1.908000e-001
2.688763e+003,1.937505e-001
2.692621e+003,1.964737e-001
2.696479e+003,1.986639e-001
2.700336e+003,2.004703e-001
2.704194e+003,2.024461e-001
2.708051e+003,2.050345e-001
2.711909e+003,2.081142e-001
2.715767e+003,2.112695e-001
2.719624e+003,2.144295e-001
2.723482e+003,2.174177e-001
2.727340e+003,2.198055e-001
2.731197e+003,2.218573e-001
2.735055e+003,2.242290e-001
2.738912e+003,2.272058e-001
2.742770e+003,2.305591e-001
2.746628e+003,2.339164e-001
2.750485e+003,2.372504e-001
2.754343e+003,2.402885e-001
2.758200e+003,2.427955e-001
2.762058e+003,2.451775e-001
2.765916e+003,2.478116e-001
2.769773e+003,2.509451e-001
2.773631e+003,2.546072e-001
2.777489e+003,2.584263e-001
2.781346e+003,2.620542e-001
2.785204e+003,2.652200e-001
2.789062e+003,2.678924e-001
2.792919e+003,2.705801e-001
2.796777e+003,2.736718e-001
2.800634e+003,2.769636e-001
2.804492e+003,2.804333e-001
2.808350e+003,2.843361e-001
2.812207e+003,2.883355e-001
2.816065e+003,2.917257e-001
2.819922e+003,2.946147e-001
2.823780e+003,2.976560e-001
2.827638e+003,3.009993e-001
2.831495e+003,3.047719e-001
2.835353e+003,3.089257e-001
2.839210e+003,3.128041e-001
2.843068e+003,3.164875e-001
2.846926e+003,3.204993e-001
2.850783e+003,3.245370e-001
2.854641e+003,3.283396e-001
2.858499e+003,3.321006e-001
2.862356e+003,3.357299e-001
2.866214e+003,3.393805e-001
2.870072e+003,3.433520e-001
2.873929e+003,3.472341e-001
2.877787e+003,3.509273e-001
2.881645e+003,3.547119e-001
2.885502e+003,3.583277e-001
2.889360e+003,3.620731e-001
2.893217e+003,3.664353e-001
2.897075e+003,3.710704e-001
2.900933e+003,3.758526e-001
2.904790e+003,3.802764e-001
2.908648e+003,3.840479e-001
2.912505e+003,3.882912e-001
2.916363e+003,3.926617e-001
2.920221e+003,3.966091e-001
2.924078e+003,4.012840e-001
2.927936e+003,4.061637e-001
2.931793e+003,4.102220e-001
2.935651e+003,4.140561e-001
2.939509e+003,4.181113e-001
2.943366e+003,4.222127e-001
2.947224e+003,4.263049e-001
2.951082e+003,4.307002e-001
2.954939e+003,4.359013e-001
2.958797e+003,4.419215e-001
2.962655e+003,4.469870e-001
2.966512e+003,4.503318e-001
2.970370e+003,4.538431e-001
2.974227e+003,4.578394e-001
2.978085e+003,4.617181e-001
2.981943e+003,4.658972e-001
2.985800e+003,4.707242e-001
2.989658e+003,4.758927e-001
2.993515e+003,4.808448e-001
2.997373e+003,4.854421e-001
3.001231e+003,4.895713e-001
3.005088e+003,4.936613e-001
3.008946e+003,4.983211e-001
3.012804e+003,5.033490e-001
3.016661e+003,5.087036e-001
3.020519e+003,5.138646e-001
3.024376e+003,5.181869e-001
3.028234e+003,5.224138e-001
3.032092e+003,5.272746e-001
3.035949e+003,5.325513e-001
3.039807e+003,5.381084e-001
3.043665e+003,5.436310e-001
3.047522e+003,5.486913e-001
3.051380e+003,5.536696e-001
3.055238e+003,5.586321e-001
3.059095e+003,5.635361e-001
3.062953e+003,5.687195e-001
3.066810e+003,5.740064e-001
3.070668e+003,5.793427e-001
3.074526e+003,5.846514e-001
3.078383e+003,5.900103e-001
3.082241e+003,5.958636e-001
3.086098e+003,6.016885e-001
3.089956e+003,6.070018e-001
3.093814e+003,6.123084e-001
3.097671e+003,6.176446e-001
3.101529e+003,6.229231e-001
3.105386e+003,6.286726e-001
3.109244e+003,6.347928e-001
3.113102e+003,6.405863e-001
3.116959e+003,6.459165e-001
3.120817e+003,6.514975e-001
3.124675e+003,6.574674e-001
3.128532e+003,6.632108e-001
3.132390e+003,6.689253e-001
3.136248e+003,6.742245e-001
3.140105e+003,6.794490e-001
3.143963e+003,6.857368e-001
3.147820e+003,6.917598e-001
3.151678e+003,6.972219e-001
3.155536e+003,7.024814e-001
3.159393e+003,7.071782e-001
3.163251e+003,7.133587e-001
3.167108e+003,7.207897e-001
3.170966e+003,7.271441e-001
3.174824e+003,7.330042e-001
3.178681e+003,7.392232e-001
3.182539e+003,7.459669e-001
3.186397e+003,7.524208e-001
3.190254e+003,7.572262e-001
3.194112e+003,7.619887e-001
3.197969e+003,7.684247e-001
3.201827e+003,7.753541e-001
3.205685e+003,7.810975e-001
3.209542e+003,7.857851e-001
3.213400e+003,7.911512e-001
3.217258e+003,7.972048e-001
3.221115e+003,8.033712e-001
3.224973e+003,8.099794e-001
3.228831e+003,8.156834e-001
3.232688e+003,8.207247e-001
3.236546e+003,8.265162e-001
3.240403e+003,8.323073e-001
3.244261e+003,8.374739e-001
3.248119e+003,8.423261e-001
3.251976e+003,8.483110e-001
3.255834e+003,8.550355e-001
3.259691e+003,8.604867e-001
3.263549e+003,8.654944e-001
3.267407e+003,8.704989e-001
3.271264e+003,8.753290e-001
3.275122e+003,8.804800e-001
3.278979e+003,8.856341e-001
3.282837e+003,8.915729e-001
3.286695e+003,8.982275e-001
3.290552e+003,9.041470e-001
3.294410e+003,9.097184e-001
3.298268e+003,9.156379e-001
3.302125e+003,9.217837e-001
3.305983e+003,9.277353e-001
3.309841e+003,9.331750e-001
3.313698e+003,9.389540e-001
3.317556e+003,9.460385e-001
3.321413e+003,9.532804e-001
3.325271e+003,9.586166e-001
3.329129e+003,9.631156e-001
3.332986e+003,9.687009e-001
3.336844e+003,9.748595e-001
3.340702e+003,9.810807e-001
3.344559e+003,9.863554e-001
3.348417e+003,9.916566e-001
3.352274e+003,9.987007e-001
3.356132e+003,1.004855e+000
3.359990e+003,1.009737e+000
3.363847e+003,1.014777e+000
3.367705e+003,1.019686e+000
3.371563e+003,1.025323e+000
3.375420e+003,1.030981e+000
3.379278e+003,1.036548e+000
3.383135e+003,1.042816e+000
3.386993e+003,1.047443e+000
3.390851e+003,1.050433e+000
3.394708e+003,1.054708e+000
3.398566e+003,1.059157e+000
3.402424e+003,1.063937e+000
3.406281e+003,1.070652e+000
3.410139e+003,1.074913e+000
3.413996e+003,1.077773e+000
3.417854e+003,1.083365e+000
3.421712e+003,1.088539e+000
3.425569e+003,1.092934e+000
3.429427e+003,1.097888e+000
3.433284e+003,1.102677e+000
3.437142e+003,1.107049e+000
3.441000e+003,1.110605e+000
3.444857e+003,1.112688e+000
3.448715e+003,1.117175e+000
3.452573e+003,1.130030e+000
3.456430e+003,1.139364e+000
3.460288e+003,1.136017e+000
3.464146e+003,1.134689e+000
3.468003e+003,1.138642e+000
3.471861e+003,1.142031e+000
3.475718e+003,1.146524e+000
3.479576e+003,1.150620e+000
3.483434e+003,1.153504e+000
3.487291e+003,1.157749e+000
3.491149e+003,1.162656e+000
3.495007e+003,1.166917e+000
3.498864e+003,1.171069e+000
3.502722e+003,1.173756e+000
3.506579e+003,1.174523e+000
3.510437e+003,1.175207e+000
3.514295e+003,1.177066e+000
3.518152e+003,1.180286e+000
3.522010e+003,1.181488e+000
3.525867e+003,1.181128e+000
3.529725e+003,1.182316e+000
3.533583e+003,1.182419e+000
3.537440e+003,1.182191e+000
3.541298e+003,1.182301e+000
3.545156e+003,1.179316e+000
3.549013e+003,1.177213e+000
3.552871e+003,1.177185e+000
3.556729e+003,1.172757e+000
3.560586e+003,1.165353e+000
3.564444e+003,1.157476e+000
3.568301e+003,1.148147e+000
3.572159e+003,1.138572e+000
3.576017e+003,1.126590e+000
3.579874e+003,1.111068e+000
3.583732e+003,1.093821e+000
3.587589e+003,1.074770e+000
3.591447e+003,1.053815e+000
3.595305e+003,1.030592e+000
3.599162e+003,1.004351e+000
3.603020e+003,9.755852e-001
3.606877e+003,9.440384e-001
3.610735e+003,9.084312e-001
3.614593e+003,8.712221e-001
3.618450e+003,8.332522e-001
3.622308e+003,7.931654e-001
3.626166e+003,7.520634e-001
3.630023e+003,7.094396e-001
3.633881e+003,6.661986e-001
3.637739e+003,6.233625e-001
3.641596e+003,5.806319e-001
3.645454e+003,5.385209e-001
3.649312e+003,4.969433e-001
3.653169e+003,4.575242e-001
3.657027e+003,4.201892e-001
3.660884e+003,3.843927e-001
3.664742e+003,3.516729e-001
3.668600e+003,3.214503e-001
3.672457e+003,2.936187e-001
3.676315e+003,2.686574e-001
3.680172e+003,2.463601e-001
3.684030e+003,2.267965e-001
3.687888e+003,2.088822e-001
3.691745e+003,1.920043e-001
3.695603e+003,1.772580e-001
3.699460e+003,1.650236e-001
3.703318e+003,1.545057e-001
3.707176e+003,1.453841e-001
3.711033e+003,1.374151e-001
3.714891e+003,1.296493e-001
3.718749e+003,1.223027e-001
3.722606e+003,1.160889e-001
3.726464e+003,1.110291e-001
3.730322e+003,1.073263e-001
3.734179e+003,1.046662e-001
3.738037e+003,1.024617e-001
3.741894e+003,1.006464e-001
3.745752e+003,9.880615e-002
3.749610e+003,9.655213e-002
3.753467e+003,9.426568e-002
3.757325e+003,9.278101e-002
3.761182e+003,9.213625e-002
3.765040e+003,9.177306e-002
3.768898e+003,9.166431e-002
3.772755e+003,9.139407e-002
3.776613e+003,9.052977e-002
3.780471e+003,8.940616e-002
3.784328e+003,8.855002e-002
3.788186e+003,8.822180e-002
3.792043e+003,8.818212e-002
3.795901e+003,8.851004e-002
3.799759e+003,8.909567e-002
3.803616e+003,8.901501e-002
3.807474e+003,8.809792e-002
3.811332e+003,8.729290e-002
3.815189e+003,8.690482e-002
3.819047e+003,8.659050e-002
3.822905e+003,8.656760e-002
3.826762e+003,8.688272e-002
3.830620e+003,8.732761e-002
3.834477e+003,8.774486e-002
3.838335e+003,8.767878e-002
3.842193e+003,8.692113e-002
3.846050e+003,8.620761e-002
3.849908e+003,8.677583e-002
3.853765e+003,8.784289e-002
3.857623e+003,8.787566e-002
3.861481e+003,8.768155e-002
3.865338e+003,8.759021e-002
3.869196e+003,8.719368e-002
3.873053e+003,8.665664e-002
3.876911e+003,8.628094e-002
3.880769e+003,8.652311e-002
3.884626e+003,8.708621e-002
3.888484e+003,8.766840e-002
3.892342e+003,8.820549e-002
3.896199e+003,8.827291e-002
3.900057e+003,8.803177e-002
3.903915e+003,8.760878e-002
3.907772e+003,8.702654e-002
3.911630e+003,8.698229e-002
3.915487e+003,8.769935e-002
3.919345e+003,8.839665e-002
3.923203e+003,8.865673e-002
3.927060e+003,8.890827e-002
3.930918e+003,8.897541e-002
3.934776e+003,8.843894e-002
3.938633e+003,8.804895e-002
3.942491e+003,8.831155e-002
3.946348e+003,8.874622e-002
3.950206e+003,8.923208e-002
3.954064e+003,8.966876e-002
3.957921e+003,8.968247e-002
3.961779e+003,8.947773e-002
3.965636e+003,8.939111e-002
3.969494e+003,8.938136e-002
3.973352e+003,8.953024e-002
3.977209e+003,8.988930e-002
3.981067e+003,9.025093e-002
3.984925e+003,9.055653e-002
3.988782e+003,9.063160e-002
3.992640e+003,9.042272e-002
3.996498e+003,9.032448e-002
4.000355e+003,9.018870e-002
4.004213e+003,9.002081e-002
4.008070e+003,9.042236e-002
4.011928e+003,9.105530e-002
4.015786e+003,9.124836e-002
4.019643e+003,9.129234e-002
4.023501e+003,9.140590e-002
4.027358e+003,9.119561e-002
4.031216e+003,9.095872e-002
4.035074e+003,9.108852e-002
4.038931e+003,9.127861e-002
4.042789e+003,9.162026e-002
4.046646e+003,9.191582e-002
4.050504e+003,9.188348e-002
4.054362e+003,9.178566e-002
4.058219e+003,9.159373e-002
4.062077e+003,9.143858e-002
4.065935e+003,9.131067e-002
4.069792e+003,9.135950e-002
4.073650e+003,9.192401e-002
4.077508e+003,9.247118e-002
4.081365e+003,9.264521e-002
4.085223e+003,9.245672e-002
4.089080e+003,9.218581e-002
4.092938e+003,9.207977e-002
4.096796e+003,9.203125e-002
4.100653e+003,9.234839e-002
4.104511e+003,9.278008e-002
4.108369e+003,9.289812e-002
4.112226e+003,9.281006e-002
4.116084e+003,9.258611e-002
4.119941e+003,9.255785e-002
4.123799e+003,9.270352e-002
4.127657e+003,9.284515e-002
4.131514e+003,9.293501e-002
4.135372e+003,9.289117e-002
4.139229e+003,9.305987e-002
4.143087e+003,9.340586e-002
4.146945e+003,9.352922e-002
4.150802e+003,9.353383e-002
4.154660e+003,9.363782e-002
4.158518e+003,9.379069e-002
4.162375e+003,9.404280e-002
4.166233e+003,9.439361e-002
4.170090e+003,9.463425e-002
4.173948e+003,9.486716e-002
4.177806e+003,9.496933e-002
4.181664e+003,9.484486e-002
4.185521e+003,9.497842e-002
4.189378e+003,9.532175e-002
4.193236e+003,9.558313e-002
4.197094e+003,9.599690e-002
4.200952e+003,9.647254e-002
4.204809e+003,9.646715e-002
4.208667e+003,9.611122e-002
4.212524e+003,9.606532e-002
4.216382e+003,9.648148e-002
4.220240e+003,9.698896e-002
4.224097e+003,9.732100e-002
4.227955e+003,9.762274e-002
4.231813e+003,9.783245e-002
4.235670e+003,9.796264e-002
4.239528e+003,9.826639e-002
4.243385e+003,9.841315e-002
4.247243e+003,9.851085e-002
4.251101e+003,9.896081e-002
4.254958e+003,9.942150e-002
4.258816e+003,9.976427e-002
4.262673e+003,9.993558e-002
4.266531e+003,9.990387e-002
4.270389e+003,1.001161e-001
4.274247e+003,1.003689e-001
4.278104e+003,1.004957e-001
4.281961e+003,1.012565e-001
4.285819e+003,1.022149e-001
4.289677e+003,1.024835e-001
4.293535e+003,1.026655e-001
4.297392e+003,1.028479e-001
4.301250e+003,1.026902e-001
4.305107e+003,1.028773e-001
4.308965e+003,1.036498e-001
4.312823e+003,1.045721e-001
4.316680e+003,1.053356e-001
4.320538e+003,1.056953e-001
4.324396e+003,1.059428e-001
4.328253e+003,1.062415e-001
4.332111e+003,1.062919e-001
4.335968e+003,1.067260e-001
4.339826e+003,1.077223e-001
4.343684e+003,1.084763e-001
4.347541e+003,1.091503e-001
4.351399e+003,1.097958e-001
4.355256e+003,1.101373e-001
4.359114e+003,1.104468e-001
4.362972e+003,1.109136e-001
4.366829e+003,1.115525e-001
4.370687e+003,1.122044e-001
4.374544e+003,1.129596e-001
4.378402e+003,1.137099e-001
4.382260e+003,1.142523e-001
4.386117e+003,1.147702e-001
4.389975e+003,1.151337e-001
4.393833e+003,1.156485e-001
4.397690e+003,1.163550e-001
4.401548e+003,1.170743e-001
4.405406e+003,1.181229e-001
4.409263e+003,1.189238e-001
4.413121e+003,1.194587e-001
4.416979e+003,1.200394e-001
4.420836e+003,1.203022e-001
4.424694e+003,1.206723e-001
4.428551e+003,1.213255e-001
4.432409e+003,1.221389e-001
4.436267e+003,1.230309e-001
4.440124e+003,1.234962e-001
4.443982e+003,1.237112e-001
4.447839e+003,1.241441e-001
4.451697e+003,1.247249e-001
4.455555e+003,1.253673e-001
4.459412e+003,1.261635e-001
4.463270e+003,1.268400e-001
4.467127e+003,1.274333e-001
4.470985e+003,1.283931e-001
4.474843e+003,1.288949e-001
4.478700e+003,1.286298e-001
4.482558e+003,1.286556e-001
4.486416e+003,1.288346e-001
4.490273e+003,1.289850e-001
4.494131e+003,1.295900e-001
4.497988e+003,1.303944e-001
4.501846e+003,1.312453e-001
4.505704e+003,1.318946e-001
4.509562e+003,1.317308e-001
4.513419e+003,1.313800e-001
4.517276e+003,1.316571e-001
4.521134e+003,1.320333e-001
4.524992e+003,1.324354e-001
4.528850e+003,1.331559e-001
4.532707e+003,1.334364e-001
4.536565e+003,1.331410e-001
4.540422e+003,1.327692e-001
4.544280e+003,1.325050e-001
4.548138e+003,1.326878e-001
4.551995e+003,1.329381e-001
4.555853e+003,1.330125e-001
4.559710e+003,1.333809e-001
4.563568e+003,1.338190e-001
4.567426e+003,1.341767e-001
4.571283e+003,1.343779e-001
4.575141e+003,1.342279e-001
4.578999e+003,1.342018e-001
4.582856e+003,1.344677e-001
4.586714e+003,1.348339e-001
4.590571e+003,1.353218e-001
4.594429e+003,1.358974e-001
4.598287e+003,1.363036e-001
4.602145e+003,1.361361e-001
4.606002e+003,1.358009e-001
4.609859e+003,1.358837e-001
4.613717e+003,1.360803e-001
4.617575e+003,1.365474e-001
4.621433e+003,1.375703e-001
4.625290e+003,1.384855e-001
4.629147e+003,1.390195e-001
4.633005e+003,1.392620e-001
4.636863e+003,1.390754e-001
4.640721e+003,1.390193e-001
4.644578e+003,1.395465e-001
4.648436e+003,1.403000e-001
4.652293e+003,1.409896e-001
4.656151e+003,1.414669e-001
4.660009e+003,1.419317e-001
4.663866e+003,1.424168e-001
4.667724e+003,1.426899e-001
4.671582e+003,1.431605e-001
4.675439e+003,1.437215e-001
4.679297e+003,1.441456e-001
4.683154e+003,1.448685e-001
4.687012e+003,1.455253e-001
4.690870e+003,1.460117e-001
4.694727e+003,1.468348e-001
4.698585e+003,1.473639e-001
4.702442e+003,1.471815e-001
4.706300e+003,1.472857e-001
4.710158e+003,1.481411e-001
4.714016e+003,1.491344e-001
4.717873e+003,1.499639e-001
4.721730e+003,1.505202e-001
4.725588e+003,1.506720e-001
4.729446e+003,1.507475e-001
4.733304e+003,1.511296e-001
4.737161e+003,1.519105e-001
4.741019e+003,1.527968e-001
4.744876e+003,1.533811e-001
4.748734e+003,1.538470e-001
4.752592e+003,1.544381e-001
4.756449e+003,1.548381e-001
4.760307e+003,1.549422e-001
4.764165e+003,1.552081e-001
4.768022e+003,1.558628e-001
4.771880e+003,1.564082e-001
4.775737e+003,1.569476e-001
4.779595e+003,1.579726e-001
4.783453e+003,1.586855e-001
4.787310e+003,1.590326e-001
4.791168e+003,1.595408e-001
4.795025e+003,1.595454e-001
4.798883e+003,1.594237e-001
4.802741e+003,1.600578e-001
4.806598e+003,1.613283e-001
4.810456e+003,1.625288e-001
4.814313e+003,1.630492e-001
4.818171e+003,1.634872e-001
4.822029e+003,1.639693e-001
4.825886e+003,1.640422e-001
4.829744e+003,1.641589e-001
4.833602e+003,1.646645e-001
4.837459e+003,1.654383e-001
4.841317e+003,1.660305e-001
4.845175e+003,1.665466e-001
4.849032e+003,1.671262e-001
4.852890e+003,1.671514e-001
4.856748e+003,1.673491e-001
4.860605e+003,1.682356e-001
4.864463e+003,1.687839e-001
4.868320e+003,1.692072e-001
4.872178e+003,1.702447e-001
4.876036e+003,1.713344e-001
4.879893e+003,1.715862e-001
4.883751e+003,1.712775e-001
4.887608e+003,1.714245e-001
4.891466e+003,1.720164e-001
4.895324e+003,1.727948e-001
4.899181e+003,1.738398e-001
4.903039e+003,1.746211e-001
4.906896e+003,1.749520e-001
4.910754e+003,1.754099e-001
4.914612e+003,1.760485e-001
4.918469e+003,1.761676e-001
4.922327e+003,1.759697e-001
4.926185e+003,1.764299e-001
4.930042e+003,1.771432e-001
4.933900e+003,1.777181e-001
4.937757e+003,1.786904e-001
4.941615e+003,1.794816e-001
4.945473e+003,1.794495e-001
4.949331e+003,1.793043e-001
4.953188e+003,1.799552e-001
4.957045e+003,1.812288e-001
4.960903e+003,1.820855e-001
4.964761e+003,1.823162e-001
4.968619e+003,1.825039e-001
4.972476e+003,1.828585e-001
4.976334e+003,1.831999e-001
4.980191e+003,1.836208e-001
4.984049e+003,1.842576e-001
4.987907e+003,1.845672e-001
4.991764e+003,1.849619e-001
4.995622e+003,1.863241e-001
4.999479e+003,1.873773e-001
5.003337e+003,1.872197e-001
5.007195e+003,1.872264e-001
5.011052e+003,1.877693e-001
5.014910e+003,1.880844e-001
5.018768e+003,1.884665e-001
5.022625e+003,1.890050e-001
5.026483e+003,1.896395e-001
5.030340e+003,1.904564e-001
5.034198e+003,1.909434e-001
5.038056e+003,1.913515e-001
5.041914e+003,1.913385e-001
5.045771e+003,1.909340e-001
5.049628e+003,1.918876e-001
5.053486e+003,1.932508e-001
5.057344e+003,1.937154e-001
5.061202e+003,1.943343e-001
5.065059e+003,1.948234e-001
5.068917e+003,1.948382e-001
5.072774e+003,1.951615e-001
5.076632e+003,1.954160e-001
5.080490e+003,1.952295e-001
5.084347e+003,1.956119e-001
5.088205e+003,1.968197e-001
5.092063e+003,1.979119e-001
5.095920e+003,1.983387e-001
5.099778e+003,1.981009e-001
5.103635e+003,1.980979e-001
5.107493e+003,1.988059e-001
5.111351e+003,1.992697e-001
5.115208e+003,1.994006e-001
5.119066e+003,1.999013e-001
5.122923e+003,2.008119e-001
5.126781e+003,2.017378e-001
5.130639e+003,2.022122e-001
5.134496e+003,2.022633e-001
5.138354e+003,2.022043e-001
5.142211e+003,2.023101e-001
5.146069e+003,2.028323e-001
5.149927e+003,2.034992e-001
5.153784e+003,2.038218e-001
5.157642e+003,2.040352e-001
5.161500e+003,2.046616e-001
5.165357e+003,2.053199e-001
5.169215e+003,2.058178e-001
5.173073e+003,2.063510e-001
5.176930e+003,2.063340e-001
5.180788e+003,2.064316e-001
5.184646e+003,2.075392e-001
5.188503e+003,2.083209e-001
5.192361e+003,2.081815e-001
5.196218e+003,2.079663e-001
5.200076e+003,2.081285e-001
5.203934e+003,2.088684e-001
5.207791e+003,2.095788e-001
5.211649e+003,2.097127e-001
5.215506e+003,2.100218e-001
5.219364e+003,2.105697e-001
5.223222e+003,2.106330e-001
5.227079e+003,2.105597e-001
5.230937e+003,2.108898e-001
5.234794e+003,2.114013e-001
5.238652e+003,2.119962e-001
5.242510e+003,2.127418e-001
5.246367e+003,2.129870e-001
5.250225e+003,2.127654e-001
5.254083e+003,2.128468e-001
5.257940e+003,2.128574e-001
5.261798e+003,2.129077e-001
5.265655e+003,2.133373e-001
5.269513e+003,2.134006e-001
5.273371e+003,2.129524e-001
5.277229e+003,2.130419e-001
5.281086e+003,2.142779e-001
5.284943e+003,2.151269e-001
5.288801e+003,2.149010e-001
5.292659e+003,2.150057e-001
5.296517e+003,2.156025e-001
5.300374e+003,2.159982e-001
5.304232e+003,2.162956e-001
5.308089e+003,2.167847e-001
5.311947e+003,2.167847e-001
5.315805e+003,2.165203e-001
5.319662e+003,2.167213e-001
5.323520e+003,2.166087e-001
5.327377e+003,2.168016e-001
5.331235e+003,2.176185e-001
5.335093e+003,2.180421e-001
5.338950e+003,2.183519e-001
5.342808e+003,2.183557e-001
5.346666e+003,2.182219e-001
5.350523e+003,2.187080e-001
5.354381e+003,2.191444e-001
5.358238e+003,2.192696e-001
5.362096e+003,2.197793e-001
5.365954e+003,2.203470e-001
5.369812e+003,2.204396e-001
5.373669e+003,2.207520e-001
5.377526e+003,2.212394e-001
5.381384e+003,2.213172e-001
5.385242e+003,2.214202e-001
5.389100e+003,2.215601e-001
5.392957e+003,2.214079e-001
5.396814e+003,2.214038e-001
5.400672e+003,2.222352e-001
5.404530e+003,2.232853e-001
5.408388e+003,2.232978e-001
5.412245e+003,2.230251e-001
5.416103e+003,2.232695e-001
5.419960e+003,2.232360e-001
5.423818e+003,2.230287e-001
5.427676e+003,2.233477e-001
5.431533e+003,2.241420e-001
5.435391e+003,2.246886e-001
5.439249e+003,2.248349e-001
5.443106e+003,2.252719e-001
5.446964e+003,2.255417e-001
5.450821e+003,2.256784e-001
5.454679e+003,2.262413e-001
5.458537e+003,2.262813e-001
5.462394e+003,2.259184e-001
5.466252e+003,2.259269e-001
5.470109e+003,2.260788e-001
5.473967e+003,2.264204e-001
5.477825e+003,2.268044e-001
5.481683e+003,2.268692e-001
5.485540e+003,2.271650e-001
5.489397e+003,2.279337e-001
5.493255e+003,2.279174e-001
5.497113e+003,2.270750e-001
5.500971e+003,2.267936e-001
5.504828e+003,2.269324e-001
5.508686e+003,2.274949e-001
5.512543e+003,2.287578e-001
5.516401e+003,2.293017e-001
5.520259e+003,2.294194e-001
5.524116e+003,2.305589e-001
5.527974e+003,2.306898e-001
5.531832e+003,2.289270e-001
5.535689e+003,2.281691e-001
5.539547e+003,2.289280e-001
5.543404e+003,2.298086e-001
5.547262e+003,2.303977e-001
5.551120e+003,2.299576e-001
5.554977e+003,2.293348e-001
5.558835e+003,2.301327e-001
5.562692e+003,2.309238e-001
5.566550e+003,2.306233e-001
5.570408e+003,2.305970e-001
5.574265e+003,2.309717e-001
5.578123e+003,2.315033e-001
5.581980e+003,2.319748e-001
5.585838e+003,2.314035e-001
5.589696e+003,2.310310e-001
5.593553e+003,2.314577e-001
5.597411e+003,2.312011e-001
5.601269e+003,2.310781e-001
5.605126e+003,2.315059e-001
5.608984e+003,2.314818e-001
5.612842e+003,2.318449e-001
5.616699e+003,2.327629e-001
5.620557e+003,2.331395e-001
5.624415e+003,2.331031e-001
5.628272e+003,2.332671e-001
5.632130e+003,2.334295e-001
5.635987e+003,2.332411e-001
5.639845e+003,2.334077e-001
5.643703e+003,2.340114e-001
5.647560e+003,2.341861e-001
5.651418e+003,2.343861e-001
5.655275e+003,2.345881e-001
5.659133e+003,2.340409e-001
5.662991e+003,2.335829e-001
5.666848e+003,2.337514e-001
5.670706e+003,2.341523e-001
5.674563e+003,2.348179e-001
5.678421e+003,2.354373e-001
5.682279e+003,2.354770e-001
5.686136e+003,2.350189e-001
5.689994e+003,2.347353e-001
5.693852e+003,2.348529e-001
5.697709e+003,2.348593e-001
5.701567e+003,2.350497e-001
5.705424e+003,2.358859e-001
5.709282e+003,2.368445e-001
5.713140e+003,2.369075e-001
5.716998e+003,2.362441e-001
5.720855e+003,2.363557e-001
5.724712e+003,2.366774e-001
5.728570e+003,2.364815e-001
5.732428e+003,2.367071e-001
5.736286e+003,2.370540e-001
5.740143e+003,2.372260e-001
5.744001e+003,2.372256e-001
5.747858e+003,2.371948e-001
5.751716e+003,2.372484e-001
5.755574e+003,2.368561e-001
5.759431e+003,2.369495e-001
5.763289e+003,2.374973e-001
5.767146e+003,2.377044e-001
5.771004e+003,2.384164e-001
5.774862e+003,2.388812e-001
5.778719e+003,2.382030e-001
5.782577e+003,2.375001e-001
5.786435e+003,2.373527e-001
5.790292e+003,2.374626e-001
5.794150e+003,2.378070e-001
5.798007e+003,2.383728e-001
5.801865e+003,2.385353e-001
5.805723e+003,2.383527e-001
5.809581e+003,2.388256e-001
5.813438e+003,2.395515e-001
5.817295e+003,2.396737e-001
5.821153e+003,2.399750e-001
5.825011e+003,2.403170e-001
5.828869e+003,2.397749e-001
5.832726e+003,2.395339e-001
5.836583e+003,2.400578e-001
5.840441e+003,2.400976e-001
5.844299e+003,2.398483e-001
5.848157e+003,2.396011e-001
5.852014e+003,2.386175e-001
5.855872e+003,2.381677e-001
5.859729e+003,2.396256e-001
5.863587e+003,2.408992e-001
5.867445e+003,2.410164e-001
5.871302e+003,2.414393e-001
5.875160e+003,2.420011e-001
5.879018e+003,2.418764e-001
5.882875e+003,2.411067e-001
5.886733e+003,2.409923e-001
5.890590e+003,2.417281e-001
5.894448e+003,2.414276e-001
5.898306e+003,2.410010e-001
5.902163e+003,2.417861e-001
5.906021e+003,2.419724e-001
5.909878e+003,2.410609e-001
5.913736e+003,2.407292e-001
5.917594e+003,2.412766e-001
5.921451e+003,2.416674e-001
5.925309e+003,2.424759e-001
5.929167e+003,2.437174e-001
5.933024e+003,2.435801e-001
5.936882e+003,2.431826e-001
5.940740e+003,2.433222e-001
5.944597e+003,2.426045e-001
5.948455e+003,2.425004e-001
5.952313e+003,2.430674e-001
5.956170e+003,2.427278e-001
5.960028e+003,2.430961e-001
5.963885e+003,2.438705e-001
5.967743e+003,2.437744e-001
5.971601e+003,2.440977e-001
5.975458e+003,2.445316e-001
5.979316e+003,2.443568e-001
5.983173e+003,2.441999e-001
5.987031e+003,2.443014e-001
5.990889e+003,2.443776e-001
5.994746e+003,2.441388e-001
5.998604e+003,2.440926e-001
6.002461e+003,2.441035e-001
