Wavenumber,10,12,39,59,69,82,84,103,114,119,129,130,CD33_12-2-2,CD33_22-1-1
1251.596,1.117411333,2.47863325,1.835439,0.9503538,1.408740333,0.955305,1.320957333,0.996019433,1.659373111,0.9877629,1.464962333,1.578532333,,
1253.524,1.060605667,2.38973025,1.712297667,0.922751,1.325247667,0.919616367,1.274030333,0.9486901,1.582354444,0.9399704,1.393052667,1.522231667,,
1255.453,1.011187667,2.3073935,1.612738,0.897298533,1.257088333,0.887086167,1.231612,0.906304133,1.507418444,0.896637267,1.328579667,1.469387,,
1257.381,0.9669204,2.2409385,1.523224333,0.873235133,1.197286,0.8569967,1.190735667,0.8677185,1.443010222,0.856787467,1.269375667,1.417446333,,
1259.31,0.927610633,2.17877875,1.451238667,0.850923333,1.142916,0.8295285,1.153246333,0.8334732,1.388508778,0.820720667,1.216724333,1.369267,,
1261.238,0.891370533,2.10976125,1.384626,0.8302204,1.091079333,0.8040767,1.118743333,0.8021831,1.331813778,0.787424833,1.166219333,1.322633333,,
1263.167,0.8584115,2.0416875,1.327015333,0.8112392,1.046593333,0.7806478,1.088664,0.773535533,1.280867,0.757084233,1.120411667,1.280272333,,
1265.095,0.8274662,1.96975925,1.274129,0.793469067,1.0061662,0.758521067,1.060515667,0.748199367,1.236078667,0.728542267,1.077928,1.241303333,,
1267.024,0.798918433,1.90250175,1.226189,0.777316933,0.970400433,0.737969167,1.034143,0.7262016,1.193987111,0.702170333,1.039041333,1.205924333,,
1268.952,0.7721592,1.8337675,1.181214333,0.7626194,0.9389782,0.718594867,1.0092057,0.706279067,1.153797333,0.677466667,1.002354967,1.172492,,
1270.88,0.7472389,1.779254,1.140419,0.749544567,0.910270733,0.700624233,0.986374833,0.688627,1.115202222,0.654642933,0.9687156,1.141225333,,
1272.809,0.723660067,1.72528675,1.101577,0.737320467,0.8832058,0.683783033,0.964801267,0.672348167,1.080399333,0.633231433,0.937238133,1.110701333,,
1274.738,0.701605667,1.6810675,1.066505,0.7253238,0.860044533,0.667936,0.9448054,0.6567423,1.048236667,0.613337367,0.908370633,1.082013333,,
1276.666,0.6804559,1.6421365,1.033165667,0.7139741,0.838794633,0.652614733,0.9256182,0.6415678,1.017276778,0.594396767,0.881063333,1.054729333,1.02,0.985
1278.594,0.6604765,1.60160975,1.001548967,0.7039475,0.8187927,0.6382268,0.907423467,0.627728267,0.988364511,0.5766241,0.855854067,1.030050233,0.995,0.963
1280.523,0.641426367,1.559364,0.971603567,0.694513367,0.7994925,0.624621167,0.8896118,0.6151095,0.961323967,0.5599085,0.8323381,1.006369533,0.967,0.943
1282.452,0.623437533,1.51805975,0.9437034,0.685252733,0.781963967,0.6118011,0.872696167,0.6034052,0.935519344,0.544431667,0.810530867,0.9836344,0.943,0.923
1284.38,0.6062866,1.47955625,0.9173505,0.6762455,0.765655367,0.5997372,0.856716767,0.5920529,0.910959,0.529724633,0.789833,0.961831133,0.92,0.906
1286.308,0.590120767,1.44472525,0.892777867,0.667798033,0.7503439,0.588554233,0.8415471,0.581448133,0.888711956,0.515901867,0.770578,0.9415017,0.898,0.889
1288.237,0.5747022,1.412477,0.869193667,0.659823033,0.735578967,0.5778458,0.8268488,0.571296933,0.867509844,0.502734267,0.752441467,0.921806767,0.878,0.873
1290.166,0.560260233,1.38277825,0.847421833,0.652549467,0.721314633,0.567793133,0.8130327,0.5612316,0.847362511,0.490404233,0.735656067,0.903387533,0.859,0.859
1292.094,0.546537067,1.35347975,0.826944133,0.6457726,0.707834467,0.5583606,0.799699733,0.5515871,0.828713622,0.478619233,0.719615467,0.885574667,0.842,0.845
1294.022,0.5336286,1.32760825,0.8077099,0.639443467,0.695547833,0.549513767,0.786996033,0.543137933,0.810918133,0.4674312,0.704666867,0.8687565,0.825,0.832
1295.951,0.521374267,1.3035985,0.7889836,0.633256967,0.683179833,0.5410444,0.774719633,0.535502433,0.793694689,0.4567081,0.690466567,0.852905667,0.81,0.82
1297.88,0.5098366,1.280838,0.771152767,0.627366167,0.671015133,0.533098333,0.762988167,0.528760833,0.778263611,0.446630467,0.677181867,0.837840333,0.795,0.808
1299.808,0.4988775,1.25891225,0.7540993,0.621487333,0.6596618,0.525507567,0.751453,0.522552967,0.763281211,0.4370897,0.664462867,0.823094467,0.781,0.797
1301.736,0.488484633,1.23891675,0.738247167,0.615467833,0.6488926,0.5182665,0.740313667,0.5167395,0.748314933,0.428015567,0.652256833,0.8092352,0.768,0.787
1303.665,0.4784309,1.21926275,0.7232797,0.609784733,0.638141733,0.511298333,0.729372533,0.511522133,0.734766622,0.419170967,0.6403991,0.796087933,0.756,0.777
1305.594,0.4689414,1.2004345,0.709176867,0.6045471,0.627928,0.5047232,0.718810733,0.506738033,0.722184644,0.410735667,0.629388367,0.783815533,0.745,0.768
1307.522,0.4598304,1.18158575,0.6957961,0.5995093,0.617653167,0.498452867,0.708346567,0.502363367,0.7091672,0.402667033,0.6189224,0.771640867,0.734,0.759
1309.45,0.451100133,1.163896,0.683271367,0.594695133,0.607835733,0.492437267,0.698361333,0.498455867,0.697077067,0.395024167,0.609081733,0.759860633,0.724,0.751
1311.379,0.442721967,1.1473145,0.671532033,0.590010567,0.5984832,0.486654633,0.688691767,0.494130433,0.687133856,0.387730833,0.599667867,0.7483591,0.714,0.743
1313.307,0.434856833,1.13252725,0.660669067,0.585660167,0.589677267,0.481218467,0.679183,0.4894517,0.678076644,0.380896333,0.590880133,0.737368867,0.705,0.735
1315.236,0.427421467,1.11838,0.650066533,0.581700167,0.5813374,0.475881633,0.669888133,0.4846989,0.668114822,0.374419067,0.582513067,0.726652333,0.696,0.728
1317.164,0.420443967,1.105038,0.639865333,0.578336667,0.573425967,0.4707562,0.6609892,0.479793,0.658689256,0.368346267,0.574658867,0.7164919,0.688,0.721
1319.093,0.413792333,1.091786,0.630140567,0.5751612,0.566147933,0.4657952,0.652319933,0.475422867,0.651149222,0.362569467,0.567122733,0.706402833,0.68,0.714
1321.021,0.407564133,1.07939325,0.621004333,0.571991633,0.5595037,0.461113433,0.644094033,0.471597467,0.642886333,0.357113867,0.560000333,0.696612067,0.672,0.708
1322.95,0.401703067,1.06722075,0.612106033,0.568734467,0.552869267,0.4566114,0.636270267,0.467831867,0.634821156,0.351934667,0.553080833,0.687076233,0.665,0.702
1324.878,0.396271633,1.05536825,0.6036141,0.565561533,0.546699467,0.452370167,0.628921667,0.464449267,0.627786244,0.347187267,0.546425433,0.6779221,0.658,0.696
1326.807,0.391126467,1.043436,0.5955106,0.562426533,0.540932367,0.448343233,0.621856233,0.4614165,0.620373111,0.342653167,0.539843867,0.669079067,0.652,0.69
1328.735,0.3861378,1.0320125,0.587756033,0.5592867,0.5351074,0.4444157,0.615119767,0.458841233,0.612531589,0.338243467,0.5334702,0.660637833,0.645,0.684
1330.664,0.3812839,1.020706725,0.580530167,0.556157233,0.529232867,0.440646367,0.608642733,0.456612367,0.605051811,0.333985367,0.5272308,0.6524551,0.639,0.679
1332.592,0.376721033,1.0100752,0.573934967,0.5529285,0.523593433,0.437279833,0.602358733,0.454529567,0.598396844,0.329958833,0.5213537,0.6447921,0.633,0.674
1334.521,0.3722859,0.999149575,0.5674264,0.549470933,0.5176938,0.4342555,0.5960777,0.452789633,0.5915333,0.326002067,0.515633033,0.637238367,0.628,0.669
1336.449,0.368031,0.9887816,0.561279533,0.5460043,0.511725067,0.431475733,0.5901293,0.4510995,0.584801044,0.322254333,0.510229,0.629994467,0.622,0.665
1338.378,0.363879367,0.979362175,0.5555267,0.5428537,0.505964733,0.4288218,0.584237333,0.4492585,0.580919967,0.318722467,0.505087567,0.623074967,0.617,0.66
1340.307,0.359857267,0.970394525,0.550159633,0.539963633,0.5004845,0.426286967,0.578314667,0.447361067,0.577948578,0.315341833,0.5002837,0.6168193,0.612,0.656
1342.235,0.3559112,0.961274675,0.5450902,0.537090867,0.495081933,0.4238023,0.572457467,0.4451463,0.573052233,0.3119777,0.4956306,0.6109804,0.608,0.652
1344.163,0.352112467,0.952370475,0.540328567,0.534657433,0.490017633,0.421355533,0.566848833,0.4429425,0.568100389,0.3086776,0.4913085,0.6054615,0.603,0.648
1346.092,0.348405467,0.943498675,0.535783933,0.532641333,0.485255633,0.418946467,0.561341267,0.4410807,0.564144978,0.3054744,0.487193133,0.5998382,0.599,0.644
1348.021,0.3449108,0.935148175,0.531303833,0.5309209,0.4807641,0.416621633,0.5561167,0.439495333,0.560145533,0.3024197,0.483297967,0.594260933,0.595,0.64
1349.949,0.3416046,0.92697275,0.526855033,0.529337333,0.4761586,0.414204033,0.551228867,0.4380833,0.556212467,0.299487267,0.4794788,0.588968633,0.591,0.636
1351.877,0.338429433,0.91880105,0.5224649,0.5276763,0.471778567,0.411664,0.5464535,0.436844433,0.552100444,0.296653833,0.475749367,0.583894067,0.587,0.633
1353.806,0.3353344,0.910641725,0.517987167,0.526034633,0.467658467,0.409076367,0.541738733,0.4355651,0.547957533,0.293803667,0.471998533,0.5787374,0.583,0.629
1355.734,0.332357167,0.902801225,0.5135628,0.5243281,0.463660033,0.406427967,0.5373661,0.434344933,0.543520567,0.291029133,0.468347,0.573733833,0.579,0.626
1357.663,0.329512667,0.8947284,0.5094515,0.522431133,0.459755367,0.403775367,0.533142433,0.4331674,0.539119733,0.288413267,0.464638067,0.568660333,0.576,0.623
1359.591,0.326898167,0.887054375,0.5058048,0.520436167,0.4561857,0.4013635,0.5291262,0.432141067,0.534917922,0.286029633,0.4609914,0.563715,0.572,0.619
1361.52,0.3244711,0.87963995,0.502318267,0.5181511,0.452950767,0.3992037,0.5254224,0.431100133,0.532146133,0.283749667,0.457382433,0.558792867,0.569,0.616
1363.448,0.3221685,0.872616525,0.4989544,0.5159015,0.4498707,0.397109567,0.521863533,0.430169167,0.530153956,0.281613333,0.453871667,0.553959133,0.566,0.613
1365.377,0.319876033,0.8658779,0.495860833,0.5137997,0.4469057,0.395041667,0.5185034,0.4292013,0.526810767,0.279606433,0.4504315,0.549237033,0.563,0.61
1367.305,0.317646733,0.8593617,0.493133633,0.511507733,0.444202067,0.393124833,0.515521833,0.4281998,0.5233588,0.277726867,0.4471979,0.544804,0.56,0.608
1369.234,0.3154677,0.852681825,0.490668433,0.5091674,0.4415184,0.391389033,0.512681567,0.427222333,0.520946833,0.275932067,0.4441232,0.540452433,0.557,0.605
1371.162,0.3133194,0.8461686,0.488303067,0.5072734,0.438843267,0.389819133,0.5099744,0.426581767,0.51721,0.274253667,0.4412587,0.5361955,0.554,0.602
1373.091,0.311156033,0.839833475,0.485960233,0.505669733,0.4359839,0.388382467,0.507334833,0.425982567,0.515424911,0.272732633,0.438531467,0.532060233,0.551,0.6
1375.019,0.309011033,0.833469675,0.4837309,0.504245633,0.433103033,0.387115967,0.5047278,0.425189333,0.515289111,0.271313867,0.436097733,0.5282234,0.549,0.597
1376.948,0.306758167,0.82679565,0.4813251,0.5028524,0.430161233,0.385875467,0.502109233,0.424346367,0.513488678,0.2698117,0.433760767,0.524691633,0.546,0.595
1378.876,0.304450433,0.82022015,0.478709233,0.501298233,0.4272765,0.3846914,0.499481667,0.423304633,0.510904367,0.2683128,0.431523767,0.5212946,0.544,0.593
1380.805,0.302222967,0.81391635,0.476025967,0.499674333,0.424490133,0.3837504,0.4969654,0.422008467,0.5084001,0.2669159,0.429382,0.518038767,0.541,0.591
1382.733,0.3000478,0.8077241,0.4734994,0.498081633,0.421625067,0.382926767,0.4944994,0.420786,0.505801933,0.265607933,0.4273688,0.515149733,0.539,0.589
1384.662,0.2977994,0.80148615,0.4709766,0.496557267,0.418470933,0.3820745,0.49184,0.419622167,0.5022853,0.2642884,0.425324833,0.512279567,0.537,0.587
1386.59,0.2955895,0.795855975,0.4684675,0.495298133,0.415495567,0.381325567,0.489268667,0.418475933,0.501339378,0.262955833,0.423307167,0.509764933,0.535,0.585
1388.519,0.293421933,0.7905537,0.466077833,0.493971667,0.412759,0.380574567,0.486698,0.4173076,0.500235822,0.2614888,0.421112067,0.507396467,0.533,0.583
1390.447,0.291391433,0.785269875,0.463792633,0.492676633,0.409940267,0.379762733,0.484155267,0.416383433,0.497028156,0.260031033,0.418859767,0.505025333,0.531,0.581
1392.376,0.289518767,0.78028875,0.461643533,0.4913752,0.407232967,0.378941833,0.4818181,0.4154356,0.492912567,0.258570733,0.416604,0.502757,0.529,0.579
1394.304,0.2878183,0.7757045,0.459743267,0.489996867,0.404924367,0.378103467,0.479616733,0.414428567,0.491938722,0.257119133,0.414347933,0.500601233,0.527,0.577
1396.233,0.286269433,0.771133175,0.458109167,0.489056333,0.4026598,0.3772219,0.4775203,0.413276067,0.490792322,0.255699267,0.4120089,0.498345333,0.525,0.576
1398.161,0.28487,0.766641125,0.456665,0.488510767,0.400496333,0.376260467,0.475756633,0.4121444,0.488779633,0.254318633,0.409662,0.4961095,0.523,0.574
1400.09,0.283604067,0.762004825,0.455336267,0.4879984,0.398476733,0.375119567,0.474290433,0.411082233,0.488294811,0.2529273,0.407335,0.4937588,0.522,0.572
1402.018,0.2824659,0.757353775,0.454137067,0.487497633,0.396842133,0.373936067,0.472955367,0.4101986,0.485908244,0.2514999,0.4051652,0.4911974,0.52,0.571
1403.947,0.28143,0.75268285,0.452842167,0.4870202,0.3954171,0.372777867,0.471737233,0.4092538,0.484079044,0.2500221,0.4030504,0.488421233,0.518,0.57
1405.875,0.280558267,0.748392675,0.4516673,0.486676167,0.3941567,0.371678,0.4708833,0.408201267,0.483752733,0.248649733,0.401139333,0.485844633,0.517,0.568
1407.804,0.279588,0.74393315,0.450470933,0.4857629,0.392711667,0.3704298,0.470034533,0.407363533,0.482569044,0.247322,0.399364033,0.483207567,0.516,0.567
1409.732,0.2785479,0.7391142,0.449197033,0.484689,0.391104233,0.369108967,0.469017833,0.4070057,0.480871144,0.2460467,0.397712333,0.4803775,0.515,0.566
1411.661,0.277413333,0.734335325,0.4478392,0.483786367,0.389532467,0.3677486,0.4679203,0.407048433,0.479039456,0.244666333,0.3961572,0.477375167,0.514,0.565
1413.589,0.276244,0.729873,0.446388567,0.4832745,0.388159367,0.366303133,0.4668368,0.407131,0.476787667,0.2432568,0.3948021,0.4744558,0.512,0.564
1415.518,0.275114733,0.725724775,0.444979133,0.482870967,0.386782833,0.364805367,0.4656465,0.407039167,0.474131889,0.2418969,0.3935019,0.471536567,0.511,0.563
1417.446,0.274077933,0.72202735,0.443357433,0.482419833,0.385472033,0.363495233,0.464400467,0.406921633,0.472520622,0.240662867,0.392354933,0.4687306,0.51,0.562
1419.375,0.2729908,0.7184892,0.4414902,0.4819202,0.384113733,0.362425667,0.4628651,0.406677633,0.474725544,0.239518433,0.391241733,0.466038967,0.509,0.561
1421.303,0.2719036,0.71504425,0.439711733,0.4814683,0.382620767,0.361532067,0.461223533,0.406101667,0.474837344,0.238560933,0.390097333,0.463416733,0.508,0.56
1423.232,0.270873433,0.71144585,0.4381273,0.481228233,0.380912467,0.360764167,0.459754067,0.4054568,0.471057933,0.237783433,0.388905933,0.460868267,0.507,0.558
1425.16,0.2697557,0.707644225,0.436639667,0.4810358,0.378998,0.3600743,0.458436467,0.4052766,0.469847767,0.2370346,0.3876711,0.458626967,0.505,0.557
1427.089,0.268605467,0.70393535,0.4351449,0.480746167,0.376931633,0.359497933,0.457077333,0.405190933,0.466941122,0.236347467,0.3862589,0.456512133,0.504,0.556
1429.017,0.267544133,0.7007059,0.4337614,0.4804578,0.3749444,0.359137467,0.4556889,0.405061767,0.465113956,0.2358648,0.384746967,0.454601433,0.503,0.555
1430.946,0.2665451,0.697654725,0.4325475,0.480073067,0.372937067,0.358953167,0.454296567,0.404355567,0.4636022,0.235525733,0.3831268,0.452981567,0.502,0.554
1432.874,0.2655909,0.694460925,0.4314831,0.4794032,0.3708121,0.358848367,0.453049367,0.4034221,0.460530433,0.235230667,0.381450867,0.451773267,0.5,0.553
1434.803,0.264558,0.690581175,0.430380833,0.478018133,0.368420167,0.3586354,0.451792767,0.402708367,0.457592067,0.234909967,0.379641867,0.450566833,0.499,0.552
1436.731,0.263601833,0.686451275,0.429486833,0.476669667,0.3663378,0.358444467,0.4505883,0.401939733,0.458720478,0.2346508,0.3778217,0.449410533,0.498,0.551
1438.66,0.262708733,0.68263605,0.4288382,0.4756273,0.364643733,0.3581557,0.4495272,0.401061567,0.458920922,0.2342895,0.376050767,0.448279867,0.496,0.55
1440.588,0.261910333,0.679343375,0.428136767,0.4748216,0.362974633,0.3577839,0.448553533,0.4000096,0.455396478,0.233918867,0.374389667,0.4472014,0.495,0.549
1442.517,0.261344767,0.676453375,0.4273629,0.474211667,0.361180633,0.3574174,0.447577767,0.398796067,0.4539935,0.2336009,0.3728025,0.4461647,0.494,0.548
1444.445,0.260811967,0.67369775,0.426610733,0.4736745,0.3596654,0.357158433,0.4465931,0.397364567,0.451739478,0.233191667,0.3712992,0.445229567,0.492,0.546
1446.374,0.259803833,0.670331725,0.425622333,0.472780733,0.358099967,0.3566831,0.4456066,0.396200733,0.450070744,0.232473533,0.369759833,0.4441226,0.491,0.545
1448.302,0.2587812,0.667000075,0.424583833,0.471875,0.356582333,0.356016133,0.444882,0.395504333,0.449859222,0.231641067,0.368358767,0.4429254,0.489,0.544
1450.231,0.257854367,0.66363465,0.423573267,0.4712621,0.3552242,0.355191933,0.444344367,0.395129833,0.4491901,0.230718867,0.367159133,0.441573067,0.488,0.543
1452.159,0.256928833,0.6603789,0.422512733,0.470807467,0.353952867,0.3543173,0.443791833,0.394918267,0.447266667,0.229696267,0.3660943,0.440137933,0.486,0.542
1454.088,0.2560635,0.65757765,0.421263533,0.470190533,0.352807567,0.3533232,0.4431497,0.394501867,0.443429111,0.228643333,0.364971833,0.4384538,0.485,0.541
1456.016,0.255374733,0.65530145,0.420031967,0.4696404,0.351890033,0.352271867,0.442564233,0.3941331,0.442649667,0.2276945,0.363950267,0.4365843,0.484,0.539
1457.945,0.254901767,0.652963875,0.418916667,0.4691285,0.3511055,0.351196267,0.442046133,0.3936322,0.445496067,0.226816867,0.3630437,0.4345476,0.482,0.538
1459.873,0.2545858,0.650312525,0.417821333,0.4687473,0.350478433,0.350083167,0.441595033,0.3932727,0.444666956,0.225914167,0.362318533,0.432545167,0.481,0.537
1461.802,0.254046767,0.647340625,0.416684067,0.4684295,0.349984133,0.348951367,0.441117267,0.393136967,0.440286389,0.224881567,0.361538267,0.430539333,0.479,0.536
1463.73,0.253425367,0.644373275,0.415672367,0.4681754,0.3494673,0.3478617,0.4405285,0.3927681,0.438657289,0.2238889,0.360708,0.428543967,0.478,0.535
1465.659,0.252825333,0.641750425,0.4146781,0.468062267,0.348743233,0.346825367,0.439831233,0.3918633,0.438120278,0.2229007,0.359790967,0.426420767,0.477,0.534
1467.587,0.252324567,0.63946665,0.413700833,0.468298067,0.3479235,0.3459388,0.439003167,0.390638133,0.436431622,0.2219937,0.358785267,0.424372467,0.476,0.533
1469.516,0.251878633,0.6372223,0.412770167,0.468936333,0.3470034,0.3450608,0.438068467,0.389571033,0.432788367,0.221153,0.357641733,0.422483,0.474,0.532
1471.444,0.251218567,0.634979675,0.4119211,0.469648767,0.346143533,0.344200567,0.437153433,0.3885644,0.431471022,0.2202662,0.3563285,0.420791,0.473,0.531
1473.373,0.250252167,0.6324705,0.410863633,0.4700269,0.3451096,0.343218233,0.436306267,0.3878803,0.432116422,0.2193133,0.354844167,0.419097867,0.472,0.53
1475.301,0.2495967,0.630492675,0.409827567,0.4707274,0.344066433,0.342393133,0.435564933,0.387389733,0.4326213,0.2186063,0.3534477,0.4174991,0.471,0.529
1477.23,0.2489459,0.62883315,0.409038733,0.471537133,0.342896233,0.341637267,0.4347596,0.386907533,0.431705656,0.2180053,0.3520401,0.416039133,0.47,0.528
1479.158,0.2482418,0.627394125,0.408289667,0.4718338,0.341663667,0.340952333,0.433898467,0.3863477,0.430139944,0.2174237,0.350568,0.414821167,0.47,0.528
1481.087,0.247658833,0.62629015,0.407553,0.471816433,0.3402845,0.340301533,0.433145267,0.385628567,0.429312744,0.216893133,0.3490769,0.413656867,0.469,0.527
1483.015,0.247355433,0.625467925,0.407110733,0.472227067,0.339152367,0.3399181,0.4325838,0.385058133,0.429005689,0.216573567,0.347756233,0.412588067,0.468,0.527
1484.944,0.2471463,0.62442425,0.406718,0.472587833,0.338030567,0.339683933,0.431994767,0.385044033,0.427868822,0.216261733,0.3464849,0.4117787,0.468,0.526
1486.872,0.246798333,0.623139,0.406292467,0.472626933,0.336601833,0.339569167,0.431291633,0.385466833,0.427030922,0.215826067,0.345392533,0.411333433,0.467,0.526
1488.801,0.246257767,0.621576275,0.4057418,0.472548267,0.3349364,0.339617133,0.4306645,0.385961067,0.427974667,0.215325833,0.3443547,0.4110387,0.467,0.526
1490.729,0.245946767,0.619965525,0.405041767,0.4722955,0.333128267,0.3397832,0.430301333,0.3859745,0.4294838,0.2150019,0.343486433,0.410824533,0.466,0.525
1492.658,0.2460402,0.61864695,0.404290833,0.471932233,0.331596367,0.340085967,0.430085533,0.385443033,0.4286651,0.2148891,0.3428042,0.4105325,0.466,0.525
1494.586,0.246003167,0.617093275,0.4036338,0.471986733,0.3303688,0.340263533,0.429892867,0.385134533,0.427022322,0.2146448,0.3421661,0.410380433,0.466,0.525
1496.515,0.245385733,0.615072325,0.4030414,0.472030033,0.329024933,0.340132933,0.429854433,0.3856032,0.427200189,0.214098267,0.341355867,0.410326367,0.466,0.525
1498.443,0.2447908,0.6130601,0.402477433,0.4717426,0.327918667,0.340009233,0.430041067,0.386046867,0.428063656,0.213552633,0.340650067,0.4101921,0.465,0.525
1500.372,0.244339033,0.611050125,0.401929133,0.471078533,0.326864933,0.339929733,0.430420767,0.3858387,0.427187233,0.2131225,0.3400755,0.409868667,0.465,0.524
1502.3,0.2440615,0.609351425,0.401506833,0.470505667,0.3259957,0.3398494,0.430988,0.3854043,0.425465244,0.2128535,0.339601467,0.409477567,0.464,0.524
1504.229,0.2437439,0.607641075,0.401244767,0.4695187,0.325112433,0.3397007,0.431408733,0.3849176,0.422333011,0.212522,0.3390873,0.409140433,0.464,0.524
1506.157,0.243479367,0.606117375,0.400749933,0.468215967,0.324370533,0.3395547,0.4317214,0.3839786,0.422137144,0.212165933,0.338631667,0.4086972,0.463,0.523
1508.086,0.2435328,0.604947975,0.400238933,0.4672169,0.323891267,0.339512367,0.432057533,0.3826815,0.424775911,0.211940267,0.338183267,0.407982433,0.463,0.523
1510.014,0.2433877,0.603851825,0.399951833,0.4658603,0.3237228,0.339449133,0.432182433,0.382120167,0.424407433,0.211684167,0.337501167,0.4071576,0.462,0.522
1511.943,0.2431359,0.60276775,0.399644333,0.464172767,0.323299533,0.339141333,0.432018267,0.3819404,0.423208533,0.2114129,0.336664433,0.4062812,0.462,0.522
1513.871,0.2429937,0.60171425,0.399308267,0.462551167,0.322879067,0.338823667,0.431712533,0.381484967,0.421601933,0.2111843,0.335936533,0.4054303,0.461,0.521
1515.8,0.2430711,0.6006065,0.3990029,0.4613622,0.323060933,0.338545267,0.431413133,0.381055767,0.420578,0.211039167,0.3352687,0.404353867,0.46,0.521
1517.728,0.243411567,0.59984025,0.3987395,0.460475067,0.3236107,0.3381785,0.431217433,0.3805264,0.420250533,0.211093333,0.334656633,0.403016067,0.46,0.52
1519.657,0.243905967,0.5995093,0.398638967,0.4600526,0.324404967,0.337772833,0.430948833,0.379917,0.418846378,0.211262167,0.3340049,0.4015045,0.459,0.52
1521.585,0.243723033,0.598931625,0.3987861,0.460016333,0.324900533,0.336953433,0.4304824,0.379949967,0.419391822,0.2110402,0.333198633,0.400041867,0.458,0.519
1523.514,0.243120667,0.598132025,0.399039867,0.459994367,0.3249521,0.335871167,0.430039267,0.380424,0.420303878,0.2106649,0.332291733,0.398552633,0.457,0.518
1525.442,0.243039133,0.597604775,0.399342333,0.460478767,0.3252459,0.335015733,0.4298515,0.380596633,0.419945389,0.2105742,0.3316256,0.397067967,0.456,0.518
1527.371,0.243331967,0.5971029,0.3996598,0.4613761,0.3255301,0.3344263,0.429852067,0.380184433,0.4202105,0.210588233,0.331016,0.395622967,0.456,0.517
1529.299,0.242826067,0.596321575,0.399873233,0.4611934,0.32516,0.333524333,0.42927,0.379403833,0.419588622,0.210390567,0.330356167,0.394514367,0.455,0.517
1531.228,0.241988633,0.595340125,0.3997818,0.460804267,0.3242556,0.3324432,0.4283882,0.378673333,0.418206744,0.2099384,0.329746333,0.393787733,0.454,0.516
1533.156,0.241041933,0.594649675,0.399506667,0.4606999,0.323074433,0.3313258,0.4275812,0.378287467,0.417962733,0.2093529,0.329299433,0.393214367,0.454,0.516
1535.085,0.2402169,0.594217975,0.3992288,0.460764833,0.321848633,0.330342067,0.426963667,0.378250333,0.418374678,0.208823167,0.328871,0.3927818,0.453,0.515
1537.013,0.239298633,0.5937204,0.398954067,0.4603711,0.320662533,0.329437167,0.426393633,0.378608233,0.415868422,0.2083189,0.3283579,0.392542667,0.453,0.515
1538.942,0.238654067,0.593110725,0.398585867,0.460239467,0.319425467,0.3286074,0.4258987,0.378493633,0.415068278,0.2079698,0.327956267,0.392349067,0.452,0.514
1540.87,0.2383205,0.59251275,0.398114467,0.460568633,0.318665433,0.328104767,0.425625,0.377956667,0.416298578,0.207706467,0.327736933,0.392320767,0.451,0.514
1542.799,0.238189867,0.592006675,0.397754033,0.461189767,0.3184489,0.327938133,0.425527867,0.3772749,0.416244244,0.207468767,0.327707767,0.3922645,0.451,0.514
1544.727,0.2385582,0.59195835,0.397540733,0.462029067,0.318384967,0.328056167,0.4255627,0.375933767,0.416156589,0.2075298,0.327983367,0.392273033,0.45,0.513
1546.656,0.238629467,0.59180735,0.397304333,0.463245,0.317999733,0.327806533,0.4253923,0.375519867,0.415058289,0.207346033,0.328262033,0.392151867,0.45,0.513
1548.584,0.238209833,0.591228825,0.3971528,0.4646491,0.317181667,0.3274513,0.425396,0.3758463,0.413484289,0.206907333,0.328533767,0.3919143,0.449,0.513
1550.513,0.2380213,0.590548825,0.397120333,0.466414267,0.316397467,0.327304533,0.4255781,0.3757515,0.412358022,0.2066299,0.328861833,0.391577233,0.449,0.512
1552.441,0.238125833,0.589964275,0.397325467,0.468279467,0.315969733,0.3275055,0.4259173,0.375372667,0.411099889,0.2065087,0.329175533,0.391241933,0.448,0.512
1554.37,0.238108033,0.5892101,0.397564167,0.4695791,0.315355167,0.327799133,0.426109067,0.374849333,0.410043111,0.2062889,0.3293257,0.390967767,0.448,0.512
1556.298,0.2373396,0.588289925,0.397764967,0.469635667,0.3141547,0.327753733,0.425921367,0.373987867,0.408316622,0.2059061,0.3292537,0.3908218,0.447,0.512
1558.227,0.236751867,0.587450025,0.3981122,0.469683233,0.313021867,0.3276772,0.425821667,0.373680367,0.407983122,0.205453567,0.328971133,0.390741333,0.447,0.511
1560.155,0.2364169,0.58687305,0.3985649,0.469502767,0.311877433,0.327688867,0.425757,0.3736572,0.4098785,0.2050833,0.328542967,0.390610133,0.446,0.511
1562.084,0.2364583,0.586453775,0.398877633,0.469043867,0.310751467,0.3278428,0.4257794,0.373276467,0.409144589,0.204945567,0.327916267,0.390406033,0.446,0.511
1564.012,0.2365821,0.58606565,0.399109633,0.468093233,0.3098662,0.328013867,0.425758767,0.373005333,0.407535078,0.2048644,0.327062,0.390212233,0.445,0.511
1565.941,0.2366969,0.5856253,0.399266933,0.467296667,0.3091013,0.328197267,0.425623133,0.372587867,0.407246244,0.204831267,0.326071133,0.389947833,0.445,0.511
1567.869,0.236974833,0.585363925,0.399339133,0.466866967,0.308680233,0.328460333,0.425528033,0.371924533,0.406718878,0.204957133,0.3251061,0.389731467,0.444,0.51
1569.798,0.237325333,0.5850895,0.399386467,0.466259333,0.308599767,0.328760933,0.4253221,0.3710935,0.406807467,0.205124767,0.324287767,0.3895012,0.444,0.51
1571.726,0.237668367,0.584718825,0.399398033,0.4654954,0.308704167,0.328844733,0.424929933,0.370418433,0.406898133,0.205277633,0.323691633,0.389160933,0.443,0.51
1573.655,0.2373087,0.58391955,0.3991348,0.464883733,0.3085117,0.328276767,0.424315667,0.3710227,0.404929044,0.2050542,0.323046133,0.3884844,0.443,0.51
1575.583,0.2367715,0.583036375,0.3987211,0.4644244,0.308380467,0.327845,0.4239535,0.371238767,0.404589589,0.204873,0.322491967,0.3876352,0.442,0.509
1577.512,0.236446733,0.58231725,0.398302233,0.463874433,0.308587267,0.327523,0.4235387,0.370680367,0.405407178,0.204873,0.322112833,0.386588667,0.441,0.509
1579.44,0.236149967,0.58180185,0.397943667,0.463208767,0.308843567,0.327214333,0.4230268,0.369951967,0.405115644,0.204905967,0.321822267,0.385414367,0.441,0.509
1581.369,0.235849933,0.581345675,0.397453433,0.4627626,0.309053433,0.3268322,0.422513733,0.3692687,0.404254,0.204946133,0.321595967,0.384224233,0.44,0.509
1583.297,0.235486367,0.580856525,0.3968885,0.462181467,0.3093291,0.3262875,0.422074933,0.368335267,0.4037714,0.204990267,0.3214027,0.382987567,0.44,0.508
1585.226,0.2349588,0.58020385,0.396368367,0.461001433,0.309564433,0.325579733,0.421473733,0.367523067,0.402903822,0.204923667,0.321178133,0.381710867,0.439,0.508
1587.154,0.234491733,0.579669825,0.3957659,0.459963033,0.3097307,0.3248815,0.420891467,0.3665507,0.401801756,0.2049205,0.3210457,0.380467267,0.438,0.508
1589.083,0.2340378,0.579144475,0.3950701,0.459075333,0.309794433,0.3241292,0.420284333,0.366063867,0.401215556,0.2049488,0.320969833,0.3792748,0.438,0.507
1591.011,0.2334112,0.57850295,0.394420133,0.458193667,0.309684367,0.3232587,0.4196047,0.366160567,0.400484189,0.204881167,0.3208683,0.3782553,0.437,0.507
1592.94,0.232766733,0.577687125,0.393946967,0.457789667,0.309369033,0.322347467,0.418895933,0.3657474,0.399701356,0.2047998,0.320725033,0.3773752,0.436,0.506
1594.868,0.232240433,0.57680785,0.3936624,0.457474867,0.3090194,0.321468167,0.418320967,0.365080133,0.399131211,0.2047703,0.320587333,0.376735767,0.436,0.506
1596.797,0.231733333,0.57582315,0.3935238,0.457161333,0.3087319,0.3206954,0.4178856,0.3645404,0.398408744,0.204681667,0.320480267,0.3762493,0.435,0.506
1598.725,0.2312395,0.574938325,0.3935562,0.457032833,0.308326533,0.319954533,0.417541867,0.364104833,0.397230456,0.2045185,0.320391267,0.375925767,0.434,0.505
1600.654,0.230769933,0.574179125,0.393675967,0.4570392,0.307637067,0.319253233,0.417273533,0.363537133,0.396146767,0.204339933,0.320227867,0.3757789,0.434,0.505
1602.582,0.230382667,0.57357,0.393747467,0.457062967,0.3070176,0.318746767,0.417114967,0.3626582,0.395456811,0.2041851,0.320035333,0.375755933,0.433,0.504
1604.511,0.22991,0.5728702,0.393709233,0.457169467,0.306465467,0.3181467,0.4168336,0.361906267,0.395036489,0.2038919,0.319804633,0.3757041,0.432,0.504
1606.439,0.2294059,0.57224205,0.3936558,0.457550733,0.305803133,0.317529267,0.416620833,0.3612664,0.394573456,0.203457267,0.319621867,0.375786033,0.432,0.504
1608.368,0.2289562,0.5716899,0.393498433,0.458109333,0.3051017,0.317021867,0.416642367,0.3604384,0.394274411,0.2029765,0.319478667,0.375950867,0.431,0.503
1610.296,0.2285451,0.57113045,0.3932675,0.458384,0.304342933,0.316526267,0.416875467,0.3592966,0.394294556,0.202432067,0.319366667,0.376118533,0.43,0.503
1612.225,0.2280712,0.570314475,0.392786233,0.458313567,0.303513267,0.3160801,0.417101133,0.3583768,0.394097278,0.201800367,0.319378567,0.3762846,0.429,0.503
1614.153,0.227648633,0.569595625,0.392146033,0.458523167,0.30268,0.315818133,0.417285133,0.357622367,0.393302544,0.201194067,0.319571933,0.3764672,0.429,0.502
1616.082,0.227233167,0.569001625,0.3913735,0.4587256,0.301673567,0.315628033,0.4173447,0.357071533,0.392871367,0.2005783,0.319861333,0.3766408,0.428,0.502
1618.01,0.226877867,0.568352225,0.390500333,0.4588206,0.300471567,0.315509733,0.4173715,0.356286333,0.393185144,0.1999936,0.320255,0.376772667,0.427,0.501
1619.939,0.226614833,0.5676744,0.389699833,0.4590417,0.299315067,0.3155404,0.417454667,0.355148767,0.393347678,0.199478367,0.3207111,0.376786767,0.427,0.501
1621.867,0.226486833,0.56702655,0.388948467,0.4593266,0.2983237,0.315809467,0.417626467,0.3541147,0.392696122,0.199041833,0.321237467,0.376667933,0.426,0.501
1623.796,0.226213633,0.56610275,0.388054767,0.4598507,0.297354467,0.3160145,0.417615333,0.352989433,0.392702167,0.198504333,0.3217331,0.376452433,0.426,0.5
1625.724,0.225814733,0.565147175,0.387088467,0.4600958,0.296381733,0.316184467,0.4175216,0.352121,0.392722689,0.1978604,0.322153433,0.376204833,0.425,0.5
1627.653,0.225423867,0.564166175,0.3860883,0.459977533,0.295585733,0.3164212,0.417303933,0.351476933,0.392222989,0.197221267,0.322440433,0.375837667,0.424,0.5
1629.581,0.225060833,0.5632527,0.385091567,0.4598163,0.2949255,0.3167299,0.416998933,0.351040133,0.391707344,0.196644067,0.322608233,0.375257367,0.424,0.499
1631.51,0.224684633,0.562473875,0.3841972,0.460004967,0.294334767,0.316924733,0.416650933,0.350713033,0.391221267,0.196054433,0.3226297,0.374453567,0.423,0.499
1633.438,0.2244672,0.561914775,0.383564,0.4603708,0.293893767,0.317124533,0.416539867,0.350209267,0.389728356,0.195554067,0.322568067,0.3736291,0.423,0.499
1635.367,0.224047167,0.561273425,0.382814167,0.460478533,0.293631867,0.3172363,0.4161958,0.349967233,0.388613622,0.1949695,0.322313767,0.372713633,0.422,0.498
1637.295,0.2235726,0.5607242,0.3819111,0.460375233,0.2936869,0.317343267,0.4158007,0.350104833,0.388654822,0.194314033,0.321852167,0.371735867,0.422,0.498
1639.224,0.2232878,0.5601605,0.38093,0.4603749,0.2940794,0.317619833,0.4154138,0.350701,0.388036067,0.193751833,0.321337833,0.370771233,0.421,0.497
1641.152,0.2226601,0.559854875,0.3805259,0.4603828,0.294277367,0.317669333,0.415077633,0.350649433,0.386843778,0.1931168,0.3207129,0.369846267,0.421,0.497
1643.081,0.221801833,0.559653925,0.380185767,0.460379233,0.294250167,0.317268233,0.414808367,0.350225167,0.385085411,0.192542767,0.3197889,0.368947267,0.42,0.497
1645.009,0.221122,0.559358675,0.3798975,0.4605451,0.2941033,0.3167735,0.4147263,0.349969833,0.384002567,0.192131867,0.318775733,0.3681194,0.42,0.496
1646.938,0.220666333,0.559042625,0.379755933,0.460682267,0.294039467,0.3162726,0.414825067,0.349881233,0.383342978,0.191909767,0.317638667,0.367266167,0.419,0.496
1648.866,0.220373067,0.55872915,0.3796977,0.460753867,0.294197333,0.3157271,0.415021567,0.3495861,0.382387078,0.191829833,0.3164029,0.3664586,0.419,0.496
1650.795,0.219925933,0.558198725,0.3793995,0.4607611,0.2943323,0.314868533,0.415135367,0.349124733,0.379586611,0.191653167,0.315074367,0.365752767,0.418,0.495
1652.723,0.219560233,0.557714975,0.3790165,0.460311133,0.294427133,0.314055967,0.415355767,0.348909,0.3788505,0.191514867,0.3136459,0.365035533,0.418,0.495
1654.652,0.219505567,0.55732715,0.3786988,0.4599495,0.294465267,0.313390633,0.4156795,0.348489267,0.379869156,0.1915473,0.312156833,0.364278467,0.417,0.494
1656.58,0.219683433,0.557021125,0.3786144,0.459976,0.294219633,0.3127543,0.416127267,0.347796833,0.379009189,0.1917338,0.310704567,0.363518267,0.417,0.494
1658.509,0.219877967,0.556740975,0.378508433,0.459921067,0.293859933,0.312098233,0.4164755,0.347096133,0.3778587,0.191908,0.309279267,0.362873267,0.416,0.494
1660.437,0.2200947,0.556384925,0.378082733,0.4596001,0.293644733,0.311424533,0.416616367,0.346684567,0.377042611,0.1920957,0.307947567,0.3623909,0.416,0.493
1662.366,0.220089067,0.555727475,0.377205067,0.459034333,0.293329933,0.3107064,0.4163105,0.346774333,0.376394467,0.1921893,0.306692167,0.3619641,0.416,0.493
1664.294,0.2202142,0.555038725,0.3762716,0.458672767,0.293077967,0.3101339,0.415985867,0.3466752,0.376015133,0.192251467,0.305524633,0.3616132,0.415,0.493
1666.223,0.220476667,0.5544272,0.3754901,0.4583317,0.2928327,0.309650567,0.4156281,0.346293967,0.375321156,0.192374833,0.304516033,0.3613982,0.415,0.492
1668.151,0.2202804,0.5538362,0.374980333,0.4578835,0.292108933,0.3088482,0.4151296,0.3455156,0.374414344,0.1923643,0.303619967,0.361454267,0.415,0.492
1670.08,0.220254167,0.55333355,0.374337667,0.457461667,0.2913157,0.308026333,0.4145024,0.344981733,0.373886122,0.1924843,0.302802833,0.361685733,0.414,0.492
1672.008,0.220144333,0.552663425,0.3737777,0.456731767,0.290598533,0.307271567,0.413717567,0.344443267,0.373473156,0.192517067,0.302194667,0.362029267,0.414,0.491
1673.937,0.219913667,0.551887875,0.373150833,0.4559094,0.289754567,0.3064847,0.4128259,0.343682533,0.372415922,0.192579667,0.3017042,0.3623575,0.414,0.491
1675.865,0.219756567,0.5512973,0.3725859,0.4552685,0.2889436,0.305789,0.411897367,0.342850033,0.372328033,0.1927225,0.3013599,0.3626894,0.413,0.491
1677.794,0.2196094,0.550950825,0.372058333,0.454736367,0.288171467,0.305159333,0.410859833,0.342076833,0.3721804,0.192769333,0.3010943,0.362980667,0.413,0.49
1679.722,0.2196263,0.550894775,0.371657867,0.4542959,0.287589833,0.304782467,0.4099246,0.341327467,0.371068689,0.1928758,0.300866033,0.363109467,0.413,0.49
1681.651,0.219918533,0.5510766,0.371519433,0.454122833,0.2871984,0.304657467,0.409258267,0.3405094,0.369188633,0.193103867,0.3006858,0.363108833,0.412,0.49
1683.579,0.220220433,0.551292825,0.371640833,0.4536568,0.286627867,0.3046318,0.408588667,0.339543433,0.368758967,0.193329533,0.3005296,0.362987833,0.412,0.489
1685.508,0.2203237,0.551509025,0.371616767,0.452939733,0.285977267,0.3046311,0.407807433,0.338708267,0.3695511,0.193393967,0.3003646,0.362765067,0.412,0.489
1687.436,0.2203923,0.5518623,0.371408067,0.452417033,0.285629467,0.304566633,0.4070908,0.3377759,0.369229122,0.193393067,0.300167033,0.362524733,0.412,0.489
1689.365,0.220291467,0.55210565,0.3712,0.4518957,0.2850406,0.304388367,0.406319167,0.337274133,0.368407744,0.1932604,0.299738267,0.3620137,0.411,0.488
1691.293,0.220298233,0.552332125,0.371290767,0.451579967,0.284541833,0.304307,0.405674833,0.3371537,0.368332267,0.193101167,0.2992658,0.361403933,0.411,0.488
1693.222,0.220432533,0.552812,0.3715236,0.4513671,0.2840853,0.304417267,0.405057,0.3372341,0.366625367,0.192932767,0.298806167,0.360750067,0.411,0.488
1695.15,0.2206323,0.553380425,0.371885,0.4514963,0.283669,0.304629567,0.404294367,0.337277,0.365902522,0.192693567,0.298399367,0.3600418,0.411,0.487
1697.079,0.220927367,0.5538637,0.372406267,0.451645367,0.283403767,0.304844767,0.403523767,0.337118767,0.366339,0.192460567,0.298002833,0.359244733,0.41,0.487
1699.007,0.2210261,0.554050925,0.372963033,0.451878233,0.283149467,0.304871633,0.402845933,0.336609467,0.365573311,0.192186033,0.2976035,0.358429167,0.41,0.487
1700.936,0.221340233,0.5542372,0.3735234,0.452614667,0.282787633,0.304956333,0.402277233,0.336064433,0.366051378,0.192043133,0.2972424,0.357573367,0.41,0.486
1702.864,0.221930233,0.55458055,0.3742993,0.453490733,0.2827572,0.305205633,0.4018425,0.335858467,0.367470322,0.191995067,0.297003867,0.356620167,0.409,0.486
1704.793,0.222435933,0.554798475,0.375082267,0.454175567,0.2832088,0.305256233,0.4015747,0.335268767,0.366872356,0.191948633,0.296847767,0.3556958,0.409,0.486
1706.721,0.2229672,0.5551183,0.3756753,0.4545778,0.2838267,0.305170667,0.401626033,0.334472833,0.367166356,0.19191,0.296858867,0.3548454,0.409,0.485
1708.65,0.223732467,0.55563855,0.376209267,0.454881467,0.2845498,0.3051339,0.401967767,0.3334953,0.368057867,0.1920266,0.2970965,0.353989067,0.408,0.485
1710.578,0.2245111,0.556159825,0.3765408,0.454977867,0.2852695,0.305080233,0.4023919,0.332394233,0.368601178,0.1922247,0.297533167,0.3531993,0.408,0.484
1712.507,0.225217667,0.556681375,0.376570933,0.455208,0.2860747,0.304909767,0.402826633,0.3316631,0.368337911,0.192440633,0.298117633,0.352537333,0.408,0.484
1714.435,0.225905033,0.557388925,0.3763863,0.455398933,0.286950967,0.304628833,0.4032514,0.331179767,0.368393756,0.1927156,0.2987413,0.352082467,0.407,0.483
1716.364,0.226599767,0.558264675,0.376133267,0.455322167,0.287481167,0.3043396,0.4035743,0.331074367,0.369144233,0.193033367,0.299304867,0.351594533,0.407,0.483
1718.292,0.2274163,0.559231725,0.376182,0.4552732,0.287934367,0.304105033,0.4039196,0.3311849,0.370415033,0.1934488,0.3000754,0.3512529,0.407,0.482
1720.221,0.2281896,0.560319825,0.376369067,0.455421867,0.288191367,0.303893367,0.404050867,0.331424667,0.3714006,0.193802667,0.300950467,0.351046633,0.407,0.482
1722.149,0.228778367,0.561394675,0.376587333,0.455719133,0.288760133,0.3035706,0.403876133,0.3316238,0.371218156,0.1939099,0.301813833,0.351107367,0.406,0.482
1724.078,0.2293767,0.5623183,0.377019,0.455758,0.289501267,0.303197167,0.4035419,0.332110033,0.371303522,0.1940365,0.3025786,0.351480267,0.406,0.481
1726.006,0.230037033,0.563202425,0.377665267,0.455860867,0.290152067,0.302851833,0.4030556,0.332732767,0.371721389,0.1942726,0.303255467,0.3520952,0.406,0.481
1727.935,0.2306564,0.5641469,0.378479167,0.456196767,0.290722367,0.302453067,0.402320667,0.3333912,0.371382156,0.194445033,0.303828,0.352702633,0.406,0.481
1729.863,0.231074833,0.5649934,0.3794877,0.45631,0.2913211,0.301891267,0.4015606,0.3340418,0.370796767,0.194478933,0.304237067,0.3533027,0.406,0.481
1731.792,0.231196533,0.5654865,0.380522,0.456069867,0.2918959,0.300912133,0.400901567,0.3341537,0.369962656,0.194397933,0.3044894,0.3540843,0.406,0.481
1733.72,0.2313016,0.56603545,0.381467633,0.455738233,0.2922341,0.299831633,0.400277,0.3341514,0.370842089,0.194220033,0.3046852,0.354974467,0.406,0.48
1735.649,0.2315346,0.566657,0.3823742,0.4554772,0.2924488,0.298870433,0.3996104,0.3340686,0.371795378,0.194108933,0.3048474,0.3558052,0.406,0.48
1737.577,0.231668367,0.567096075,0.383135667,0.454963233,0.292545833,0.297981367,0.398987167,0.334239433,0.370477244,0.1940285,0.304893733,0.356744533,0.406,0.48
1739.506,0.231691067,0.567537125,0.383771533,0.454097367,0.2923365,0.297049433,0.398242333,0.334628467,0.3699132,0.193995033,0.304776333,0.357733533,0.406,0.48
1741.434,0.2317183,0.568243575,0.384270367,0.4530831,0.291860467,0.296189433,0.397537133,0.334718667,0.369741233,0.194116133,0.304491433,0.358600933,0.406,0.48
1743.363,0.231773033,0.569159075,0.384765933,0.452231433,0.2912595,0.2954281,0.3969392,0.3345647,0.369555811,0.194310867,0.304062,0.3592595,0.406,0.48
1745.291,0.231692033,0.57015445,0.3852158,0.451415033,0.290578367,0.294689133,0.396455,0.334540367,0.369195467,0.1945024,0.3036132,0.359870667,0.406,0.479
1747.22,0.231477167,0.57128195,0.3855325,0.450551967,0.289919333,0.2940438,0.396018233,0.334550833,0.368607267,0.194755633,0.303144167,0.3604613,0.406,0.479
1749.148,0.2310285,0.572304775,0.385740333,0.449607167,0.289732567,0.2934135,0.395453867,0.334306933,0.368815111,0.1948975,0.302638633,0.3610489,0.406,0.479
1751.077,0.230563933,0.57316635,0.385940067,0.448525133,0.289688967,0.2929016,0.394852833,0.334063967,0.369856622,0.1951657,0.302125533,0.361443567,0.406,0.479
1753.005,0.230153067,0.57413335,0.3860738,0.447795533,0.289693233,0.2925205,0.394306733,0.333637733,0.369798811,0.195563867,0.301602133,0.361615433,0.406,0.479
1754.934,0.2297463,0.575272875,0.386179167,0.447311967,0.289651433,0.292162667,0.393820067,0.333020433,0.368653433,0.195891367,0.3011001,0.361577,0.406,0.478
1756.862,0.229368633,0.576265,0.3862851,0.446698133,0.2895379,0.291956667,0.393498767,0.332590667,0.368798511,0.196177467,0.300608133,0.361358167,0.405,0.478
1758.791,0.229069767,0.57691365,0.386419533,0.446179633,0.289595433,0.291835867,0.393264033,0.332238133,0.369027444,0.1965073,0.3002006,0.3610625,0.405,0.478
1760.719,0.228691067,0.57711325,0.386664667,0.4456528,0.2896677,0.2916617,0.392869033,0.331897867,0.368819889,0.196778067,0.299920633,0.360662533,0.405,0.477
1762.648,0.228290367,0.5770021,0.386946133,0.4450001,0.289438667,0.2915193,0.392458367,0.331423867,0.369382556,0.196869767,0.2997423,0.360121867,0.404,0.477
1764.576,0.2278325,0.576719475,0.3870796,0.4442544,0.289161167,0.291436633,0.392177867,0.330976333,0.369038744,0.196799633,0.2996206,0.359590267,0.403,0.476
1766.505,0.227429867,0.5765141,0.3871345,0.443446567,0.2889303,0.291324867,0.391880967,0.3304792,0.368547011,0.1966915,0.299483733,0.358948367,0.403,0.476
1768.433,0.2271496,0.576331825,0.387217333,0.442629167,0.2886938,0.291295133,0.391726667,0.329786433,0.368588878,0.196598167,0.299359133,0.358107067,0.402,0.475
1770.362,0.2269505,0.5761058,0.387260667,0.442033733,0.288384367,0.291254433,0.391727333,0.3289232,0.367646811,0.196406367,0.2993041,0.3571714,0.402,0.475
1772.29,0.226740367,0.5758451,0.3871245,0.4414904,0.288035167,0.291123167,0.391844867,0.327917333,0.367375467,0.196147067,0.299350633,0.356281533,0.401,0.474
1774.219,0.226549667,0.575483,0.387021733,0.440836967,0.2878508,0.290984667,0.391902267,0.326795933,0.367789567,0.195925167,0.299485267,0.355371,0.401,0.474
1776.147,0.2263863,0.5750957,0.386951033,0.4403034,0.287978333,0.290835333,0.391835467,0.325318367,0.367377689,0.1956511,0.299644867,0.354403467,0.4,0.473
1778.076,0.2262566,0.5748437,0.3868109,0.439884967,0.288379267,0.290696833,0.391784733,0.323905667,0.366867211,0.1952833,0.2997868,0.353466233,0.4,0.473
1780.004,0.226167433,0.57476365,0.386723833,0.4396758,0.288650067,0.290472367,0.3917663,0.322910733,0.366189556,0.194788767,0.2999108,0.352690533,0.399,0.472
1781.933,0.226036933,0.57456745,0.386608633,0.4395985,0.288607533,0.2901539,0.391594267,0.3219151,0.365840622,0.194172167,0.300052967,0.352085667,0.399,0.472
1783.861,0.225867367,0.5741886,0.386427433,0.439605233,0.2885484,0.289816567,0.391274233,0.3211277,0.364943678,0.193538867,0.300173933,0.351636167,0.398,0.471
1785.79,0.225680267,0.5737384,0.386373533,0.439667333,0.288677367,0.289347167,0.390727133,0.320484967,0.364289944,0.192935967,0.3002606,0.3513665,0.397,0.47
1787.718,0.225349833,0.573110825,0.386481067,0.439480167,0.2886467,0.288681067,0.389929733,0.319794933,0.363784156,0.192294733,0.300335633,0.3512612,0.397,0.47
1789.647,0.225007367,0.572642975,0.386597167,0.439157033,0.2883313,0.287976067,0.389058733,0.318874133,0.362490256,0.191563767,0.300377667,0.3513019,0.396,0.469
1791.575,0.2246986,0.57241855,0.386557967,0.4387616,0.288151567,0.287234967,0.388179,0.318046067,0.3620515,0.190840767,0.300380533,0.351478333,0.395,0.468
1793.504,0.2244623,0.57236525,0.386522233,0.438355067,0.288128133,0.2864238,0.387364933,0.317309833,0.3622796,0.190201833,0.3002817,0.351729633,0.395,0.468
1795.432,0.224253033,0.572315,0.3865485,0.4380312,0.2880702,0.285615267,0.3866814,0.3165133,0.361922267,0.189626333,0.3000994,0.352043033,0.394,0.467
1797.361,0.224036467,0.572167325,0.3864839,0.437759267,0.288032967,0.284747867,0.386093867,0.315575767,0.360956067,0.1890764,0.2998313,0.3523724,0.393,0.466
1799.289,0.223765667,0.571770075,0.3863496,0.437351933,0.287970133,0.283834633,0.385490867,0.3145795,0.360271744,0.188546633,0.299484033,0.3527166,0.393,0.466
1801.218,0.223484033,0.571222375,0.3861944,0.436682333,0.287923233,0.2828856,0.384807367,0.313565867,0.359554489,0.188062333,0.2990311,0.353052333,0.392,0.465
1803.146,0.223247,0.5707904,0.385917033,0.436056333,0.2878931,0.281951567,0.3842313,0.312470033,0.359170467,0.187656467,0.298434733,0.353319133,0.391,0.464
1805.075,0.223002033,0.570283975,0.385584467,0.435824367,0.2878236,0.281042567,0.383820967,0.311776667,0.3589834,0.187241933,0.297728767,0.353607467,0.391,0.464
1807.003,0.222668833,0.569503225,0.385143633,0.435859167,0.287444933,0.2800925,0.383456567,0.3113905,0.358410056,0.1867907,0.296951733,0.353920167,0.39,0.463
1808.932,0.222269133,0.5685421,0.384585567,0.4358321,0.2868723,0.279174267,0.382967867,0.310724167,0.357561722,0.1864177,0.296117567,0.3541728,0.389,0.463
1810.86,0.221882867,0.567729325,0.3839904,0.435715967,0.286370467,0.2783436,0.382458267,0.3100592,0.356998211,0.1861508,0.295245467,0.354331933,0.389,0.462
1812.789,0.221464767,0.5670159,0.383313867,0.435442533,0.2859246,0.277563967,0.3818626,0.3094008,0.356465889,0.185891533,0.2943747,0.3543695,0.388,0.462
1814.717,0.220941533,0.56618965,0.382514867,0.434853533,0.285389233,0.276899667,0.3812203,0.3088164,0.355575244,0.185656767,0.2935653,0.3542619,0.387,0.461
1816.646,0.220366367,0.565350075,0.381623567,0.434241633,0.284792933,0.2762587,0.3805866,0.308408933,0.354939556,0.185389733,0.292847467,0.3539711,0.386,0.46
1818.574,0.219720133,0.56443525,0.3806176,0.433752833,0.2842302,0.275640667,0.379992,0.3081327,0.354059667,0.185002233,0.2922175,0.353515,0.385,0.46
1820.503,0.219039267,0.563430575,0.3796241,0.433391,0.283615933,0.275144133,0.3794246,0.307749067,0.353070122,0.1845972,0.291638467,0.3528593,0.384,0.459
1822.431,0.218365933,0.5624264,0.3787333,0.432991767,0.2829801,0.274747367,0.378904267,0.3074241,0.351675678,0.1842055,0.291135467,0.3519567,0.383,0.458
1824.36,0.2176635,0.561376425,0.377829933,0.432251533,0.282237867,0.274325633,0.378358467,0.307015533,0.350852678,0.183762367,0.2906974,0.350836967,0.382,0.457
1826.288,0.2168873,0.560322425,0.3768794,0.4312189,0.281274667,0.2739301,0.3777476,0.3062185,0.349890989,0.183293033,0.290309533,0.3495323,0.381,0.456
1828.217,0.216141833,0.559483025,0.375998033,0.430017933,0.280268033,0.273552167,0.377160967,0.305266033,0.348557922,0.182885833,0.289940733,0.348074967,0.38,0.456
1830.145,0.215485,0.558690425,0.375257433,0.4288937,0.2792691,0.2732616,0.376676833,0.304386933,0.347866011,0.182568967,0.289588067,0.346512567,0.378,0.455
1832.074,0.2147828,0.557732675,0.374592267,0.4279262,0.278329,0.272994667,0.376195433,0.303740767,0.346865811,0.182174733,0.289204267,0.344887567,0.377,0.454
1834.002,0.214048333,0.556567675,0.373856667,0.4267579,0.277388933,0.2727004,0.375700867,0.303158433,0.345243556,0.181714333,0.2888276,0.343201933,0.376,0.453
1835.931,0.213351,0.555367575,0.3731774,0.4252558,0.276478167,0.2723467,0.375149967,0.302457267,0.344082789,0.1812537,0.288415633,0.341509,0.374,0.452
1837.859,0.2126899,0.55430825,0.372451433,0.423740767,0.275679667,0.271992067,0.3745578,0.3017749,0.342763911,0.180790867,0.287950233,0.339785733,0.373,0.45
1839.788,0.2120244,0.553218475,0.371593167,0.422305267,0.275063233,0.271684833,0.373898033,0.301085067,0.341353556,0.180292967,0.287422267,0.338040933,0.371,0.449
1841.716,0.211365633,0.552032975,0.3706846,0.420835333,0.274446833,0.271474533,0.373214467,0.300404867,0.339257944,0.179803067,0.2868521,0.336276333,0.369,0.448
1843.645,0.210730533,0.55078515,0.369665633,0.4195314,0.2738261,0.2712376,0.372568033,0.299853133,0.338377578,0.179243,0.2862459,0.3345486,0.368,0.447
1845.573,0.210043233,0.5493371,0.3685938,0.418308533,0.273303767,0.2709257,0.3719249,0.299409267,0.338054756,0.1785628,0.285604267,0.332920767,0.366,0.445
1847.502,0.209398267,0.5479446,0.367513933,0.417094433,0.2729288,0.2705656,0.3712168,0.298949133,0.337230011,0.177969267,0.2849003,0.3313295,0.365,0.444
1849.43,0.208814933,0.546741025,0.366363933,0.415908867,0.2725972,0.2701253,0.3705176,0.298491833,0.336070256,0.1774098,0.2841335,0.329827567,0.363,0.443
1851.359,0.2082268,0.54554845,0.3651202,0.4145784,0.272181167,0.2696444,0.3698069,0.297607333,0.334679356,0.176848533,0.2833081,0.328442967,0.362,0.442
1853.287,0.207673633,0.54443665,0.363967733,0.413262033,0.2717036,0.269185467,0.369102767,0.2962878,0.333368156,0.1763374,0.282423733,0.327184333,0.36,0.441
1855.216,0.2071686,0.543359175,0.362967633,0.412174467,0.271074867,0.2686906,0.368362767,0.295081567,0.332211833,0.1758379,0.281513567,0.326100033,0.359,0.44
1857.144,0.206529267,0.54213165,0.361954667,0.411054333,0.2702804,0.268117267,0.367529567,0.294065667,0.331008844,0.175255667,0.2805606,0.3251882,0.357,0.439
1859.073,0.205719733,0.540815975,0.360746633,0.4099718,0.269465633,0.267380633,0.366605667,0.292971333,0.329666944,0.174514267,0.279506667,0.324378633,0.356,0.438
1861.001,0.204895167,0.5394869,0.359419233,0.408997233,0.2686444,0.266494267,0.3656665,0.2918008,0.328392256,0.1737529,0.2784065,0.323733467,0.355,0.437
1862.93,0.204110567,0.53831535,0.3581039,0.408089767,0.2678375,0.265546833,0.364695767,0.2905873,0.3270954,0.173064533,0.277244833,0.323242367,0.354,0.436
1864.858,0.203335067,0.537215,0.356724933,0.407331033,0.2669999,0.264639467,0.363768733,0.2894125,0.325728,0.1723938,0.2760724,0.322854533,0.352,0.435
1866.786,0.2026008,0.53604315,0.3553584,0.4066692,0.266176367,0.263763833,0.362851867,0.288405133,0.324516822,0.1717137,0.274903333,0.3225804,0.351,0.435
1868.715,0.201893967,0.53487075,0.353980167,0.405926933,0.265369867,0.2628716,0.361939333,0.2874287,0.323711378,0.1710109,0.2737927,0.322373733,0.35,0.434
1870.644,0.201191067,0.53372895,0.352481167,0.4051604,0.264598833,0.261915233,0.3610942,0.286586633,0.322778767,0.170284667,0.272745167,0.322189067,0.349,0.433
1872.572,0.200489133,0.5326463,0.3509824,0.4043697,0.263926333,0.2608817,0.3603671,0.285790467,0.321404789,0.169612667,0.271741133,0.322030633,0.348,0.432
1874.5,0.199802033,0.5316353,0.349578733,0.403712733,0.2634215,0.259817333,0.359662267,0.284947033,0.320003256,0.169004333,0.270755667,0.3218515,0.346,0.431
1876.429,0.199141267,0.530442525,0.348292667,0.4033169,0.2629359,0.258829967,0.358987733,0.284098867,0.318630367,0.168384133,0.269819233,0.321684633,0.345,0.43
1878.358,0.1984584,0.5288713,0.3471272,0.402831767,0.2623484,0.2578755,0.358316567,0.2830522,0.3172102,0.1677292,0.268980633,0.321478133,0.343,0.429
1880.286,0.1977796,0.527232475,0.346126233,0.4023183,0.261647067,0.256900767,0.3577111,0.282028533,0.315833244,0.167066533,0.2682253,0.321175567,0.342,0.428
1882.215,0.1970385,0.525599975,0.3451124,0.401909733,0.2607362,0.255904833,0.3570444,0.281183033,0.3145609,0.166369867,0.2675098,0.320784,0.34,0.427
1884.143,0.1961138,0.52389815,0.3439952,0.4013604,0.259737833,0.254876033,0.3562953,0.2804188,0.313180256,0.165627833,0.266793933,0.320254067,0.339,0.426
1886.072,0.195153367,0.522274,0.342835267,0.400993233,0.258783367,0.253839667,0.355567633,0.279551267,0.311718478,0.1649144,0.266063133,0.319500533,0.337,0.425
1888,0.194233867,0.5208469,0.3417338,0.4007856,0.257811133,0.252846267,0.354909433,0.2786339,0.3103837,0.1642729,0.265340567,0.318558633,0.335,0.424
1889.929,0.1933186,0.51939865,0.3407069,0.400737533,0.256765833,0.2519032,0.3543322,0.277653733,0.309230478,0.163658133,0.264599267,0.317412433,0.333,0.422
1891.857,0.192421567,0.5178501,0.339671,0.400755967,0.2557157,0.251028367,0.353841433,0.2766482,0.307888422,0.1629918,0.263840967,0.316145567,0.331,0.421
1893.786,0.191559767,0.51646405,0.338639533,0.4005326,0.2547027,0.250170533,0.353304567,0.275760733,0.306432556,0.1623171,0.263033267,0.314731867,0.329,0.419
1895.714,0.190701167,0.5152982,0.337586467,0.400095933,0.2537205,0.249452367,0.352686433,0.274811833,0.305089856,0.161644233,0.262223867,0.3131516,0.327,0.417
1897.643,0.189815867,0.514275375,0.336440133,0.399489967,0.252681733,0.248863067,0.351995833,0.2737724,0.3039297,0.160917533,0.2614001,0.311434333,0.325,0.416
1899.571,0.188932133,0.5133926,0.335236567,0.3988741,0.251619767,0.248296367,0.3513114,0.2727194,0.302464278,0.160219967,0.260487533,0.309587033,0.323,0.414
1901.5,0.188076133,0.512505025,0.334113367,0.398438467,0.250647933,0.2477729,0.3505826,0.2717679,0.300858278,0.159533267,0.2594672,0.3076303,0.32,0.412
1903.428,0.187263267,0.5115484,0.3330183,0.398097367,0.2496181,0.2473981,0.3498232,0.270832533,0.299457544,0.1588478,0.258404167,0.305651067,0.318,0.411
1905.357,0.1864322,0.5105178,0.331889167,0.397486933,0.248428333,0.247054533,0.3489705,0.269887467,0.297952344,0.1581121,0.2573088,0.303661333,0.316,0.409
1907.285,0.185591267,0.509427475,0.330736767,0.396665967,0.247214367,0.246668467,0.348028767,0.269126167,0.2964733,0.157340067,0.2561451,0.301640833,0.314,0.407
1909.214,0.184775433,0.508240425,0.3295319,0.3957423,0.246163,0.2462684,0.347014633,0.268400233,0.295241533,0.156556967,0.254914533,0.299647333,0.312,0.406
1911.142,0.183926833,0.50690335,0.328286833,0.394620933,0.245319333,0.2458408,0.3459634,0.267650833,0.294237344,0.155743433,0.2536761,0.2977011,0.311,0.404
1913.071,0.183068667,0.505527875,0.326969767,0.3935384,0.2445375,0.245353167,0.344908533,0.266755633,0.292742578,0.154924633,0.2524069,0.295758833,0.309,0.403
1914.999,0.182250833,0.504047875,0.325674433,0.3926182,0.2437189,0.244787667,0.343869167,0.265579767,0.291114556,0.154127667,0.251129767,0.2938949,0.307,0.401
1916.927,0.181455967,0.50226965,0.3244306,0.391838333,0.242882867,0.244153533,0.342838633,0.264254433,0.289846044,0.153380067,0.2498486,0.2921349,0.306,0.4
1918.856,0.180684233,0.50035375,0.3231102,0.390831067,0.2421459,0.243537733,0.3418047,0.263137467,0.2886242,0.152653067,0.24861,0.290532933,0.304,0.399
1920.785,0.179922567,0.49842185,0.3217201,0.389482767,0.2415148,0.2429355,0.3406698,0.2619902,0.286741878,0.151956933,0.247403333,0.289087,0.303,0.398
1922.713,0.1791518,0.49647775,0.320342267,0.3879977,0.240919,0.2423353,0.339471733,0.260827133,0.2852457,0.1512728,0.2462238,0.287838733,0.301,0.397
1924.641,0.178356933,0.49453285,0.3189254,0.386395233,0.240296633,0.241606833,0.338280967,0.259807533,0.284274256,0.1505411,0.245039967,0.2867897,0.3,0.396
1926.57,0.177566467,0.492699625,0.317503267,0.3848994,0.2396662,0.240759167,0.3371232,0.258901867,0.282888889,0.1498868,0.2438334,0.285946867,0.299,0.395
1928.499,0.176784033,0.490998775,0.3162076,0.383468033,0.238974,0.239921333,0.336052167,0.257961133,0.281278922,0.1493113,0.242664667,0.285280833,0.298,0.394
1930.427,0.175976967,0.489439475,0.314975933,0.381933633,0.2381381,0.239121,0.3350477,0.257031233,0.2794747,0.148736533,0.2415463,0.284752233,0.296,0.393
1932.355,0.175092167,0.4879104,0.3138034,0.380346433,0.2372275,0.2382215,0.333967867,0.256218433,0.278095544,0.148080833,0.2403709,0.284364,0.295,0.392
1934.284,0.174132967,0.486437725,0.312673367,0.378721433,0.236277333,0.2372153,0.3328007,0.255448633,0.276437767,0.147366533,0.239166933,0.284138733,0.293,0.391
1936.213,0.1731377,0.485155725,0.311584233,0.377085,0.235303967,0.2361557,0.3316478,0.254387,0.274556456,0.1466305,0.2379775,0.283969567,0.292,0.39
1938.141,0.172100333,0.4840276,0.3104429,0.3754856,0.2342202,0.235062667,0.3305238,0.2532163,0.272963967,0.145894367,0.236801967,0.283812033,0.29,0.389
1940.069,0.1710303,0.482931425,0.309139633,0.374096933,0.2329823,0.233899767,0.3294062,0.2520037,0.270897911,0.145168133,0.2355834,0.283641233,0.289,0.388
1941.998,0.1699541,0.481773675,0.3078557,0.372766933,0.231627267,0.232715167,0.3283474,0.2507012,0.269193356,0.144467233,0.2343577,0.2834364,0.287,0.387
1943.927,0.168856067,0.480421675,0.306523133,0.371415533,0.230297067,0.2315338,0.327366,0.249507833,0.267901156,0.143778567,0.233128,0.283140433,0.285,0.385
1945.855,0.167750567,0.4788474,0.3050697,0.370029967,0.229141533,0.230341133,0.326432233,0.2485179,0.266568456,0.143076867,0.2319227,0.2827399,0.283,0.384
1947.783,0.166644233,0.47719265,0.303623,0.368720633,0.228073933,0.229138033,0.325421867,0.247233833,0.264853789,0.142356567,0.230646567,0.282245033,0.28,0.382
1949.712,0.1655194,0.4755413,0.3021662,0.3675662,0.227041733,0.227871433,0.324443967,0.245844233,0.262896011,0.141610267,0.229293533,0.281665867,0.278,0.38
1951.641,0.164386867,0.47366005,0.300659,0.366506567,0.226010733,0.226578633,0.323551233,0.244433167,0.261219744,0.140827067,0.227930333,0.280965233,0.276,0.378
1953.569,0.163267133,0.4716207,0.299217567,0.3655842,0.225055067,0.225348067,0.322679367,0.243043333,0.259495044,0.140068067,0.226591533,0.280129433,0.273,0.377
1955.497,0.162105,0.469478975,0.2978047,0.364780467,0.2241469,0.224147967,0.321832167,0.241696867,0.258084822,0.1392731,0.225227567,0.2790795,0.271,0.375
1957.426,0.160887,0.467196125,0.296272533,0.3641248,0.223221067,0.222972333,0.3209907,0.240602467,0.256600478,0.138390567,0.223798767,0.277781467,0.268,0.373
1959.354,0.159635767,0.464838675,0.294657633,0.363650967,0.2222023,0.221853033,0.3200334,0.2395711,0.254729067,0.137424633,0.222330433,0.276349167,0.265,0.371
1961.283,0.158390833,0.462606775,0.2930662,0.3632042,0.221087467,0.220789733,0.3189572,0.238403233,0.252955011,0.136431367,0.220901333,0.274817567,0.263,0.369
1963.211,0.157159567,0.4605112,0.291420233,0.3628724,0.2197938,0.219777967,0.3178105,0.237075533,0.251442844,0.135426833,0.219490367,0.273035833,0.26,0.367
1965.14,0.155978633,0.458576,0.289715767,0.362675533,0.218315467,0.218884167,0.316642533,0.2357657,0.249806244,0.134461333,0.218072767,0.271080133,0.257,0.365
1967.068,0.154842333,0.45670425,0.287982,0.362415633,0.2167788,0.2180819,0.315464,0.2345152,0.248224878,0.133497467,0.2166085,0.269004833,0.255,0.363
1968.997,0.153741567,0.454955925,0.286253133,0.3621075,0.215178,0.217342033,0.314325067,0.233487767,0.246756822,0.132541367,0.2151563,0.266808033,0.253,0.361
1970.925,0.152663,0.45324875,0.284505367,0.3618038,0.213645833,0.2166084,0.313223867,0.232769267,0.244835322,0.1315891,0.213730833,0.264490267,0.25,0.359
1972.854,0.1516329,0.4515887,0.282808733,0.361521567,0.212196533,0.215962033,0.312110167,0.232090433,0.243051089,0.130657133,0.212355,0.262124267,0.248,0.358
1974.782,0.150641467,0.450039,0.281166667,0.361402433,0.2107915,0.215427,0.3109511,0.231077533,0.241395567,0.129687633,0.210996167,0.259779,0.246,0.356
1976.711,0.1496515,0.448537075,0.2795196,0.361443067,0.2093917,0.214900233,0.309894167,0.2300096,0.239567233,0.1286799,0.209671233,0.2574409,0.244,0.355
1978.639,0.1486683,0.446981575,0.277903167,0.3613511,0.208006533,0.214407167,0.308835667,0.228843333,0.237776522,0.1276417,0.2083886,0.255087433,0.242,0.353
1980.568,0.147657133,0.445359175,0.276289967,0.361113333,0.206753233,0.213993767,0.307724767,0.227828967,0.2361498,0.126600533,0.2071271,0.252777933,0.241,0.352
1982.496,0.146576067,0.443590975,0.274603667,0.360904933,0.205554667,0.213595133,0.3066268,0.227055833,0.234572089,0.1255237,0.2058404,0.250533233,0.239,0.351
1984.425,0.1455138,0.441656575,0.272856033,0.3608054,0.2044255,0.213257233,0.305568967,0.226481333,0.232825122,0.124416033,0.204579167,0.248401967,0.237,0.35
1986.354,0.144471967,0.43959575,0.271117533,0.3606924,0.203410133,0.212933833,0.3044712,0.225624,0.231019578,0.1232781,0.203338867,0.246448833,0.236,0.349
1988.282,0.14346,0.43748595,0.269480067,0.360478867,0.202554467,0.212555333,0.3033831,0.2245388,0.229274611,0.122199867,0.202084833,0.244686167,0.234,0.348
1990.21,0.142456867,0.435256075,0.2678879,0.3603447,0.201661167,0.2121585,0.302305433,0.223442233,0.227705567,0.121193267,0.200816133,0.243102167,0.233,0.347
1992.139,0.141471933,0.4328685,0.266361,0.3602305,0.2007158,0.211780033,0.3012665,0.222466033,0.226002622,0.120273,0.1995644,0.241726467,0.232,0.346
1994.068,0.1405117,0.430359425,0.264860233,0.359982067,0.199731967,0.2113377,0.300279433,0.221585333,0.2243513,0.1194042,0.1982745,0.240493333,0.23,0.345
1995.996,0.139566267,0.427913825,0.263333333,0.359625133,0.198708167,0.2108246,0.299300467,0.220856067,0.222866589,0.118582333,0.1969446,0.2394545,0.229,0.344
1997.924,0.138608567,0.425510825,0.261878433,0.3590666,0.1977239,0.2102877,0.298338267,0.2201505,0.2210141,0.1177987,0.195569267,0.238597733,0.227,0.343
1999.853,0.1376624,0.423215475,0.260503433,0.358500333,0.1967741,0.209785,0.297393167,0.2192043,0.219145189,0.1170222,0.194212433,0.237959,0.226,0.342
2001.781,0.136709233,0.42111555,0.259087767,0.3581181,0.195819467,0.2092427,0.296477633,0.217932867,0.217698722,0.116224833,0.192853133,0.237461967,0.224,0.341
2003.71,0.135725633,0.4192859,0.257694667,0.357761567,0.194788933,0.2086222,0.295574067,0.2165382,0.216220089,0.1154544,0.191496167,0.237013667,0.223,0.34
2005.638,0.1347092,0.417653075,0.2562377,0.357135,0.193683733,0.2079604,0.294587,0.215013067,0.2146333,0.114679667,0.190162533,0.236613967,0.221,0.339
2007.567,0.1336481,0.41620095,0.2546737,0.356264833,0.192558833,0.2072619,0.293637933,0.2136752,0.212991367,0.113919933,0.188861633,0.236280833,0.22,0.338
2009.495,0.132566767,0.414954625,0.253090633,0.355297867,0.1914227,0.2064844,0.292806967,0.2126349,0.2113248,0.1131694,0.1875844,0.235977467,0.218,0.337
2011.424,0.1315237,0.413800275,0.251456167,0.3543015,0.190414733,0.205653067,0.292011833,0.2117992,0.209946856,0.1124291,0.186358833,0.235683833,0.216,0.336
2013.352,0.130496367,0.412664375,0.249824233,0.353404967,0.189455467,0.204763467,0.2912406,0.210861367,0.208536767,0.111719533,0.185143933,0.235383767,0.214,0.335
2015.281,0.1294992,0.411568325,0.2482556,0.352542967,0.188513267,0.203828467,0.290543833,0.210083733,0.207186389,0.111092967,0.183953533,0.2351305,0.212,0.334
2017.209,0.128509433,0.4103571,0.246720033,0.351614833,0.187564433,0.202872,0.289877967,0.209538833,0.205908989,0.110511333,0.182844833,0.234817267,0.211,0.332
2019.138,0.127541133,0.408967275,0.245222933,0.350642067,0.1865618,0.201925,0.289207867,0.2089515,0.204432278,0.109951,0.1818464,0.2343521,0.209,0.331
2021.066,0.126603633,0.407477675,0.243690833,0.3496185,0.1855051,0.200971267,0.288503233,0.2083142,0.203293989,0.109383167,0.180895767,0.2336978,0.207,0.33
2022.995,0.1257091,0.4058985,0.242176467,0.3485012,0.184533767,0.2000275,0.2877346,0.207846133,0.202172711,0.108838133,0.179972433,0.2329621,0.205,0.329
2024.923,0.124833167,0.40419035,0.240746133,0.347297333,0.1835847,0.1990693,0.286922667,0.207285067,0.200808156,0.1083174,0.179068367,0.232071933,0.204,0.327
2026.852,0.1239924,0.402471675,0.239403967,0.346128867,0.182669133,0.198150133,0.286092467,0.2064894,0.199526844,0.1077884,0.1782463,0.230996267,0.202,0.326
2028.78,0.1231759,0.400808525,0.2381013,0.345092,0.1818011,0.1972785,0.285222667,0.205523267,0.198297122,0.1072842,0.177461433,0.2297131,0.2,0.325
2030.709,0.1223849,0.399130425,0.2369139,0.344037033,0.181063367,0.196430967,0.2843362,0.204627967,0.197324667,0.106793833,0.176730633,0.228221233,0.199,0.324
2032.637,0.121639733,0.3975041,0.235779033,0.342869433,0.1803331,0.1955747,0.283470233,0.203792433,0.196227922,0.106249167,0.176073433,0.2265208,0.198,0.323
2034.566,0.1209482,0.396045,0.234692667,0.341625767,0.179593533,0.1947334,0.282666833,0.2031938,0.194938289,0.105697867,0.175460867,0.224687333,0.196,0.322
2036.494,0.120299533,0.394677375,0.233698433,0.340275,0.1788235,0.1939531,0.281917533,0.202727333,0.193869533,0.10515851,0.174845133,0.222796833,0.195,0.321
2038.423,0.119721233,0.39346455,0.232750633,0.339070333,0.1780568,0.193265833,0.281161567,0.2023166,0.192844856,0.10463611,0.174235933,0.220841433,0.194,0.32
2040.351,0.119205233,0.392521475,0.2318936,0.3381316,0.1773117,0.1926741,0.280422533,0.201896067,0.191840267,0.104111297,0.173604933,0.218833833,0.193,0.319
2042.28,0.118735967,0.39181175,0.231159867,0.3372458,0.1765807,0.192182167,0.279766167,0.201427,0.190755133,0.10361197,0.172957167,0.216868733,0.192,0.318
2044.208,0.1182805,0.391223175,0.230489233,0.336403567,0.175763033,0.191774733,0.279128033,0.200855733,0.189778056,0.103109677,0.1722976,0.214875867,0.19,0.318
2046.137,0.117862927,0.390772875,0.2298149,0.3357215,0.174824533,0.191480967,0.278500633,0.200309767,0.188939244,0.102579263,0.171625267,0.212893033,0.19,0.317
2048.065,0.117484927,0.390459475,0.229092667,0.3351215,0.173921433,0.191235367,0.2778825,0.199737667,0.188067022,0.102021677,0.1709212,0.2109884,0.189,0.316
2049.994,0.117139327,0.3902626,0.228418667,0.334566267,0.173124167,0.190983533,0.2773092,0.199122733,0.187236933,0.10149553,0.170179267,0.209164067,0.188,0.315
2051.922,0.11678786,0.39007345,0.2277448,0.334127033,0.172365667,0.190734467,0.2767683,0.198353933,0.1863007,0.100999553,0.169395167,0.207393833,0.187,0.315
2053.851,0.116431893,0.3897722,0.227022867,0.333908833,0.1717295,0.1906033,0.2762127,0.197387267,0.185624544,0.100513383,0.168624567,0.205807767,0.186,0.314
2055.779,0.116084227,0.389286,0.226256967,0.333892167,0.171204367,0.190527633,0.275609233,0.196233733,0.184980156,0.10003943,0.167827367,0.204422233,0.186,0.314
2057.708,0.115748417,0.3886405,0.2254825,0.333954533,0.170845433,0.1904561,0.2750899,0.1952736,0.184248878,0.099534477,0.167034767,0.203232467,0.185,0.313
2059.636,0.115412103,0.3878572,0.2246619,0.3340935,0.170518467,0.190380167,0.274631967,0.194418767,0.183304367,0.098987073,0.166284667,0.202208,0.184,0.313
2061.565,0.115090187,0.3869249,0.223786133,0.334249867,0.170102733,0.1903113,0.274178633,0.193631333,0.182435233,0.098435783,0.165556933,0.201444733,0.184,0.312
2063.493,0.114762207,0.3858636,0.2229598,0.334421433,0.169702167,0.190292,0.273712533,0.192847333,0.181978022,0.097909863,0.164845633,0.200986067,0.183,0.312
2065.422,0.114424053,0.38480335,0.222197667,0.334862667,0.1694194,0.1902844,0.273202867,0.1921407,0.181386889,0.097414847,0.164201967,0.200732133,0.182,0.311
2067.35,0.11406867,0.38371165,0.221399867,0.335412633,0.169151367,0.1902517,0.272655067,0.191570767,0.180741611,0.096910163,0.163593133,0.200661967,0.181,0.311
2069.279,0.113695473,0.3826028,0.220640433,0.335897567,0.1688,0.190202367,0.272132,0.191098933,0.180206678,0.096438427,0.163011567,0.2008442,0.18,0.31
2071.207,0.113290467,0.3815512,0.219906267,0.336408733,0.168380367,0.1900628,0.271656667,0.190529067,0.179699767,0.095930383,0.162465767,0.201168267,0.179,0.309
2073.136,0.112888193,0.38072055,0.219196967,0.336966933,0.1679063,0.189868533,0.271254667,0.190115567,0.179099544,0.095410077,0.161995167,0.2016212,0.179,0.309
2075.064,0.112469127,0.380156325,0.218529633,0.337461033,0.167403,0.1895762,0.270853733,0.1896011,0.178593978,0.094917943,0.161590167,0.202190167,0.178,0.308
2076.993,0.112029117,0.37986175,0.2179307,0.337842167,0.166923933,0.189210933,0.2704783,0.189128667,0.177967467,0.094474613,0.161281,0.2028052,0.177,0.307
2078.921,0.111561783,0.379625375,0.217400767,0.338149233,0.1664473,0.1888174,0.270116133,0.188765133,0.177419556,0.094061397,0.1610422,0.203452133,0.176,0.307
2080.85,0.11108426,0.3794177,0.216935533,0.338448033,0.165994933,0.188411233,0.269721167,0.188282667,0.176935922,0.09366133,0.160852033,0.204150433,0.175,0.306
2082.778,0.110614717,0.379294425,0.2165316,0.338640667,0.1655312,0.187921633,0.269312267,0.187680533,0.176299689,0.093294447,0.160689333,0.2047751,0.174,0.305
2084.707,0.11014652,0.379332025,0.2161978,0.338603967,0.1651263,0.187364333,0.269010267,0.1872004,0.175695756,0.092944937,0.160548033,0.205313933,0.173,0.305
2086.635,0.109677757,0.37941035,0.215855533,0.338457833,0.164724567,0.186759067,0.268722767,0.1866373,0.175219833,0.092607893,0.160430733,0.205683867,0.172,0.304
2088.564,0.109241917,0.3794194,0.215573567,0.338340233,0.1642183,0.1861004,0.2683757,0.186045467,0.174819156,0.09231008,0.160356933,0.205963167,0.171,0.303
2090.492,0.108833197,0.37935875,0.215404567,0.3382721,0.163764367,0.1854449,0.267958967,0.1854693,0.174360056,0.092049117,0.160269467,0.206135833,0.17,0.303
2092.421,0.108459513,0.379198425,0.215148067,0.338226567,0.163390667,0.184775667,0.2674897,0.184911333,0.173596722,0.091800887,0.160165067,0.206096767,0.169,0.302
2094.349,0.108107753,0.3788085,0.2147477,0.3380529,0.162964667,0.184041767,0.267000433,0.184448,0.173121856,0.091561073,0.1599823,0.205833633,0.168,0.301
2096.278,0.10777712,0.378245475,0.214382367,0.337747467,0.162576333,0.1832893,0.266569433,0.1840252,0.172855578,0.091358127,0.159703267,0.205397333,0.167,0.301
2098.206,0.1074647,0.377544275,0.214014867,0.337469267,0.162208667,0.182489733,0.266200367,0.183429167,0.172093267,0.091156533,0.159355933,0.2047105,0.166,0.3
2100.135,0.107194513,0.376840725,0.213653867,0.337186633,0.161774267,0.1817118,0.265817133,0.182931733,0.171448656,0.091004993,0.1589744,0.2038576,0.165,0.299
2102.063,0.106935693,0.37618135,0.213240067,0.336651467,0.161290867,0.181006533,0.265347567,0.182331933,0.171116278,0.090854563,0.158512867,0.202827767,0.164,0.299
2103.992,0.106703003,0.3754657,0.2128058,0.3357901,0.1608803,0.180392,0.2648807,0.1817257,0.170752411,0.09068586,0.158028133,0.201634567,0.164,0.298
2105.92,0.106489417,0.374621125,0.212391767,0.334744633,0.160525633,0.179801367,0.264492433,0.181234233,0.170306011,0.090503667,0.157487667,0.200294467,0.163,0.297
2107.849,0.106292987,0.373846675,0.211960167,0.333713,0.160198633,0.179221667,0.2641263,0.180818133,0.169633067,0.090304193,0.156907333,0.198814167,0.162,0.297
2109.777,0.106125367,0.37318815,0.211517533,0.332589733,0.1598474,0.1786927,0.263699333,0.180389433,0.169186811,0.090091837,0.156292567,0.197205333,0.161,0.296
2111.706,0.10598984,0.372810125,0.211113167,0.3313566,0.159549667,0.178203267,0.263273533,0.179845067,0.169062556,0.089859543,0.155658533,0.1955409,0.161,0.296
2113.634,0.105860537,0.37266685,0.210659333,0.330275133,0.159254367,0.177751433,0.262833233,0.1791311,0.168751511,0.089623507,0.1550519,0.193818433,0.16,0.295
2115.563,0.105746187,0.372615425,0.210216667,0.329370433,0.158936,0.177356333,0.2623564,0.1785897,0.168015056,0.08940817,0.154500233,0.192179367,0.16,0.295
2117.491,0.105653673,0.37268185,0.209732933,0.328452167,0.1587215,0.1770583,0.261876667,0.178021333,0.167706133,0.08918477,0.153952433,0.190624467,0.16,0.294
2119.42,0.10557291,0.372861,0.209180933,0.3275971,0.158513867,0.176832233,0.261429867,0.1774035,0.1673649,0.08895437,0.153432167,0.1891396,0.159,0.294
2121.348,0.1054746,0.372972075,0.208679167,0.326789733,0.158301333,0.176618967,0.260938667,0.1768983,0.1668895,0.08874672,0.152923,0.187748767,0.159,0.294
2123.277,0.1053709,0.3730572,0.2082349,0.325967167,0.158255133,0.176487267,0.2604324,0.176593,0.166560611,0.088563633,0.152482733,0.186507433,0.158,0.293
2125.205,0.1052595,0.37318475,0.207820533,0.3252321,0.158158367,0.1764266,0.259931933,0.176414733,0.166284167,0.088384207,0.152120533,0.185413433,0.158,0.293
2127.134,0.10514423,0.373287125,0.207439767,0.324551067,0.1579372,0.176440167,0.259414667,0.176121833,0.1658408,0.088240043,0.1518186,0.1845493,0.157,0.292
2129.062,0.10499823,0.373241825,0.207034567,0.3238619,0.1577033,0.1765772,0.258909967,0.175720233,0.1653372,0.088082627,0.1515489,0.183889967,0.157,0.292
2130.991,0.104838907,0.3730051,0.206649467,0.323098533,0.157519467,0.176766967,0.2584954,0.175505467,0.164826656,0.087924133,0.151383333,0.183451467,0.156,0.292
2132.919,0.104647627,0.372541575,0.2062577,0.322265333,0.1573732,0.176875033,0.258157633,0.1754771,0.164320011,0.087758883,0.151276233,0.183202033,0.156,0.291
2134.848,0.10441568,0.371928675,0.205882167,0.321497167,0.157203767,0.176944267,0.257797233,0.175345833,0.164115633,0.08753824,0.151238567,0.183115333,0.155,0.291
2136.776,0.104149493,0.371203275,0.205608867,0.320866133,0.156944833,0.177045767,0.257379067,0.174898733,0.163955689,0.087289157,0.1512201,0.183208467,0.154,0.29
2138.705,0.10387251,0.37051345,0.2054221,0.3203922,0.156677667,0.1771689,0.2570023,0.174266367,0.163594767,0.087054227,0.151248267,0.1835051,0.154,0.289
2140.633,0.10356878,0.369828675,0.2052032,0.320059567,0.15639,0.1772695,0.256680433,0.173610267,0.163398989,0.08682549,0.151296467,0.183932567,0.153,0.289
2142.562,0.103259053,0.369049025,0.204994267,0.319864933,0.156111667,0.177313233,0.256366533,0.1730347,0.162985789,0.086619783,0.151350567,0.184579833,0.152,0.288
2144.49,0.102931667,0.368314075,0.204802333,0.3197975,0.155857067,0.177351767,0.256035167,0.172187167,0.162555278,0.086418487,0.151374533,0.185382467,0.152,0.288
2146.419,0.102578877,0.367828225,0.204663467,0.319877267,0.155571,0.177363433,0.255675167,0.171244267,0.162201067,0.086221457,0.151359767,0.186231267,0.151,0.288
2148.347,0.102214727,0.367497225,0.2044928,0.3199896,0.1553364,0.177268033,0.2552327,0.1704003,0.161806678,0.08602885,0.151294567,0.187094533,0.15,0.287
2150.276,0.101875107,0.3673795,0.204321,0.320168267,0.155120967,0.177124167,0.254797767,0.169809467,0.161420511,0.085866277,0.1512008,0.188002467,0.15,0.287
2152.204,0.10154573,0.367422025,0.204188067,0.320438667,0.154754633,0.176936533,0.254420933,0.169266433,0.161174456,0.085701817,0.1510409,0.188872933,0.149,0.286
2154.133,0.101231763,0.367612475,0.204011067,0.320801167,0.154312967,0.176704367,0.254082,0.1686927,0.160910422,0.085549607,0.150812233,0.189639533,0.148,0.286
2156.061,0.100916867,0.3680001,0.203754067,0.3211727,0.153872367,0.176449833,0.2537685,0.1682641,0.160307478,0.085376573,0.1505337,0.1902663,0.147,0.285
2157.99,0.100611013,0.368449675,0.203492267,0.321535367,0.1535439,0.176145567,0.253502733,0.1681549,0.1598367,0.085181803,0.150267367,0.1907073,0.147,0.285
2159.918,0.100295967,0.368718825,0.2031688,0.321901,0.153302867,0.175747267,0.253206033,0.1682085,0.159381233,0.084962617,0.149956667,0.190910833,0.146,0.284
2161.847,0.099988797,0.368906175,0.202873067,0.3223199,0.1530733,0.175317367,0.252888767,0.168167,0.1591824,0.084728667,0.149591833,0.1909046,0.145,0.284
2163.775,0.099728457,0.36900095,0.202705533,0.3227172,0.1527454,0.174882733,0.252549867,0.168024267,0.159210856,0.084496633,0.149180767,0.1906932,0.145,0.284
2165.704,0.099528533,0.368932125,0.2025455,0.3230235,0.1524238,0.1744438,0.252220467,0.167975,0.158939911,0.084310007,0.148764333,0.1902744,0.144,0.283
2167.632,0.09934681,0.368699325,0.202265567,0.323329,0.152085633,0.173932633,0.2518649,0.167895133,0.158492067,0.084150673,0.1483232,0.1896663,0.144,0.283
2169.561,0.09920497,0.3682209,0.2019495,0.323679267,0.1517079,0.1733762,0.251500967,0.167646367,0.158152778,0.084005967,0.147894867,0.188982233,0.143,0.283
2171.489,0.099082457,0.367641725,0.201568367,0.3239734,0.151394,0.172844733,0.251110133,0.167204267,0.158010511,0.08385464,0.1474702,0.1881278,0.143,0.283
2173.418,0.09898285,0.3670682,0.201136533,0.324263833,0.1511654,0.172314167,0.250725933,0.1667136,0.157749556,0.08369676,0.147068767,0.1870842,0.143,0.282
2175.346,0.098930643,0.366341775,0.200701267,0.324554667,0.150863367,0.171699733,0.250340533,0.1661588,0.157402789,0.08351508,0.146680667,0.185891233,0.142,0.282
2177.275,0.09892487,0.365573725,0.2003085,0.324762933,0.150556833,0.1710709,0.249941367,0.1656531,0.157010844,0.08334731,0.146336733,0.184634933,0.142,0.282
2179.203,0.098923573,0.3648541,0.199921167,0.324810533,0.150287933,0.1704617,0.249513033,0.165127733,0.156700589,0.083171567,0.146038667,0.183287567,0.142,0.282
2181.132,0.09894589,0.364286275,0.199462,0.324820333,0.150032333,0.169864467,0.2491135,0.164589767,0.156471367,0.082958497,0.145776667,0.181845967,0.141,0.282
2183.06,0.09898295,0.36390565,0.198990433,0.324770933,0.149798867,0.169325533,0.248807333,0.164033767,0.1562503,0.08272573,0.1455632,0.180341267,0.141,0.281
2184.989,0.09903301,0.3635651,0.198621333,0.324687867,0.1497146,0.1688503,0.2485563,0.163629667,0.156078844,0.08249774,0.145429433,0.178829067,0.141,0.281
2186.917,0.099060677,0.3632309,0.198325967,0.324472533,0.149733733,0.1684318,0.248282367,0.163324933,0.155876711,0.08225589,0.145289967,0.177322033,0.141,0.281
2188.846,0.099080477,0.363117475,0.1981975,0.3241249,0.149759,0.168077833,0.2480204,0.163104467,0.155621344,0.082028053,0.145160367,0.175893367,0.14,0.28
2190.774,0.09909884,0.36317215,0.198180767,0.323609933,0.149695267,0.167789367,0.2477145,0.1627935,0.155155089,0.08180357,0.145099033,0.174559,0.14,0.28
2192.703,0.099095297,0.3633669,0.198129467,0.322992733,0.149640367,0.167554667,0.247355633,0.162430567,0.155145933,0.081610473,0.1450794,0.1733762,0.14,0.28
2194.631,0.099043767,0.36370335,0.198013367,0.3223247,0.149529067,0.167398467,0.2469834,0.162048933,0.155255544,0.081430373,0.1450895,0.172364233,0.14,0.28
2196.56,0.098990837,0.364031575,0.197906133,0.321572967,0.149389233,0.167390967,0.246672167,0.1616756,0.154772222,0.081280127,0.1451652,0.171528867,0.139,0.279
2198.488,0.09891345,0.364385575,0.1977421,0.320795933,0.149344533,0.167451,0.246371367,0.161407767,0.154175611,0.0811468,0.1452631,0.170839333,0.139,0.279
2200.417,0.098805173,0.36465505,0.1975998,0.3203004,0.1493004,0.167539267,0.246080433,0.1611591,0.154031633,0.08103156,0.145389533,0.1703657,0.138,0.279
2202.345,0.09866381,0.364714075,0.197502233,0.319789267,0.149145767,0.167633033,0.2457457,0.160835733,0.1538643,0.080921013,0.1454941,0.170066367,0.138,0.278
2204.274,0.098482113,0.364758325,0.1973963,0.3191125,0.1490625,0.167777067,0.245389533,0.160409667,0.153828289,0.08080408,0.145557133,0.1699745,0.138,0.278
2206.202,0.09827167,0.364641625,0.197251133,0.318409067,0.1490111,0.167952733,0.2450716,0.1601288,0.1537743,0.080674127,0.1455555,0.170077367,0.137,0.277
2208.131,0.098072277,0.364219825,0.197012833,0.317735233,0.148940633,0.168148067,0.244879533,0.159868967,0.153458533,0.08056169,0.1455302,0.1703176,0.136,0.277
2210.059,0.09786901,0.36359695,0.196743833,0.3170466,0.148774533,0.168402133,0.2447567,0.159461033,0.153215211,0.080507587,0.1455079,0.170694,0.136,0.277
2211.988,0.097639103,0.36286185,0.1965457,0.316316367,0.148521267,0.168709333,0.244599067,0.159090267,0.153253089,0.080476,0.145440933,0.1712611,0.135,0.276
2213.916,0.097376513,0.361986275,0.1964072,0.315490067,0.148251933,0.169050667,0.244461167,0.158798933,0.153056911,0.080441787,0.1452643,0.171928567,0.135,0.276
2215.845,0.09711243,0.361071875,0.196318,0.314781733,0.147984833,0.1693707,0.244369133,0.158523467,0.152471078,0.08044512,0.1450419,0.1726826,0.134,0.276
2217.773,0.096847673,0.360280825,0.1961443,0.314063433,0.147668733,0.1696302,0.2442435,0.1579786,0.152090933,0.080450927,0.144811667,0.1734949,0.133,0.276
2219.702,0.096605663,0.35972855,0.195909533,0.313194767,0.1472788,0.1698597,0.244045467,0.1573804,0.151810522,0.080446253,0.144542567,0.1743317,0.133,0.275
2221.63,0.096368247,0.359363025,0.195634033,0.312404967,0.1468638,0.170106667,0.243875167,0.1569152,0.151784656,0.080465353,0.144245067,0.1751293,0.132,0.275
2223.559,0.09615476,0.359182175,0.195335333,0.311820233,0.146483367,0.170308233,0.2437793,0.156552967,0.151661522,0.080519207,0.143963533,0.1759463,0.132,0.275
2225.487,0.095957167,0.359260175,0.1950129,0.311376333,0.1462159,0.170365033,0.2436827,0.156236933,0.151374233,0.08055444,0.143653567,0.176738633,0.131,0.275
2227.416,0.095778557,0.35948965,0.1947174,0.311100233,0.146025933,0.170333167,0.2435468,0.155841533,0.151253756,0.080580517,0.143349267,0.1774177,0.131,0.274
2229.344,0.095623847,0.3597768,0.194399633,0.310793567,0.145795133,0.170268467,0.243366,0.1553844,0.151022056,0.08057478,0.143046533,0.1778983,0.13,0.274
2231.273,0.095496307,0.360206275,0.194076633,0.310418867,0.145608267,0.170169767,0.243174967,0.154994467,0.150690222,0.080523293,0.142730033,0.1781909,0.13,0.274
2233.201,0.095380783,0.360583125,0.193754067,0.3101189,0.1455048,0.170012467,0.2429716,0.154856567,0.150626322,0.080476577,0.1424331,0.178313,0.13,0.274
2235.13,0.095306483,0.3608898,0.193476067,0.310005067,0.145378433,0.1697987,0.2426874,0.154747467,0.150545044,0.08047949,0.1422424,0.178275033,0.13,0.274
2237.058,0.095270877,0.36123225,0.1932201,0.3099457,0.145127567,0.169517667,0.242305733,0.1544827,0.150298778,0.08049564,0.142114,0.178065167,0.13,0.274
2238.987,0.095277853,0.3615146,0.192986467,0.309794667,0.1448829,0.169211267,0.241918767,0.1542171,0.150296033,0.08048459,0.142006567,0.1776754,0.13,0.274
2240.915,0.0953126,0.36152625,0.192798933,0.309675,0.144720033,0.1688357,0.2416061,0.153899633,0.150244433,0.08047137,0.141917867,0.1770485,0.13,0.274
2242.844,0.095369407,0.36126195,0.192712033,0.3098142,0.144574867,0.168368467,0.241325233,0.153554633,0.150161078,0.080463763,0.141893667,0.176267367,0.13,0.274
2244.772,0.09544935,0.360878725,0.1926754,0.309891867,0.1443768,0.167899433,0.2409997,0.1530837,0.150247933,0.080430523,0.1419358,0.1753365,0.13,0.274
2246.701,0.09556695,0.360361475,0.192634133,0.309890033,0.1441005,0.167487167,0.240642333,0.152706867,0.150168689,0.080380857,0.142004867,0.1742465,0.13,0.274
2248.629,0.09566908,0.3596838,0.1925947,0.310238333,0.143852867,0.167027367,0.2403442,0.152393233,0.149973111,0.08030614,0.142086167,0.1730545,0.13,0.274
2250.558,0.095776037,0.359071425,0.192553367,0.310699267,0.143663,0.1664871,0.240148467,0.152034967,0.149796033,0.08022745,0.1422141,0.171851767,0.13,0.274
2252.486,0.095906137,0.35850965,0.192527733,0.3111052,0.143542567,0.165987167,0.239945233,0.1516741,0.149628767,0.080121993,0.142340767,0.170573933,0.13,0.274
2254.415,0.09604633,0.3579045,0.192548833,0.311564667,0.1434238,0.1655898,0.239715367,0.151360967,0.1496574,0.079972633,0.142482433,0.16921,0.13,0.274
2256.343,0.096173547,0.3573676,0.192580267,0.312110133,0.1433005,0.165259567,0.2394743,0.1511644,0.149534533,0.07980432,0.1426113,0.167834867,0.13,0.274
2258.272,0.096279373,0.3570187,0.192634667,0.312585467,0.1432619,0.164978967,0.2392277,0.151016667,0.149193322,0.079653393,0.1426863,0.166486667,0.13,0.274
2260.2,0.09633935,0.35675755,0.192619567,0.313037567,0.143326667,0.164692833,0.2389645,0.1509739,0.1489709,0.079465153,0.142717633,0.165194,0.13,0.274
2262.129,0.096393563,0.356611325,0.192580867,0.3136557,0.1433389,0.164428267,0.238659833,0.1509221,0.148925844,0.07923566,0.1427367,0.164034,0.129,0.273
2264.057,0.09643332,0.356708375,0.192443,0.3141445,0.143292733,0.164176533,0.238401833,0.150689667,0.148814778,0.07899606,0.142736567,0.163004,0.129,0.273
2265.986,0.09646079,0.3569346,0.1921849,0.314536,0.143256033,0.1638992,0.2381919,0.150476833,0.148664322,0.078753367,0.1427402,0.162125233,0.129,0.273
2267.914,0.096437183,0.357179575,0.191994533,0.3150007,0.143248033,0.163622133,0.238029967,0.150284567,0.148585078,0.07850124,0.142724433,0.1614254,0.128,0.272
2269.843,0.0963677,0.35741285,0.191942333,0.315532867,0.143297267,0.163430967,0.237876367,0.150183567,0.148518356,0.07829079,0.1427081,0.160910567,0.128,0.272
2271.771,0.096278147,0.357626425,0.1918606,0.315952233,0.143337767,0.1633668,0.237708267,0.150041533,0.148409244,0.078135373,0.142690967,0.160516433,0.127,0.271
2273.7,0.096170843,0.35780635,0.191690733,0.316298733,0.1432719,0.163395933,0.2375658,0.149646633,0.1480487,0.077998083,0.142667267,0.1603005,0.126,0.271
2275.628,0.096024803,0.3579332,0.191470633,0.316673,0.143212433,0.163430067,0.237436967,0.149021667,0.147995311,0.07785235,0.142602267,0.160295467,0.126,0.271
2277.557,0.095889697,0.3580958,0.1911666,0.316977733,0.143163367,0.163540233,0.237310233,0.1483952,0.1480354,0.077763367,0.142543533,0.160496733,0.125,0.27
2279.485,0.09576568,0.35819675,0.190848067,0.317243533,0.1430362,0.163772333,0.237157133,0.147810167,0.147875078,0.077651587,0.142470967,0.160834667,0.125,0.27
2281.414,0.095620547,0.3581656,0.190587733,0.3174715,0.142990833,0.164068433,0.237001867,0.1471856,0.147762356,0.077508953,0.142383067,0.161299767,0.124,0.27
2283.342,0.095452267,0.3579583,0.1903166,0.317633267,0.142991033,0.164403067,0.236883067,0.146643533,0.147792289,0.0773899,0.142248367,0.161851633,0.124,0.27
2285.271,0.095289407,0.357564125,0.190048667,0.317579833,0.142834633,0.164759333,0.236786733,0.1462413,0.147721356,0.07731064,0.142100833,0.162478933,0.124,0.27
2287.199,0.09511654,0.35703575,0.1897491,0.317295133,0.142588333,0.165127467,0.2366394,0.146058867,0.147565522,0.07716758,0.141966333,0.163238867,0.123,0.27
2289.128,0.094947687,0.3564511,0.189495867,0.316945133,0.142343667,0.165536567,0.2364383,0.1460978,0.147455233,0.07695993,0.1418578,0.164123333,0.123,0.27
2291.056,0.094774037,0.35588455,0.189254033,0.316393367,0.142024533,0.165907367,0.2362316,0.146260733,0.1474559,0.07674082,0.141757967,0.1650667,0.123,0.27
2292.985,0.09461754,0.3553341,0.189039367,0.3157366,0.1416776,0.1662088,0.2359836,0.146475467,0.147153378,0.076484043,0.141663033,0.166035633,0.123,0.27
2294.913,0.094470917,0.3548231,0.189007267,0.315097633,0.141396067,0.166533267,0.235675467,0.146681033,0.146932678,0.076192933,0.141567967,0.166927433,0.123,0.27
2296.842,0.094338887,0.3544141,0.189107767,0.3145675,0.1410833,0.166898467,0.2353206,0.147010833,0.146928822,0.07599871,0.141503433,0.167744467,0.123,0.271
2298.77,0.09422805,0.35408,0.189132867,0.3139913,0.140727867,0.167278767,0.2349632,0.147440333,0.147035156,0.075863993,0.141425233,0.1685,0.123,0.271
2300.699,0.09414207,0.353868975,0.189087433,0.313233633,0.140344067,0.1676614,0.2346052,0.1474659,0.147255089,0.075675933,0.141340633,0.169138733,0.123,0.271
2302.627,0.09408605,0.353714025,0.1890812,0.312291333,0.1398062,0.167984367,0.234127133,0.1473206,0.147072411,0.075380833,0.1412033,0.1695706,0.124,0.271
2304.556,0.09406473,0.353651625,0.189158067,0.311354367,0.1392533,0.168246133,0.2336715,0.1471197,0.146636333,0.075138513,0.1410734,0.169866533,0.124,0.272
2306.484,0.094075157,0.353728825,0.189262033,0.310543433,0.138735667,0.168414433,0.2332748,0.146750367,0.146375111,0.074936583,0.140965967,0.170074433,0.124,0.272
2308.413,0.09410618,0.353892775,0.1892544,0.309808867,0.138336967,0.168494067,0.232836467,0.146399567,0.1462706,0.0747734,0.1408795,0.1701166,0.124,0.272
2310.341,0.094113333,0.35395125,0.189137467,0.309148867,0.1379115,0.1685315,0.2322761,0.146182167,0.146201067,0.07478562,0.140739633,0.169778067,0.125,0.272
2312.27,0.094113553,0.353938875,0.188944367,0.3082914,0.137364433,0.1684462,0.231583467,0.146052333,0.146154756,0.074875577,0.14061,0.169172833,0.125,0.272
2314.198,0.09408666,0.353826025,0.1886971,0.3074725,0.136885967,0.168227433,0.2308185,0.146132633,0.146021267,0.07479887,0.140482933,0.168565733,0.125,0.272
2316.127,0.094044847,0.3535301,0.188535167,0.3067671,0.136548733,0.1679558,0.230007867,0.146123833,0.145680267,0.07449708,0.140334033,0.168003933,0.125,0.272
2318.055,0.094010713,0.3530517,0.1883508,0.305830533,0.136157267,0.1675994,0.229196867,0.145776067,0.145420033,0.074081767,0.140099067,0.167279267,0.125,0.272
2319.984,0.094007993,0.352520425,0.1880747,0.3050484,0.135655693,0.167114133,0.228389367,0.1454512,0.1452094,0.073694467,0.139889067,0.166395667,0.125,0.272
2321.912,0.09401503,0.351921575,0.1877535,0.3048532,0.13500442,0.166608033,0.227652533,0.145554733,0.145015989,0.073362467,0.139701133,0.165444933,0.125,0.271
2323.841,0.09404511,0.3511221,0.187417367,0.3048556,0.13437627,0.166170533,0.227096267,0.1462326,0.144550033,0.07306864,0.139505233,0.164482867,0.125,0.271
2325.769,0.09401024,0.350239275,0.186990933,0.304580567,0.1341526,0.1656935,0.226565133,0.146808333,0.144354789,0.072597783,0.139234067,0.163433567,0.125,0.271
2327.698,0.093942923,0.34951005,0.186562433,0.304082967,0.13423187,0.165150667,0.225896133,0.146746667,0.1443244,0.072184073,0.138921033,0.1622243,0.125,0.271
2329.626,0.09390664,0.3488285,0.1863721,0.303389367,0.13436374,0.164699133,0.2250914,0.146419567,0.144171122,0.07174016,0.1386511,0.161054967,0.125,0.27
2331.555,0.09385548,0.34819595,0.186390233,0.303180067,0.134522013,0.164316533,0.224385367,0.146086267,0.143989167,0.071223607,0.1384732,0.160182733,0.124,0.27
2333.483,0.093720283,0.3476454,0.1863095,0.303328567,0.134468017,0.163970233,0.223658533,0.146272067,0.143957411,0.07060825,0.138314567,0.159330067,0.124,0.269
2335.412,0.09360596,0.347372525,0.186134267,0.3035164,0.134532987,0.163655567,0.2231238,0.1467661,0.144071678,0.070225973,0.1382545,0.1583838,0.124,0.269
2337.34,0.09358802,0.34739035,0.186104567,0.303842767,0.134898097,0.1633685,0.222936067,0.1471024,0.143870256,0.0703029,0.138319333,0.157401667,0.123,0.269
2339.269,0.09371693,0.347654375,0.186085433,0.304119533,0.135365357,0.163128967,0.223115967,0.1471051,0.1438736,0.070586847,0.138583567,0.156643267,0.123,0.269
2341.197,0.093898003,0.3480128,0.186177567,0.3042104,0.13572954,0.162939433,0.223448467,0.146769167,0.143760189,0.070696613,0.138964633,0.156198533,0.122,0.268
2343.126,0.094066683,0.3485404,0.186565033,0.303867033,0.135685197,0.162890633,0.223598667,0.1460912,0.144009333,0.070596997,0.139283767,0.156127767,0.122,0.268
2345.054,0.094117213,0.349144775,0.186641333,0.303479833,0.135455747,0.1627901,0.223699767,0.1456647,0.144750844,0.070377997,0.139405167,0.156209633,0.121,0.268
2346.983,0.09392765,0.349746425,0.186251333,0.303601567,0.135241333,0.162567533,0.2239034,0.146042067,0.145596978,0.07022884,0.1393628,0.156410467,0.121,0.268
2348.911,0.093477657,0.3500287,0.186001167,0.303591133,0.135086083,0.162430867,0.224163933,0.146069833,0.146503622,0.06970168,0.139105033,0.156769533,0.121,0.267
2350.84,0.092834873,0.350009525,0.1858861,0.303120433,0.135098487,0.162260533,0.224120333,0.1459298,0.146561267,0.06902887,0.1387487,0.1573218,0.121,0.267
2352.768,0.09195389,0.349886875,0.1852729,0.302857833,0.134897667,0.162029067,0.223519333,0.145610667,0.145472689,0.068382653,0.1382899,0.1580095,0.12,0.267
2354.697,0.091036513,0.349671475,0.1842871,0.303224533,0.134565243,0.162019733,0.2226454,0.145458233,0.1444571,0.067652777,0.137722333,0.1587878,0.12,0.268
2356.625,0.090188253,0.349192,0.1832479,0.3039349,0.133986067,0.162300533,0.221630533,0.145777433,0.144268167,0.066730647,0.137148833,0.159641167,0.12,0.268
2358.554,0.08937129,0.3483676,0.182334767,0.3049503,0.13311245,0.162610367,0.2207643,0.146543633,0.143756178,0.065859157,0.1366177,0.160587433,0.12,0.268
2360.482,0.088700607,0.347247725,0.181561433,0.3058459,0.1322317,0.162884367,0.220199533,0.147494633,0.142928544,0.065149017,0.136197533,0.161336833,0.121,0.268
2362.411,0.088439993,0.3464037,0.1812685,0.3070484,0.1317596,0.163242533,0.2201942,0.148011967,0.143099378,0.06502743,0.1360967,0.161972433,0.121,0.269
2364.339,0.088624547,0.3459201,0.181534767,0.3087606,0.1317203,0.163720633,0.2206071,0.1479457,0.142901056,0.065552173,0.1363317,0.162517967,0.121,0.269
2366.268,0.089203283,0.34566255,0.181977267,0.310507167,0.131878267,0.1643262,0.221292367,0.147359467,0.143324644,0.066543963,0.1368235,0.1629875,0.122,0.269
2368.196,0.090026903,0.345672975,0.182680133,0.311851767,0.132036933,0.164955567,0.2220677,0.146580833,0.144137944,0.067701843,0.137465567,0.163423467,0.122,0.27
2370.125,0.090989213,0.346166075,0.1837276,0.3129119,0.13220736,0.1656177,0.222928067,0.145716133,0.144148444,0.068966447,0.138075067,0.163898633,0.122,0.27
2372.053,0.091950887,0.346910525,0.1847045,0.314041067,0.132794807,0.166160867,0.2240599,0.1446952,0.144534133,0.07028477,0.1386263,0.1641519,0.123,0.271
2373.982,0.092805177,0.347838475,0.185688033,0.314858767,0.133792463,0.166529033,0.225334633,0.1433459,0.1451054,0.071629407,0.139155067,0.164152633,0.124,0.271
2375.91,0.09357161,0.348887525,0.186860633,0.314968667,0.13485133,0.166848567,0.226477,0.1411743,0.145147344,0.072703353,0.139666033,0.164006133,0.124,0.271
2377.839,0.0942649,0.350081875,0.187738433,0.3149822,0.13560972,0.167090167,0.227277333,0.1393692,0.145612722,0.073803333,0.140179867,0.1638425,0.125,0.272
2379.767,0.094849527,0.35122595,0.187942467,0.315375067,0.13588564,0.167335833,0.227846233,0.138141167,0.145940367,0.074750963,0.140567833,0.1636125,0.125,0.272
2381.696,0.095376437,0.352300725,0.1878513,0.315783367,0.136208103,0.167663133,0.228375467,0.137308633,0.146103433,0.075250833,0.140799433,0.163197233,0.126,0.273
2383.624,0.095813273,0.3531798,0.187618067,0.315749433,0.136498817,0.167906467,0.228724433,0.136742,0.146373733,0.075625087,0.140932433,0.162538333,0.126,0.273
2385.553,0.096152443,0.353716025,0.1873655,0.315249,0.136684507,0.167992067,0.229042067,0.1362271,0.146604344,0.075927817,0.141037733,0.1617951,0.127,0.273
2387.481,0.096441407,0.353983325,0.187145967,0.314727933,0.136856713,0.167963433,0.229285767,0.135563967,0.1466142,0.075982057,0.141124533,0.160942267,0.127,0.273
2389.41,0.096702937,0.354167375,0.187059,0.3144748,0.137029203,0.16795,0.2293169,0.135016667,0.146625056,0.075989203,0.1411743,0.1599611,0.127,0.273
2391.338,0.09692358,0.35413975,0.186975833,0.314302433,0.137186317,0.1678928,0.229128133,0.1346478,0.146362011,0.076064,0.141150933,0.158916533,0.128,0.274
2393.267,0.097136317,0.353888225,0.1867833,0.313937867,0.13728168,0.1677518,0.228931633,0.134475033,0.146269156,0.076170187,0.141087867,0.157913167,0.128,0.273
2395.195,0.097328887,0.3535378,0.186694367,0.3133665,0.13733088,0.167573033,0.2287641,0.134443533,0.146373078,0.076252207,0.141067467,0.1569783,0.128,0.273
2397.124,0.09748086,0.35307365,0.186822533,0.312808633,0.13731873,0.167405967,0.228644167,0.134213933,0.146444256,0.076331597,0.141071667,0.156063967,0.128,0.273
2399.052,0.097596857,0.352444675,0.1869911,0.312222233,0.137242233,0.167191067,0.228539267,0.134071333,0.146538322,0.076407073,0.1411083,0.155099367,0.127,0.273