,AVG_BL_BP,PCA1_BP,PCA2_BP,PCA3_BP,PCA4_BP,m_BP,b_BP,SiO2,TiO2,Al2O3,Fe2O3,FeO,MnO,MgO,CaO,Na2O,K2O,P2O5
AC4_EUH102_030920_256s_15x20_a,0.5233642832547972,-1.0618489790903611,0.5080793244164139,-0.187672706863506,0.20190753792091246,-0.0003666555036885867,0.8524500223185921,0.8365512649800266,0.011519294818821527,0.17261671243624954,0.013588828354937691,0.11023885084349425,0.0029603565960974044,0.1069362154007999,0.16584221094415935,0.05760024782627635,0.007324840764331209,0.0011272011243831216
AC4_EUH102_030920_256s_15x20_b,0.4568990591860082,-1.7155729338575354,0.4946163126012594,-0.26017255782468923,0.275560874183607,-0.0004800052660532857,0.8913793505042451,0.8365512649800266,0.011519294818821527,0.17261671243624954,0.013588828354937691,0.11023885084349425,0.0029603565960974044,0.1069362154007999,0.16584221094415935,0.05760024782627635,0.007324840764331209,0.0011272011243831216
AC4_EUH102_030920_256s_15x20_c,0.5291361760889228,-0.8867649703507527,0.5107496390090814,-0.16826198064139428,0.19619154605725114,-0.00034282288374298976,0.8474756936704717,0.8365512649800266,0.011519294818821527,0.17261671243624954,0.013588828354937691,0.11023885084349425,0.0029603565960974044,0.1069362154007999,0.16584221094415935,0.05760024782627635,0.007324840764331209,0.0011272011243831216
AC4_EUH33_030920_256s_20x20_a,1.2502674486014402,5.257992002436727,-0.37136972304625293,0.5777384192314657,-0.07509515487925401,0.0006727577221751497,0.3997473470648736,0.8824900133155793,0.01202013372398768,0.1792859945076501,0.013526207026113094,0.10982127943878403,0.0032422953195352525,0.08634293030041384,0.12803731984721117,0.07228266393885661,0.012208067940552016,0.001972601967670463
AC4_EUH33_030920_256s_20x20_b,1.274493750094147,5.41404660570529,-0.3673631354982965,0.5908025176332281,-0.09259086424678216,0.0007091980662969963,0.39348798915589295,0.8824900133155793,0.01202013372398768,0.1792859945076501,0.013526207026113094,0.10982127943878403,0.0032422953195352525,0.08634293030041384,0.12803731984721117,0.07228266393885661,0.012208067940552016,0.001972601967670463
AC4_EUH33_030920_256s_20x20_c,1.2753562141477608,5.54219539424731,-0.35981967377688723,0.6102836196130198,-0.10201265627555113,0.0007233933821380103,0.3853333073719568,0.8824900133155793,0.01202013372398768,0.1792859945076501,0.013526207026113094,0.10982127943878403,0.0032422953195352525,0.08634293030041384,0.12803731984721117,0.07228266393885661,0.012208067940552016,0.001972601967670463
AC4_OL21_012821_256s_20x20_a,0.4434349649226906,-1.0863425697692821,-0.30735259447421137,-0.14210293109885372,0.11282627129687645,-0.0002639677174029189,0.4841874490641423,0.8382157123834887,0.01565121578644229,0.17173401333856417,0.013025236395516313,0.10564556539168199,0.002537448510940632,0.09378628636079435,0.1467614404376808,0.06469943803455691,0.009023354564755838,0.001409001405478902
AC4_OL21_012821_256s_20x20_b,0.3320142236204434,-1.4509920239186782,-0.32325781151211685,-0.04617518597902676,0.20147067278937056,-0.00038618654561411916,0.4838503328389841,0.8382157123834887,0.01565121578644229,0.17173401333856417,0.013025236395516313,0.10564556539168199,0.002537448510940632,0.09378628636079435,0.1467614404376808,0.06469943803455691,0.009023354564755838,0.001409001405478902
AC4_OL21_012821_256s_20x20_c,0.4847699038423492,-0.5349848350790019,-0.32890481212753264,-0.04028396426901699,0.09500552463074637,-0.00018317068024826058,0.4536156661239251,0.8382157123834887,0.01565121578644229,0.17173401333856417,0.013025236395516313,0.10564556539168199,0.002537448510940632,0.09378628636079435,0.1467614404376808,0.06469943803455691,0.009023354564755838,0.001409001405478902
AC4_OL21_012821_256s_20x25_a,1.286537177132458,6.997389969652227,0.13251666458545364,0.5329153493866164,-0.4929317995466258,0.001305592953200033,0.08643548346386075,0.8382157123834887,0.01565121578644229,0.17173401333856417,0.013025236395516313,0.10564556539168199,0.002537448510940632,0.09378628636079435,0.1467614404376808,0.06469943803455691,0.009023354564755838,0.001409001405478902
AC4_OL21_012821_256s_20x25_b,1.2320082272216588,6.437053295785903,0.10003977690983658,0.4836287719162522,-0.456355879006442,0.0011968668289021305,0.11372559989140572,0.8382157123834887,0.01565121578644229,0.17173401333856417,0.013025236395516313,0.10564556539168199,0.002537448510940632,0.09378628636079435,0.1467614404376808,0.06469943803455691,0.009023354564755838,0.001409001405478902
AC4_OL21_012821_256s_20x25_c,1.2440372511725215,6.538774289441018,0.12250510059475,0.480848175222676,-0.4609087957881261,0.0012251512755949395,0.10901646570301426,0.8382157123834887,0.01565121578644229,0.17173401333856417,0.013025236395516313,0.10564556539168199,0.002537448510940632,0.09378628636079435,0.1467614404376808,0.06469943803455691,0.009023354564755838,0.001409001405478902
AC4_OL24_020320_256s_25x25_CO2_a,1.4120063354649919,1.1321225601453049,0.40603838994484537,-0.3916491011990821,-0.3611763100397424,0.00015974288071710075,0.9659926139767591,0.8715046604527297,0.013773069892069218,0.16987053746567282,0.011584945832550568,0.09409275652803296,0.0023964791492217083,0.08783160151248995,0.12999889438526038,0.06986248545876096,0.010615711252653927,0.0015499015460267922
AC4_OL24_020320_256s_25x25_CO2_b,1.4447120281978345,1.38010292020061,0.4022059661813423,-0.3630022929950592,-0.3885886709624138,0.00020897716527771784,0.9564916322880496,0.8715046604527297,0.013773069892069218,0.16987053746567282,0.011584945832550568,0.09409275652803296,0.0023964791492217083,0.08783160151248995,0.12999889438526038,0.06986248545876096,0.010615711252653927,0.0015499015460267922
AC4_OL24_020320_256s_25x25_CO2_c,1.4372221862626693,1.278046395741992,0.3931290581890344,-0.3760485126574983,-0.3736944892891896,0.00019114193115313125,0.9638698712484152,0.8715046604527297,0.013773069892069218,0.16987053746567282,0.011584945832550568,0.09409275652803296,0.0023964791492217083,0.08783160151248995,0.12999889438526038,0.06986248545876096,0.010615711252653927,0.0015499015460267922
AC4_OL24_020320_256s_25x30_H2O_a,1.5123733559586632,0.6758579171903408,0.3450023292972311,-0.11223699570143793,-0.002847788794490015,0.00013063018127723296,0.9803387063193428,0.8715046604527297,0.013773069892069218,0.16987053746567282,0.011584945832550568,0.09409275652803296,0.0023964791492217083,0.08783160151248995,0.12999889438526038,0.06986248545876096,0.010615711252653927,0.0015499015460267922
AC4_OL24_020320_256s_25x30_H2O_b,1.385360668053944,0.038678273088841315,0.3710123679997024,-0.21610177297160532,0.03793600125123342,1.8348662209909024e-05,0.9752217684665856,0.8715046604527297,0.013773069892069218,0.16987053746567282,0.011584945832550568,0.09409275652803296,0.0023964791492217083,0.08783160151248995,0.12999889438526038,0.06986248545876096,0.010615711252653927,0.0015499015460267922
AC4_OL24_020320_256s_25x30_H2O_c,1.486327503232551,0.6456489137422053,0.3545134415867129,-0.13483864496196088,-0.0059392084493830105,0.00013171929260651937,0.9634463401215208,0.8715046604527297,0.013773069892069218,0.16987053746567282,0.011584945832550568,0.09409275652803296,0.0023964791492217083,0.08783160151248995,0.12999889438526038,0.06986248545876096,0.010615711252653927,0.0015499015460267922
AC4_OL27_020520_256s_20x25_a,1.666725311041955,3.0198026805807774,0.3370912307715313,0.11816870967087915,-0.180783476794056,0.0005575438638982388,0.922456535859568,0.858688415446072,0.012270553176570756,0.17183209101608474,0.013025236395516313,0.10578475585991871,0.0031013259578163282,0.10222208989589227,0.138915142285484,0.06663558081863344,0.009766454352441613,0.0011272011243831216
AC4_OL27_020520_256s_20x25_b,1.647882084378029,3.3534210575453103,0.3326406632124692,0.08451016401619907,-0.2154331544105245,0.0005952259243068788,0.9195380989457024,0.858688415446072,0.012270553176570756,0.17183209101608474,0.013025236395516313,0.10578475585991871,0.0031013259578163282,0.10222208989589227,0.138915142285484,0.06663558081863344,0.009766454352441613,0.0011272011243831216
AC4_OL27_020520_256s_20x25_c,1.6842753199666003,3.6968839377570095,0.3328750365318348,0.14455497818277266,-0.2377629364337975,0.0006477292492799183,0.8960389047852855,0.858688415446072,0.012270553176570756,0.17183209101608474,0.013025236395516313,0.10578475585991871,0.0031013259578163282,0.10222208989589227,0.138915142285484,0.06663558081863344,0.009766454352441613,0.0011272011243831216
AC4_OL29_012821_256s_10x12_a,1.5159388580632551,7.999999999999999,-0.1035190168431466,0.7168365703681141,-0.3471289252059509,0.0010781640322775731,0.5093931789763271,0.8600199733688416,0.012270553176570756,0.1753628874068262,0.01308785772434091,0.10634151773286565,0.0026784178726595564,0.09651551691626721,0.1312471690912917,0.06824903313869721,0.009978768577494692,0.0012681012649310116
AC4_OL29_012821_256s_12x22_a,1.3589782274121078,5.460849194708903,0.087217691806013,0.26788477462191657,-0.2282859076802382,0.0006900801965390425,0.6344464612336491,0.8600199733688416,0.012270553176570756,0.1753628874068262,0.01308785772434091,0.10634151773286565,0.0026784178726595564,0.09651551691626721,0.1312471690912917,0.06824903313869721,0.009978768577494692,0.0012681012649310116
AC4_OL29_012821_256s_12x22_b,1.4652191844067877,7.999999999999999,0.06521712821824488,0.7382628847318391,-0.3169483121407113,0.0010294350876648586,0.5101863650874475,0.8600199733688416,0.012270553176570756,0.1753628874068262,0.01308785772434091,0.10634151773286565,0.0026784178726595564,0.09651551691626721,0.1312471690912917,0.06824903313869721,0.009978768577494692,0.0012681012649310116
AC4_OL29_012821_256s_12x22_c,1.4965032875947752,7.999999999999999,0.044099638734326825,0.7377196696919636,-0.3465409394810914,0.001048716463074588,0.5138980284721392,0.8600199733688416,0.012270553176570756,0.1753628874068262,0.01308785772434091,0.10634151773286565,0.0026784178726595564,0.09651551691626721,0.1312471690912917,0.06824903313869721,0.009978768577494692,0.0012681012649310116
AC4_OL32_MI1_021420_256s_25x30_a,2.0892715937374007,7.999999999999999,-0.01803699131685026,0.27457857497078786,-0.34864912282915195,0.0012248579959754894,0.6594233087432367,0.8606857523302264,0.012646182355445372,0.1648685759121224,0.012962615066691715,0.10494961305049831,0.0029603565960974044,0.1059437679260825,0.1305338692592738,0.05614814073821897,0.008386411889596603,0.0013385513352049568
AC4_OL32_MI1_021420_256s_25x30_b,2.0894218034032863,7.999999999999999,-0.015720962784822573,0.2773040339109329,-0.34498599678336794,0.0012238443336688068,0.6597487244523942,0.8606857523302264,0.012646182355445372,0.1648685759121224,0.012962615066691715,0.10494961305049831,0.0029603565960974044,0.1059437679260825,0.1305338692592738,0.05614814073821897,0.008386411889596603,0.0013385513352049568
AC4_OL32_MI1_021420_256s_25x30_c,2.0661231900182377,7.84462301352424,-0.012003836091743537,0.26147481964149244,-0.3333016408162235,0.0011910336496605914,0.6657277780881985,0.8606857523302264,0.012646182355445372,0.1648685759121224,0.012962615066691715,0.10494961305049831,0.0029603565960974044,0.1059437679260825,0.1305338692592738,0.05614814073821897,0.008386411889596603,0.0013385513352049568
AC4_OL32_MI2_021220_20x35_256s_a,1.7740794803132227,2.1619283065939907,0.5793716100573456,-0.17369814535755862,-0.3797251493595136,0.00047877125962036434,0.9954956648660104,0.854693741677763,0.012896601808028449,0.17124362495096118,0.013338343039639301,0.10801180335170649,0.0031013259578163282,0.1054475441887238,0.13534864312539455,0.061472533394429395,0.008492569002123142,0.0011976511946570668
AC4_OL32_MI2_021220_20x35_256s_b,1.8198859791545292,2.8018075358641137,0.5928113246789256,-0.07600818603641894,-0.3894752095722409,0.0005839932107725527,0.9569229488335568,0.854693741677763,0.012896601808028449,0.17124362495096118,0.013338343039639301,0.10801180335170649,0.0031013259578163282,0.1054475441887238,0.13534864312539455,0.061472533394429395,0.008492569002123142,0.0011976511946570668
AC4_OL32_MI2_021220_20x35_256s_c,1.801824607962329,2.751423841246581,0.6003488517009166,-0.08534508496018024,-0.3911424670584073,0.000565124584598993,0.9553658375827704,0.854693741677763,0.012896601808028449,0.17124362495096118,0.013338343039639301,0.10801180335170649,0.0031013259578163282,0.1054475441887238,0.13534864312539455,0.061472533394429395,0.008492569002123142,0.0011976511946570668
AC4_OL36_MI1_021420_256s_20x25_H2O_a,1.1816554283908236,3.8703258323100034,0.2475023661756265,0.12287214106471606,-0.12487667899175428,0.0005921443869271219,0.5242538946916373,0.8348868175765646,0.014399118523526907,0.1809533150255002,0.013213100381990105,0.10731585101052281,0.0022555097875027845,0.09998908307777811,0.15746093791794913,0.061472533394429395,0.00881104033970276,0.001409001405478902
AC4_OL36_MI1_021420_256s_20x25_H2O_b,1.0803328490233537,2.732863947005835,0.25964711666194296,-0.02155513918440252,-0.1328969366491807,0.00040493986658878944,0.5845513988531101,0.8348868175765646,0.014399118523526907,0.1809533150255002,0.013213100381990105,0.10731585101052281,0.0022555097875027845,0.09998908307777811,0.15746093791794913,0.061472533394429395,0.00881104033970276,0.001409001405478902
AC4_OL36_MI1_021420_256s_20x25_H2O_c,1.2047989929856824,4.3683045324572,0.2471752357412552,0.2101335055298804,-0.13245512551683364,0.000654844442589122,0.4975788783435372,0.8348868175765646,0.014399118523526907,0.1809533150255002,0.013213100381990105,0.10731585101052281,0.0022555097875027845,0.09998908307777811,0.15746093791794913,0.061472533394429395,0.00881104033970276,0.001409001405478902
AC4_OL36_MI2_021420_256s_15x20_a,1.0172042255070612,2.6990522477784715,-0.02032555982050333,0.12687394394180515,0.0032192622573225713,0.00029283410068448214,0.5538124110034671,0.8134154460719041,0.011143665639946912,0.18330717928599452,0.013714071012586888,0.11135237458938813,0.002537448510940632,0.10569565605740315,0.1726185593483293,0.05501872411417434,0.007112526539278132,0.0006340506324655058
AC4_OL36_MI2_021420_256s_15x20_b,1.0463564913095664,2.9603374760809933,-0.026234661835692327,0.14548756641830748,-0.02101202116555018,0.00034073410395493736,0.5418547614193923,0.8134154460719041,0.011143665639946912,0.18330717928599452,0.013714071012586888,0.11135237458938813,0.002537448510940632,0.10569565605740315,0.1726185593483293,0.05501872411417434,0.007112526539278132,0.0006340506324655058
AC4_OL36_MI2_021420_256s_15x20_c,1.015963456541504,2.470704398034155,-0.06098648088900947,0.05980264721453778,0.05961630197709575,0.00027494328326629826,0.5602063931353245,0.8134154460719041,0.011143665639946912,0.18330717928599452,0.013714071012586888,0.11135237458938813,0.002537448510940632,0.10569565605740315,0.1726185593483293,0.05501872411417434,0.007112526539278132,0.0006340506324655058
AC4_OL3_101220_256s_30x30_a,1.2764498265538584,1.1669277539279108,0.15063954642444488,-0.22268125980521872,0.007213659518207604,0.00014963399508516036,0.7332102422667665,0.8633488681757656,0.012646182355445372,0.1785013730874853,0.013526207026113094,0.10982127943878403,0.0032422953195352525,0.08733537777513124,0.12375752085510386,0.07631629473901602,0.012101910828025477,0.0011272011243831216
AC4_OL3_101220_256s_30x30_b,1.26581782396403,1.0333549799456534,0.1453710674059435,-0.2407617624745525,0.013973541791982114,0.0001271030168353831,0.7417503011893973,0.8633488681757656,0.012646182355445372,0.1785013730874853,0.013526207026113094,0.10982127943878403,0.0032422953195352525,0.08733537777513124,0.12375752085510386,0.07631629473901602,0.012101910828025477,0.0011272011243831216
AC4_OL3_101220_256s_30x30_c,1.2775774919854124,1.191382496585888,0.15096218414800078,-0.22027697984204733,0.0061132637662233355,0.00015396161656846752,0.7326598464401995,0.8633488681757656,0.012646182355445372,0.1785013730874853,0.013526207026113094,0.10982127943878403,0.0032422953195352525,0.08733537777513124,0.12375752085510386,0.07631629473901602,0.012101910828025477,0.0011272011243831216
AC4_OL40_021420_256s_15x25_a,2.3765051668683084,6.330744006385566,0.6825580800794117,0.6978278510702589,-0.5063028848334592,0.0010948276234982713,0.9813641594081108,0.9006324900133156,0.015275586607567676,0.16781090623774028,0.012148537791971946,0.0985468515116085,0.002537448510940632,0.0860948184317345,0.12001269673700993,0.0695397949947482,0.011995753715498938,0.0013385513352049568
AC4_OL40_021420_256s_15x25_b,2.423186446603737,6.740449279561872,0.6942293179932376,0.7499999999999999,-0.5502988006837084,0.0011726662027199714,0.958605279170794,0.9006324900133156,0.015275586607567676,0.16781090623774028,0.012148537791971946,0.0985468515116085,0.002537448510940632,0.0860948184317345,0.12001269673700993,0.0695397949947482,0.011995753715498938,0.0013385513352049568
AC4_OL40_021420_256s_15x25_c,2.4031449156210005,6.860051100439008,0.7305862414538488,0.7499999999999999,-0.5689859731367731,0.0011849355691085574,0.9439933820064296,0.9006324900133156,0.015275586607567676,0.16781090623774028,0.012148537791971946,0.0985468515116085,0.002537448510940632,0.0860948184317345,0.12001269673700993,0.0695397949947482,0.011995753715498938,0.0013385513352049568
AC4_OL43_101220_256s_30x30_a,1.5451131678718608,0.5197034625613708,0.15279347353004366,-0.13496453741629538,0.18933930798319815,0.00013655676306937754,0.9869741777516274,0.8971371504660453,0.016152054691608443,0.16290702236171048,0.01177280981902436,0.09534547074216358,0.0022555097875027845,0.08832782524984865,0.12571909539315304,0.052114509938059564,0.012526539278131634,0.0016203516163007373
AC4_OL43_101220_256s_30x30_b,1.5693120386874555,0.5823100331811047,0.13873996976564867,-0.11994377751894154,0.187016148975034,0.00015816007657225262,0.9867703827347112,0.8971371504660453,0.016152054691608443,0.16290702236171048,0.01177280981902436,0.09534547074216358,0.0022555097875027845,0.08832782524984865,0.12571909539315304,0.052114509938059564,0.012526539278131634,0.0016203516163007373
AC4_OL43_101220_256s_30x30_c,1.5196235352320395,0.17209459560360074,0.13652343926189153,-0.16604472285038013,0.2137376684181665,7.866846889055987e-05,1.005493423406111,0.8971371504660453,0.016152054691608443,0.16290702236171048,0.01177280981902436,0.09534547074216358,0.0022555097875027845,0.08832782524984865,0.12571909539315304,0.052114509938059564,0.012526539278131634,0.0016203516163007373
AC4_OL44_021420_256s_25x25_a,1.4534371406303386,2.3445559685519863,0.40174473252551096,0.013675721695257314,-0.3822316925968233,0.0005990954495065661,0.6532922757545008,0.8856524633821572,0.015025167154984599,0.16820321694782267,0.012085916463147347,0.09799008963866156,0.0023964791492217083,0.08981649646192476,0.12625407026716645,0.07147593777882472,0.01029723991507431,0.0011272011243831216
AC4_OL44_021420_256s_25x25_b,1.4181130648036715,1.8144008820252315,0.3789785825485808,-0.036153933792534856,-0.3446796373182636,0.0005242420716859928,0.6801435788703116,0.8856524633821572,0.015025167154984599,0.16820321694782267,0.012085916463147347,0.09799008963866156,0.0023964791492217083,0.08981649646192476,0.12625407026716645,0.07147593777882472,0.01029723991507431,0.0011272011243831216
AC4_OL44_021420_256s_25x25_c,1.4216175546907417,1.9278692662541412,0.3816819617393604,-0.017300814416208316,-0.3488839431904465,0.0005390738042887501,0.6727951200392355,0.8856524633821572,0.015025167154984599,0.16820321694782267,0.012085916463147347,0.09799008963866156,0.0023964791492217083,0.08981649646192476,0.12625407026716645,0.07147593777882472,0.01029723991507431,0.0011272011243831216
AC4_OL45_012821_256s_20x25_a,0.5644073263641259,2.1007201994479554,0.6770814693117915,0.10056035499285627,-0.19400236953392605,0.00044563385311629844,0.2230015156906916,0.825399467376831,0.01051761700848922,0.18163985876814437,0.013150479053165508,0.1064807082011024,0.0032422953195352525,0.10966544595627276,0.16067078716202962,0.06260195001847402,0.006900212314225053,0.0011272011243831216
AC4_OL45_012821_256s_20x25_b,0.4994241788975192,1.938704554321237,0.6127815714044993,0.20219756884981774,-0.1320009065994783,0.00036783082545544194,0.2213851233615483,0.825399467376831,0.01051761700848922,0.18163985876814437,0.013150479053165508,0.1064807082011024,0.0032422953195352525,0.10966544595627276,0.16067078716202962,0.06260195001847402,0.006900212314225053,0.0011272011243831216
AC4_OL45_012821_256s_20x25_c,0.5529011497026083,2.338869744413861,0.6575664298569971,0.1986003969670848,-0.1820548017088396,0.000457555439115668,0.2038043431997916,0.825399467376831,0.01051761700848922,0.18163985876814437,0.013150479053165508,0.1064807082011024,0.0032422953195352525,0.10966544595627276,0.16067078716202962,0.06260195001847402,0.006900212314225053,0.0011272011243831216
AC4_OL46_021420_256s_30x30_a,1.2671421352181782,0.8215531162040661,0.4341515686254853,-0.17373491207892855,-0.016139681838157033,4.6458677528723997e-05,0.8966292305549893,0.808422103861518,0.01051761700848922,0.17899176147508827,0.013651449683762291,0.11093480318467792,0.0026784178726595564,0.11785313762269131,0.16691216069218615,0.058406973986308244,0.006581740976645435,0.0007749507730133961
AC4_OL46_021420_256s_30x30_b,1.271701286561795,0.9701881554183468,0.4424025540456145,-0.16262080831508507,-0.044029075776814856,6.714086239208343e-05,0.8874664832205368,0.808422103861518,0.01051761700848922,0.17899176147508827,0.013651449683762291,0.11093480318467792,0.0026784178726595564,0.11785313762269131,0.16691216069218615,0.058406973986308244,0.006581740976645435,0.0007749507730133961
AC4_OL46_021420_256s_30x30_c,1.2965993478164832,1.1295853887156722,0.4359324499258789,-0.14351332655483445,-0.04729992415209215,0.00010158892226872275,0.881304655360957,0.808422103861518,0.01051761700848922,0.17899176147508827,0.013651449683762291,0.11093480318467792,0.0026784178726595564,0.11785313762269131,0.16691216069218615,0.058406973986308244,0.006581740976645435,0.0007749507730133961
AC4_OL48_021720_256s_25x25_CO2_a,0.9211249769085172,-0.31180073387326945,0.10111547515503147,-0.1081647620519089,0.10291070184273224,0.00011551170979773037,0.6109179775052046,0.8874833555259654,0.014524328249818445,0.16614358571989019,0.011710188490199763,0.09520628027392684,0.0023964791492217083,0.09577118131022914,0.1271456950571888,0.07115324731481197,0.010934182590233545,0.001409001405478902
AC4_OL48_021720_256s_25x25_CO2_b,0.9357907126587598,0.014106853522195022,0.11925227629871557,-0.09386707111328517,0.0564438539567801,0.00016511042623706048,0.5916360299583895,0.8874833555259654,0.014524328249818445,0.16614358571989019,0.011710188490199763,0.09520628027392684,0.0023964791492217083,0.09577118131022914,0.1271456950571888,0.07115324731481197,0.010934182590233545,0.001409001405478902
AC4_OL48_021720_256s_25x25_CO2_c,0.917308954947492,-0.2985751649108332,0.1024902667526944,-0.12914420318003803,0.08265275699041437,0.0001180498615435571,0.608858692007338,0.8874833555259654,0.014524328249818445,0.16614358571989019,0.011710188490199763,0.09520628027392684,0.0023964791492217083,0.09577118131022914,0.1271456950571888,0.07115324731481197,0.010934182590233545,0.001409001405478902
AC4_OL48_021720_256s_25x25_H2O_a,0.8214781799520913,-0.8789668464699426,0.1000982438114978,-0.2939021377709317,0.011389494767078113,9.666890086748798e-06,0.6089649094432034,0.8874833555259654,0.014524328249818445,0.16614358571989019,0.011710188490199763,0.09520628027392684,0.0023964791492217083,0.09577118131022914,0.1271456950571888,0.07115324731481197,0.010934182590233545,0.001409001405478902
AC4_OL48_021720_256s_25x25_H2O_b,0.8417008020140427,-0.6665225361332419,0.10278037429962326,-0.2617284138646268,0.005425912664392235,4.782321184243612e-05,0.5975670966553013,0.8874833555259654,0.014524328249818445,0.16614358571989019,0.011710188490199763,0.09520628027392684,0.0023964791492217083,0.09577118131022914,0.1271456950571888,0.07115324731481197,0.010934182590233545,0.001409001405478902
AC4_OL48_021720_256s_25x25_H2O_c,0.8126420997338475,-0.9618402061107596,0.09928110744524526,-0.3002191627206401,0.01572892328817676,-6.819483351369443e-06,0.6129951628538612,0.8874833555259654,0.014524328249818445,0.16614358571989019,0.011710188490199763,0.09520628027392684,0.0023964791492217083,0.09577118131022914,0.1271456950571888,0.07115324731481197,0.010934182590233545,0.001409001405478902
AC4_OL49_021920_30x30_CO2_a,2.246799071797447,4.962642677654339,0.6660737265765045,0.7499999999999999,-0.5165175174388865,0.0008471015125693793,1.1650745646072007,0.8711717709720374,0.013021811534319987,0.17575519811690862,0.012085916463147347,0.09785089917042482,0.0028193872343784806,0.0900646083306041,0.13766686757945268,0.06857172360270995,0.008280254777070064,0.0009863009838352314
AC4_OL49_021920_30x30_CO2_b,2.3717517513080573,5.444552693124516,0.6100218465360713,0.7499999999999999,-0.5653456365284011,0.000996361609325668,1.1453294090828274,0.8711717709720374,0.013021811534319987,0.17575519811690862,0.012085916463147347,0.09785089917042482,0.0028193872343784806,0.0900646083306041,0.13766686757945268,0.06857172360270995,0.008280254777070064,0.0009863009838352314
AC4_OL49_021920_30x30_CO2_c,2.3815050726696803,4.877640815446645,0.6502356162944664,0.6377039112692474,-0.5876216402003249,0.0009604679552895502,1.1696711722833568,0.8711717709720374,0.013021811534319987,0.17575519811690862,0.012085916463147347,0.09785089917042482,0.0028193872343784806,0.0900646083306041,0.13766686757945268,0.06857172360270995,0.008280254777070064,0.0009863009838352314
AC4_OL49_021920_30x30_H2O_a,1.5850214569991592,-0.019946027597440925,0.7113531373409011,-0.2290834981730889,-0.009982430202874098,0.00012573180129080304,1.2569072877598886,0.8711717709720374,0.013021811534319987,0.17575519811690862,0.012085916463147347,0.09785089917042482,0.0028193872343784806,0.0900646083306041,0.13766686757945268,0.06857172360270995,0.008280254777070064,0.0009863009838352314
AC4_OL49_021920_30x30_H2O_b,1.5968816722739645,0.006577946894662779,0.6957783315636936,-0.2128948561995027,-0.01583799826751757,0.00012954443158141434,1.2543575579659108,0.8711717709720374,0.013021811534319987,0.17575519811690862,0.012085916463147347,0.09785089917042482,0.0028193872343784806,0.0900646083306041,0.13766686757945268,0.06857172360270995,0.008280254777070064,0.0009863009838352314
AC4_OL49_021920_30x30_H2O_c,1.599270984521984,-0.11465803376338968,0.6873143183362161,-0.226730498717156,-0.01832614430216163,0.00011426352199172568,1.2619501255405692,0.8711717709720374,0.013021811534319987,0.17575519811690862,0.012085916463147347,0.09785089917042482,0.0028193872343784806,0.0900646083306041,0.13766686757945268,0.06857172360270995,0.008280254777070064,0.0009863009838352314
AC4_OL50_021920_20x20_a,1.3198849906399588,3.3834751386623103,0.26292961634629924,0.3050937103116359,-0.20046449371842726,0.0005937635862103716,0.5780764904885246,0.8631824234354195,0.013397440713194602,0.16624166339741075,0.012899993737867118,0.10481042258226157,0.0031013259578163282,0.09725985252230525,0.12643239522517094,0.06841037837070357,0.01029723991507431,0.001409001405478902
AC4_OL50_021920_20x20_b,1.328092542684729,3.5627433688271815,0.2665564694346452,0.3225042061792834,-0.1991638284910629,0.0006321243205261192,0.5609321721926118,0.8631824234354195,0.013397440713194602,0.16624166339741075,0.012899993737867118,0.10481042258226157,0.0031013259578163282,0.09725985252230525,0.12643239522517094,0.06841037837070357,0.01029723991507431,0.001409001405478902
AC4_OL50_021920_256s_20x20_c,1.2722514902268405,3.009470772263514,0.2585267727004348,0.2557042616724929,-0.15640362781681438,0.0005332479106102155,0.5876115532312548,0.8631824234354195,0.013397440713194602,0.16624166339741075,0.012899993737867118,0.10481042258226157,0.0031013259578163282,0.09725985252230525,0.12643239522517094,0.06841037837070357,0.01029723991507431,0.001409001405478902
AC4_OL51_021920_15x20_a,1.5961705561421962,5.2942470015085235,0.3068092342060955,0.22496082972931644,-0.5021853893762253,0.0008318516909419818,0.6624517404901819,0.9092876165113183,0.014399118523526907,0.16094546881129856,0.012336401778445739,0.10007794666221259,0.0031013259578163282,0.0930419507547563,0.11662452253492495,0.06808768790669081,0.012738853503184712,0.0010567510541091764
AC4_OL51_021920_15x20_b,1.5625092079363945,4.876840998303582,0.2403000313982771,0.16459340551791232,-0.4555600242321482,0.0007611889694299156,0.6899352046113285,0.9092876165113183,0.014399118523526907,0.16094546881129856,0.012336401778445739,0.10007794666221259,0.0031013259578163282,0.0930419507547563,0.11662452253492495,0.06808768790669081,0.012738853503184712,0.0010567510541091764
AC4_OL51_021920_15x20_c,1.5207877833045833,4.606776393887295,0.2556897839113054,0.1462976357885244,-0.4343079092480622,0.0007019149109673233,0.7007359298300295,0.9092876165113183,0.014399118523526907,0.16094546881129856,0.012336401778445739,0.10007794666221259,0.0031013259578163282,0.0930419507547563,0.11662452253492495,0.06808768790669081,0.012738853503184712,0.0010567510541091764
AC4_OL53_101220_256s_30x30_a,0.8280983360215974,1.0634411972226587,0.4855567195456432,-0.021804577804156976,-0.009614359089591216,0.0002570135944408328,0.4920596404595274,0.7981025299600534,0.012520972629153833,0.18517065515888584,0.012774751080217923,0.10369689883636769,0.0026784178726595564,0.10768055100683796,0.17547175867640083,0.0559867955062126,0.007112526539278132,0.0007749507730133961
AC4_OL53_101220_256s_30x30_b,0.8330948411644462,1.097075231606809,0.4883714813270899,-0.01971404341326286,-0.010735938289856905,0.00026516249471932333,0.4907500000943821,0.7981025299600534,0.012520972629153833,0.18517065515888584,0.012774751080217923,0.10369689883636769,0.0026784178726595564,0.10768055100683796,0.17547175867640083,0.0559867955062126,0.007112526539278132,0.0007749507730133961
AC4_OL53_101220_256s_30x30_c,0.8245157563354341,1.0360524154509947,0.4918349768122503,-0.02847788766243432,-0.011205337524316059,0.00025209672392325077,0.4937423960297104,0.7981025299600534,0.012520972629153833,0.18517065515888584,0.012774751080217923,0.10369689883636769,0.0026784178726595564,0.10768055100683796,0.17547175867640083,0.0559867955062126,0.007112526539278132,0.0007749507730133961
AC4_RH1_OL2_022120_256s_30x30_a,1.6092087820180776,2.1620814173092904,0.434425522031719,-0.011941228200991907,-0.3906545920140286,0.0006562334484839017,0.7648051304502219,0.8929760319573902,0.015275586607567676,0.15829737151824247,0.012837372409042518,0.10439285117755137,0.0028193872343784806,0.11165034090570757,0.11983437177900545,0.06421540233853779,0.010509554140127388,0.001409001405478902
AC4_RH1_OL2_022120_256s_30x30_b,1.628933936343622,2.410061079565606,0.4372294679345584,0.0291852729159923,-0.4011038515293984,0.0006994828889993808,0.7495604361673578,0.8929760319573902,0.015275586607567676,0.15829737151824247,0.012837372409042518,0.10439285117755137,0.0028193872343784806,0.11165034090570757,0.11983437177900545,0.06421540233853779,0.010509554140127388,0.001409001405478902
AC4_RH1_OL2_022120_256s_30x30_c,1.6357527300760484,2.4961977858261246,0.4410494989818349,0.040955870222137904,-0.4076547215333541,0.0007144096771568723,0.7440858846406674,0.8929760319573902,0.015275586607567676,0.15829737151824247,0.012837372409042518,0.10439285117755137,0.0028193872343784806,0.11165034090570757,0.11983437177900545,0.06421540233853779,0.010509554140127388,0.001409001405478902
AC4_RH1_OL3_MI1_022120_256s_20x25_a,0.9971534776791834,4.305130025877899,0.2459411723718733,0.3261095267290987,-0.3550847354659443,0.0008018740568029584,0.2688323756110338,0.8209054593874834,0.014023489344652295,0.16575127500980777,0.016218924165570792,0.13139580201547799,0.0036652034046920244,0.12752950050118597,0.13980676707550635,0.056793521666244476,0.008174097664543524,0.0009863009838352314
AC4_RH1_OL3_MI1_022120_256s_20x25_b,1.013765521661364,4.4314777455648,0.2422819895056489,0.3359207324039634,-0.3708027966335027,0.0008259864634032158,0.26441305033569396,0.8209054593874834,0.014023489344652295,0.16575127500980777,0.016218924165570792,0.13139580201547799,0.0036652034046920244,0.12752950050118597,0.13980676707550635,0.056793521666244476,0.008174097664543524,0.0009863009838352314
AC4_RH1_OL3_MI1_022120_256s_20x25_c,1.0047053970934705,4.3025391694660735,0.2500584127605555,0.31514939327796626,-0.3657580032246303,0.000807569484593193,0.2712289426487676,0.8209054593874834,0.014023489344652295,0.16575127500980777,0.016218924165570792,0.13139580201547799,0.0036652034046920244,0.12752950050118597,0.13980676707550635,0.056793521666244476,0.008174097664543524,0.0009863009838352314
AC4_RH1_OL3_MI2_022120_256s_20x20_a,0.7041201340035147,0.956786529827778,0.0914219887542756,-0.2051791383916812,-0.07824088543006111,0.0002614670248742288,0.4980526977992393,0.7951065246338217,0.01051761700848922,0.16702628481757553,0.018285428016782516,0.14851622960859642,0.0035242340429731006,0.12752950050118597,0.14747474026969867,0.05340527179411057,0.0070063694267515925,0.0007749507730133961
AC4_RH1_OL3_MI2_022120_256s_20x20_b,0.7023844704198398,0.9417804905359956,0.09160071578472936,-0.21083968986807503,-0.0741915246717216,0.00025956700573769026,0.4987180523554517,0.7951065246338217,0.01051761700848922,0.16702628481757553,0.018285428016782516,0.14851622960859642,0.0035242340429731006,0.12752950050118597,0.14747474026969867,0.05340527179411057,0.0070063694267515925,0.0007749507730133961
AC4_RH1_OL3_MI2_022120_256s_20x20_c,0.7455707602480394,1.5667373823202118,0.11296289118072955,-0.12346136691953224,-0.1043596346828784,0.00036074347038917207,0.4639708545863912,0.7951065246338217,0.01051761700848922,0.16702628481757553,0.018285428016782516,0.14851622960859642,0.0035242340429731006,0.12752950050118597,0.14747474026969867,0.05340527179411057,0.0070063694267515925,0.0007749507730133961
AC4_RH3_OL1BIG_022120_256s_20x25_a,1.2825957883368624,2.50715973214422,0.3408077972161811,0.010752886697261273,-0.3150561536881193,0.000500300510343457,0.5659816244963058,0.8979693741677763,0.014774747702401522,0.16133777952138093,0.012649508422568727,0.10258337509047381,0.0033832646812541763,0.1089211103502347,0.116267872618916,0.0709919020828056,0.011252653927813164,0.0012681012649310116
AC4_RH3_OL1BIG_022120_256s_20x25_b,1.2632819762185776,2.213551562356744,0.3281331657068328,-0.03351403859123999,-0.2985848305357098,0.000453799552168963,0.5830440783054536,0.8979693741677763,0.014774747702401522,0.16133777952138093,0.012649508422568727,0.10258337509047381,0.0033832646812541763,0.1089211103502347,0.116267872618916,0.0709919020828056,0.011252653927813164,0.0012681012649310116
AC4_RH3_OL1BIG_022120_256s_20x25_c,1.2530839519340744,2.0872783976052287,0.3195976689997552,-0.04860951569358165,-0.2833889987472868,0.0004228023069549294,0.5924908168896903,0.8979693741677763,0.014774747702401522,0.16133777952138093,0.012649508422568727,0.10258337509047381,0.0033832646812541763,0.1089211103502347,0.116267872618916,0.0709919020828056,0.011252653927813164,0.0012681012649310116
AC4_RH3_OL1SMALL_022120_256s_20x25_a,1.4210067098741477,4.280960155163586,0.4464951477503781,0.3349814440523873,-0.494425963041482,0.0008838414791310114,0.4473448143986104,0.8979693741677763,0.014774747702401522,0.16133777952138093,0.012649508422568727,0.10258337509047381,0.0033832646812541763,0.1089211103502347,0.116267872618916,0.0709919020828056,0.011252653927813164,0.0012681012649310116
AC4_RH3_OL1SMALL_022120_256s_20x25_b,1.4133135733505753,4.209219165327963,0.4577570644554179,0.3282973427866012,-0.4889072736140743,0.0008708609385459009,0.4505720759170699,0.8979693741677763,0.014774747702401522,0.16133777952138093,0.012649508422568727,0.10258337509047381,0.0033832646812541763,0.1089211103502347,0.116267872618916,0.0709919020828056,0.011252653927813164,0.0012681012649310116
AC4_RH3_OL1SMALL_022120_256s_20x25_c,1.4306926979742076,4.321659251475042,0.452751812447761,0.3356904409519995,-0.5033289460750485,0.0008944309267542674,0.4460916649905384,0.8979693741677763,0.014774747702401522,0.16133777952138093,0.012649508422568727,0.10258337509047381,0.0033832646812541763,0.1089211103502347,0.116267872618916,0.0709919020828056,0.011252653927813164,0.0012681012649310116
AC4_RH3_OL2_022120_256s_30x30_a,1.130746900592397,2.4128448414015025,0.15175865142447134,0.1956495310413393,-0.09006945562924723,0.0005946227990854017,0.5355264201447504,0.8219041278295607,0.023038589637643055,0.15388387602981562,0.01903688396267769,0.15450141974277604,0.0031013259578163282,0.10668810353212055,0.1027151758105761,0.06389271187452504,0.011146496815286625,0.001409001405478902
AC4_RH3_OL2_022120_256s_30x30_b,1.1296335540417812,2.312806513933788,0.1386838218972349,0.18147146435360054,-0.0893055308136666,0.0005808227001049838,0.5428141481425818,0.8219041278295607,0.023038589637643055,0.15388387602981562,0.01903688396267769,0.15450141974277604,0.0031013259578163282,0.10668810353212055,0.1027151758105761,0.06389271187452504,0.011146496815286625,0.001409001405478902
AC4_RH3_OL2_022120_256s_30x30_c,1.1338842307930683,2.3726247194559136,0.1397512660150304,0.1909959170309489,-0.08586140241564699,0.0005908704133406722,0.5394299714091139,0.8219041278295607,0.023038589637643055,0.15388387602981562,0.01903688396267769,0.15450141974277604,0.0031013259578163282,0.10668810353212055,0.1027151758105761,0.06389271187452504,0.011146496815286625,0.001409001405478902
AC4_RH3_OL3_022120_256s_20x20_a,1.7445221977561742,3.841634198337361,0.5982907152071324,-0.03994734079678396,-0.4759716730363743,0.0006476687883927978,0.879822622570894,0.8833222370173103,0.015150376881276137,0.181247548058062,0.01177280981902436,0.09562385167863706,0.002537448510940632,0.09229761514871826,0.13534864312539455,0.06986248545876096,0.009978768577494692,0.0015499015460267922
AC4_RH3_OL3_022120_256s_20x20_b,1.7870119789130443,4.398766406105489,0.6175400191517131,0.022115944813642676,-0.5134760577439756,0.0007362151950764582,0.8526042526031389,0.8833222370173103,0.015150376881276137,0.181247548058062,0.01177280981902436,0.09562385167863706,0.002537448510940632,0.09229761514871826,0.13534864312539455,0.06986248545876096,0.009978768577494692,0.0015499015460267922
AC4_RH3_OL3_022120_256s_20x20_c,1.710170722604761,3.93658720006738,0.6196501852484696,-0.010616840835083559,-0.461171440962745,0.000632257696937875,0.8690686187870316,0.8833222370173103,0.015150376881276137,0.181247548058062,0.01177280981902436,0.09562385167863706,0.002537448510940632,0.09229761514871826,0.13534864312539455,0.06986248545876096,0.009978768577494692,0.0015499015460267922
21ALV1846-9_44x44_s1_EP_103um,1.355521427015041,3.5204773650478494,0.10024980308547413,0.4670724947318944,0.10316863090280266,0.00016602493166457483,0.7220026165998568,0.8267310252996006,0.007136954398617684,0.17114554727344056,0.0,0.09785089917042482,0.0022555097875027845,0.17243774873214834,0.24002539347401985,0.0333984630253199,0.007537154989384288,0.0009158509135612863
21ALV1846-9_44x44_s2_EP_103um,1.3876582903399268,3.0604821314425648,0.21272554337334196,0.413959980127938,0.07161857021925187,8.638805563961528e-05,0.9215173735051012,0.8267310252996006,0.007136954398617684,0.17114554727344056,0.0,0.09785089917042482,0.0022555097875027845,0.17243774873214834,0.24002539347401985,0.0333984630253199,0.007537154989384288,0.0009158509135612863
21ALV1846-9_44x44_s3_EP_103um,1.3404768472048556,3.269956134199393,0.10324254231265824,0.4478771500489707,0.108715581200354,0.00011650002458065988,0.7557810211665881,0.8267310252996006,0.007136954398617684,0.17114554727344056,0.0,0.09785089917042482,0.0022555097875027845,0.17243774873214834,0.24002539347401985,0.0333984630253199,0.007537154989384288,0.0009158509135612863
23WOK5-4_44x44_s1_EP_147um,1.421374730939081,0.21575486966682167,0.06149851180357733,-0.17053324145985224,0.14585729575561687,-0.0004084638340731168,1.2368472424988413,0.8468708388814914,0.015901635239025366,0.16888976069046685,0.0,0.1128834697399922,0.0021145404257838602,0.18782068459026807,0.19152100489680335,0.05082374808200855,0.0020169851380042463,0.0011272011243831216
23WOK5-4_44x44_s2_EP_147um,1.4903809198232634,1.9878918399690115,-0.05353283972466838,0.11200315935416988,0.06905497894037385,-0.0001304616057997351,0.9562083955946848,0.8468708388814914,0.015901635239025366,0.16888976069046685,0.0,0.1128834697399922,0.0021145404257838602,0.18782068459026807,0.19152100489680335,0.05082374808200855,0.0020169851380042463,0.0011272011243831216
23WOK5-4_44x44_s3_EP_147um,1.5115786509159304,1.8328892547940587,-0.06302381073861499,0.09805011698833116,0.08356263134047831,-0.00017714444578705626,1.0528157692981686,0.8468708388814914,0.015901635239025366,0.16888976069046685,0.0,0.1128834697399922,0.0021145404257838602,0.18782068459026807,0.19152100489680335,0.05082374808200855,0.0020169851380042463,0.0011272011243831216
ALV1833-11_44x44_s1_EP_108um,1.265266236151814,0.9889372329967864,-0.1954568825014137,-0.009286259463793314,0.12605174542424713,-0.0002844837691348017,0.9084213292844702,0.8510319573901466,0.013021811534319987,0.1683012946253433,0.0,0.10508880351873505,0.0021145404257838602,0.18732446085290935,0.2125633499413311,0.046144736353823636,0.002653927813163482,0.0012681012649310116
ALV1833-11_44x44_s2_EP_108um,1.2585973255000344,1.0077185792093308,-0.19914330582969156,-0.007757304954433191,0.1315394407155747,-0.000284466929373913,0.8858968415978613,0.8510319573901466,0.013021811534319987,0.1683012946253433,0.0,0.10508880351873505,0.0021145404257838602,0.18732446085290935,0.2125633499413311,0.046144736353823636,0.002653927813163482,0.0012681012649310116
ALV1833-11_44x44_s3_EP_108um,1.2686275181387894,1.0263842136216006,-0.1936190748851716,-0.010367390665702277,0.1240106162196918,-0.00027530698236194993,0.8889526082655583,0.8510319573901466,0.013021811534319987,0.1683012946253433,0.0,0.10508880351873505,0.0021145404257838602,0.18732446085290935,0.2125633499413311,0.046144736353823636,0.002653927813163482,0.0012681012649310116
CD33_12-2-2_VG9764_44x44_s1_EP_105um,1.3725435623234752,0.1799340104071397,-0.9899921305538246,-0.15424309640685274,0.2213531924822024,-0.0003667027022926565,0.9629181883526176,0.8455392809587217,0.02103523401697844,0.13750490388387604,0.0,0.1689772284393965,0.0031013259578163282,0.16747551135856134,0.1963357787629241,0.04130437939363235,0.0009554140127388534,0.0008454008432873412
CD33_12-2-2_VG9764_44x44_s2_EP_105um,1.3676654953669884,0.2409772387854653,-0.9872489395475906,-0.1586664867233668,0.214988583587964,-0.00034942157388845015,0.9358029136531378,0.8455392809587217,0.02103523401697844,0.13750490388387604,0.0,0.1689772284393965,0.0031013259578163282,0.16747551135856134,0.1963357787629241,0.04130437939363235,0.0009554140127388534,0.0008454008432873412
CD33_12-2-2_VG9764_44x44_s3_EP_105um,1.3759942053259977,0.2748114133639391,-0.9835350738429504,-0.15255811995465846,0.21168437026916967,-0.00034295110613414843,0.9443924685466868,0.8455392809587217,0.02103523401697844,0.13750490388387604,0.0,0.1689772284393965,0.0031013259578163282,0.16747551135856134,0.1963357787629241,0.04130437939363235,0.0009554140127388534,0.0008454008432873412
CD33_22-1-1_VG9812_44x44_s1_EP_73um,0.8281874698526461,-1.7651066490243927,-0.6258365982375557,-0.16616270592600374,0.34162332353288577,-0.0006402941247934631,0.9947723934194821,0.8538615179760319,0.012646182355445372,0.14584150647312671,0.0,0.1326485162296086,0.0023964791492217083,0.1915423626204583,0.21969634826151,0.034205189185351786,0.000743099787685775,0.0004931504919176157
CD33_22-1-1_VG9812_44x44_s2_EP_73um,0.9190006327672908,-0.34999069131913635,-0.6197287308864539,-0.0494012925091686,0.2374130504428065,-0.0003564356361670175,0.7231647785179642,0.8538615179760319,0.012646182355445372,0.14584150647312671,0.0,0.1326485162296086,0.0023964791492217083,0.1915423626204583,0.21969634826151,0.034205189185351786,0.000743099787685775,0.0004931504919176157
CD33_22-1-1_VG9812_44x44_s3_EP_73um,0.8968145864007363,-0.6666066028568579,-0.6329905679761035,-0.09455199266584996,0.2686428070077472,-0.00039189648484133866,0.7190145618912228,0.8538615179760319,0.012646182355445372,0.14584150647312671,0.0,0.1326485162296086,0.0023964791492217083,0.1915423626204583,0.21969634826151,0.034205189185351786,0.000743099787685775,0.0004931504919176157
ETFSR_Ol8_256s,0.2882853545664467,-2.0088973569271262,-0.11445512894600475,-0.5175068848502703,0.13380389712151305,-0.00036959993439480163,0.6475378211009439,0.7553262316910786,0.00976635865073999,0.08571989015300119,0.016657273467342977,0.08629809030677581,0.0023964791492217083,0.39946010857375375,0.21042345044527744,0.0238790943369437,0.0070063694267515925,0.0023953023893141336
ETFSR_Ol8_256s_2,0.3814230327652859,-0.28123629282261786,-0.02413683809865656,-0.34843741387366256,0.07316963744780018,-0.00012186090751598447,0.5612059172753723,0.7553262316910786,0.00976635865073999,0.08571989015300119,0.016657273467342977,0.08629809030677581,0.0023964791492217083,0.39946010857375375,0.21042345044527744,0.0238790943369437,0.0070063694267515925,0.0023953023893141336
ETFSR_Ol8_highres_256s,0.32939117821946445,-1.3616946342487901,-0.0633249668754322,-0.436723857104081,0.1048028487584212,-0.0002622086067726206,0.609650405209369,0.7553262316910786,0.00976635865073999,0.08571989015300119,0.016657273467342977,0.08629809030677581,0.0023964791492217083,0.39946010857375375,0.21042345044527744,0.0238790943369437,0.0070063694267515925,0.0023953023893141336
Fiege63_256s,1.5294260475446562,-2.0474988420718216,0.5644702162021608,-0.6466623979458476,0.3160792127746666,-0.0008899812486277772,1.9161690846818735,0.7786284953395474,0.034057045551298425,0.14584150647312671,0.0,0.14712432492622907,0.0019735710640649364,0.26101368585067636,0.17475845884438296,0.04727415297786827,0.009766454352441613,0.002818002810957804
Fiege63_256s_2,1.7441879156360234,-1.2708426079798458,0.8394349717704697,-0.5067361093608376,0.05635547207375227,-0.0005954955684043218,1.868209992369333,0.7786284953395474,0.034057045551298425,0.14584150647312671,0.0,0.14712432492622907,0.0019735710640649364,0.26101368585067636,0.17475845884438296,0.04727415297786827,0.009766454352441613,0.002818002810957804
Fiege63_256s_3,1.7780929429761057,-0.3522459672285373,0.5311384921955468,-0.4482307141566207,0.21948745965308056,-0.0005516568680106859,1.8894302213496263,0.7786284953395474,0.034057045551298425,0.14584150647312671,0.0,0.14712432492622907,0.0019735710640649364,0.26101368585067636,0.17475845884438296,0.04727415297786827,0.009766454352441613,0.002818002810957804
Fiege73_256s,0.9385091367175404,-1.7153923162654658,1.0,-0.7499999999999999,0.7499999999999999,-0.0013385040062469714,2.010563463927547,0.7786284953395474,0.034057045551298425,0.14584150647312671,0.0,0.14712432492622907,0.0019735710640649364,0.26101368585067636,0.17475845884438296,0.04727415297786827,0.009766454352441613,0.002818002810957804
Fiege73_256s_2,0.9079656351941882,-1.9672755688205392,1.0,-0.7499999999999999,0.7499999999999999,-0.001391587596462368,2.0293228079419534,0.7786284953395474,0.034057045551298425,0.14584150647312671,0.0,0.14712432492622907,0.0019735710640649364,0.26101368585067636,0.17475845884438296,0.04727415297786827,0.009766454352441613,0.002818002810957804
Fiege73_256s_2_highres,0.87988086996052,-1.7954221335270222,1.0,-0.7499999999999999,0.7499999999999999,-0.0013718812386321955,2.0105760804477555,0.7786284953395474,0.034057045551298425,0.14584150647312671,0.0,0.14712432492622907,0.0019735710640649364,0.26101368585067636,0.17475845884438296,0.04727415297786827,0.009766454352441613,0.002818002810957804
Fiege73_2_256s,0.9079656351941882,-1.9672755688205392,1.0,-0.7499999999999999,0.7499999999999999,-0.001391587596462368,2.0293228079419534,0.7786284953395474,0.034057045551298425,0.14584150647312671,0.0,0.14712432492622907,0.0019735710640649364,0.26101368585067636,0.17475845884438296,0.04727415297786827,0.009766454352441613,0.002818002810957804
STD_C1'_256s_20x50,0.7990923472300303,3.1989859646315626,0.3244841847823654,0.4975624563535527,-0.15331334273604474,0.0005699780490515746,0.3010663844590476,0.7734687083888149,0.010893246187363835,0.17703020792467636,0.012211159120796544,0.10870775569289015,0.0021145404257838602,0.15258879923780033,0.21024512548727295,0.03146232024124339,0.003184713375796178,0.0009863009838352314
STD_C1_020320_256s_20x50_a,0.5180857346123793,-0.3579166196618789,0.5585583430252344,-0.2131032467079055,-0.19866497497760927,-2.430505382957695e-05,0.528324529992616,0.7734687083888149,0.010893246187363835,0.17703020792467636,0.012211159120796544,0.10870775569289015,0.0021145404257838602,0.15258879923780033,0.21024512548727295,0.03146232024124339,0.003184713375796178,0.0009863009838352314
STD_C1_020320_256s_20x50_b,0.5309683819210834,-0.27614591475593675,0.5534404830610103,-0.2115926401396597,-0.20790181523639945,-4.8340758870347846e-06,0.5280426886276492,0.7734687083888149,0.010893246187363835,0.17703020792467636,0.012211159120796544,0.10870775569289015,0.0021145404257838602,0.15258879923780033,0.21024512548727295,0.03146232024124339,0.003184713375796178,0.0009863009838352314
STD_C1_020320_256s_20x50_c,0.5236965579246128,-0.5764533058769702,0.5470303219556925,-0.2504124222674676,-0.19929133002897312,-4.600565908625606e-05,0.5372671445963174,0.7734687083888149,0.010893246187363835,0.17703020792467636,0.012211159120796544,0.10870775569289015,0.0021145404257838602,0.15258879923780033,0.21024512548727295,0.03146232024124339,0.003184713375796178,0.0009863009838352314
STD_C1_020520_256s_20x50_a,0.6394730889087741,1.0379888123445988,0.5170951485903273,-0.10619953820925786,-0.2703927509131363,0.00018076045030207143,0.4625859693257973,0.7734687083888149,0.010893246187363835,0.17703020792467636,0.012211159120796544,0.10870775569289015,0.0021145404257838602,0.15258879923780033,0.21024512548727295,0.03146232024124339,0.003184713375796178,0.0009863009838352314
STD_C1_020520_256s_20x50_b,0.6290443948950093,0.944203040547278,0.5148081659680795,-0.11004890288135456,-0.2630113533803128,0.000158998363668517,0.4636904387359601,0.7734687083888149,0.010893246187363835,0.17703020792467636,0.012211159120796544,0.10870775569289015,0.0021145404257838602,0.15258879923780033,0.21024512548727295,0.03146232024124339,0.003184713375796178,0.0009863009838352314
STD_C1_020520_256s_20x50_c,0.6262212661405062,0.9947312558908544,0.5204646433102837,-0.09815880628093868,-0.2577818409486995,0.0001631818764078161,0.4601167790113204,0.7734687083888149,0.010893246187363835,0.17703020792467636,0.012211159120796544,0.10870775569289015,0.0021145404257838602,0.15258879923780033,0.21024512548727295,0.03146232024124339,0.003184713375796178,0.0009863009838352314
STD_C1_021220_256s_20x50_a,0.5762793366501218,1.4725603982950473,-0.00036760855155169685,-0.026408807865755824,0.1879338858068026,3.989339641680161e-05,0.4658577907029168,0.7734687083888149,0.010893246187363835,0.17703020792467636,0.012211159120796544,0.10870775569289015,0.0021145404257838602,0.15258879923780033,0.21024512548727295,0.03146232024124339,0.003184713375796178,0.0009863009838352314
STD_C1_021220_256s_20x50_b,0.5828896669758621,1.967348618541596,0.02163791864389431,0.032867785383259934,0.1713867961192313,0.00010925316544602077,0.4538645416565937,0.7734687083888149,0.010893246187363835,0.17703020792467636,0.012211159120796544,0.10870775569289015,0.0021145404257838602,0.15258879923780033,0.21024512548727295,0.03146232024124339,0.003184713375796178,0.0009863009838352314
STD_C1_021220_256s_20x50_c,0.6997546611351079,3.14465068168729,-0.0020611658852760528,0.1972663045310224,0.0869964835066693,0.00031188974548992964,0.3943609921294571,0.7734687083888149,0.010893246187363835,0.17703020792467636,0.012211159120796544,0.10870775569289015,0.0021145404257838602,0.15258879923780033,0.21024512548727295,0.03146232024124339,0.003184713375796178,0.0009863009838352314
STD_C1_021420_256s_20x50_a,0.6706836179582953,2.243014887488103,0.04230502864456792,0.01607246155250028,0.10006337660736406,0.00018128854676143635,0.4303562013807647,0.7734687083888149,0.010893246187363835,0.17703020792467636,0.012211159120796544,0.10870775569289015,0.0021145404257838602,0.15258879923780033,0.21024512548727295,0.03146232024124339,0.003184713375796178,0.0009863009838352314
STD_C1_021420_256s_20x50_b,0.6685131330859021,2.204840204486876,0.04290637673368403,0.009437148031992665,0.1023124414130773,0.00017576193916522495,0.4324222110899009,0.7734687083888149,0.010893246187363835,0.17703020792467636,0.012211159120796544,0.10870775569289015,0.0021145404257838602,0.15258879923780033,0.21024512548727295,0.03146232024124339,0.003184713375796178,0.0009863009838352314
STD_C1_021420_256s_20x50_c,0.6692867078410439,2.2531109207451645,0.04675150028075771,0.019237485342909408,0.10175140452544428,0.00018251247744967468,0.4291814231741895,0.7734687083888149,0.010893246187363835,0.17703020792467636,0.012211159120796544,0.10870775569289015,0.0021145404257838602,0.15258879923780033,0.21024512548727295,0.03146232024124339,0.003184713375796178,0.0009863009838352314
STD_C1_021720_256s_20x50_a,0.5648891637013784,1.816212110746405,-0.007053960624511476,0.1547241972610315,0.18539442435213996,0.00011535391857010593,0.4398130009985479,0.7734687083888149,0.010893246187363835,0.17703020792467636,0.012211159120796544,0.10870775569289015,0.0021145404257838602,0.15258879923780033,0.21024512548727295,0.03146232024124339,0.003184713375796178,0.0009863009838352314
STD_C1_021720_256s_20x50_b,0.5552807882960626,1.7209469112779734,-0.010764240912446849,0.1449922675676188,0.19441286767806956,9.758390900794326e-05,0.4445374608854143,0.7734687083888149,0.010893246187363835,0.17703020792467636,0.012211159120796544,0.10870775569289015,0.0021145404257838602,0.15258879923780033,0.21024512548727295,0.03146232024124339,0.003184713375796178,0.0009863009838352314
STD_C1_021720_256s_20x50_c,0.5753648150273051,1.9333001713776499,-0.006802076945617514,0.16917912874622942,0.17963357393286425,0.00013575579736854686,0.4337771058857151,0.7734687083888149,0.010893246187363835,0.17703020792467636,0.012211159120796544,0.10870775569289015,0.0021145404257838602,0.15258879923780033,0.21024512548727295,0.03146232024124339,0.003184713375796178,0.0009863009838352314
STD_C1_021920_256s_20x50_a,0.6724213934712183,2.360082297185594,-0.03628855453634918,0.2949330450876165,0.1098517247159706,0.0002696797842619892,0.3940609903258095,0.7734687083888149,0.010893246187363835,0.17703020792467636,0.012211159120796544,0.10870775569289015,0.0021145404257838602,0.15258879923780033,0.21024512548727295,0.03146232024124339,0.003184713375796178,0.0009863009838352314
STD_C1_021920_256s_20x50_b,0.6870794464203973,2.5941036149589305,-0.02815551897411944,0.3201174394539701,0.08620137906798961,0.00030793298763037713,0.3827486369215933,0.7734687083888149,0.010893246187363835,0.17703020792467636,0.012211159120796544,0.10870775569289015,0.0021145404257838602,0.15258879923780033,0.21024512548727295,0.03146232024124339,0.003184713375796178,0.0009863009838352314
STD_C1_021920_256s_20x50_c,0.6686423109395812,2.466943950063364,-0.02198132402137549,0.30182639999764777,0.09058356839956602,0.00028393606892896094,0.3897704655197603,0.7734687083888149,0.010893246187363835,0.17703020792467636,0.012211159120796544,0.10870775569289015,0.0021145404257838602,0.15258879923780033,0.21024512548727295,0.03146232024124339,0.003184713375796178,0.0009863009838352314
STD_C1_022120_256s_20x50_a,0.5386272034693319,0.6513258184829432,-0.040488637865189886,0.040797211833487,0.1970138167396349,-1.2134838301257347e-05,0.4818739433810197,0.7734687083888149,0.010893246187363835,0.17703020792467636,0.012211159120796544,0.10870775569289015,0.0021145404257838602,0.15258879923780033,0.21024512548727295,0.03146232024124339,0.003184713375796178,0.0009863009838352314
STD_C1_022120_256s_20x50_b,0.5494357035500065,0.778294313096751,-0.039308277768092315,0.06900637148509711,0.20140804947317728,9.033365279558708e-06,0.4755804705575752,0.7734687083888149,0.010893246187363835,0.17703020792467636,0.012211159120796544,0.10870775569289015,0.0021145404257838602,0.15258879923780033,0.21024512548727295,0.03146232024124339,0.003184713375796178,0.0009863009838352314
STD_C1_022120_256s_20x50_c,0.5459431921117256,0.7195784663418112,-0.03868201598741363,0.05554667781044967,0.19790785226232,2.422730157414046e-06,0.478873558617708,0.7734687083888149,0.010893246187363835,0.17703020792467636,0.012211159120796544,0.10870775569289015,0.0021145404257838602,0.15258879923780033,0.21024512548727295,0.03146232024124339,0.003184713375796178,0.0009863009838352314
STD_CN92C_OL2_020320_256s_20x25_a,0.4986690614367683,1.1431522610906395,0.0850927740362058,0.35599688721592315,0.004255292963118094,0.0001010895794973208,0.3717409331572057,0.7699733688415445,0.013021811534319987,0.1730090231463319,0.0,0.1373809921496576,0.002537448510940632,0.14191998888458826,0.20275547725108511,0.03436653441735816,0.003397027600849257,0.0011976511946570668
STD_CN92C_OL2_020320_256s_20x25_b,0.5248218908037252,1.3762094608283542,-0.06828676764077952,0.36779421559604497,0.0304462374706551,0.00011238122789249136,0.3842653335504373,0.7699733688415445,0.013021811534319987,0.1730090231463319,0.0,0.1373809921496576,0.002537448510940632,0.14191998888458826,0.20275547725108511,0.03436653441735816,0.003397027600849257,0.0011976511946570668
STD_CN92C_OL2_020320_256s_20x25_c,0.4728286895243795,0.804172829760643,0.11602327768289995,0.3120366342766783,0.026482157296067697,5.472843381148254e-05,0.3840025810117612,0.7699733688415445,0.013021811534319987,0.1730090231463319,0.0,0.1373809921496576,0.002537448510940632,0.14191998888458826,0.20275547725108511,0.03436653441735816,0.003397027600849257,0.0011976511946570668
STD_CN92C_OL2_020520_256s_20x25_a,0.4910625207415759,1.1355512956573235,-0.07959583736015728,0.3381967764198909,0.059490414892337924,6.868487895773405e-05,0.3983746974123117,0.7699733688415445,0.013021811534319987,0.1730090231463319,0.0,0.1373809921496576,0.002537448510940632,0.14191998888458826,0.20275547725108511,0.03436653441735816,0.003397027600849257,0.0011976511946570668
STD_CN92C_OL2_020520_256s_20x25_b,0.4563701578339999,0.5149807867267513,-0.02788289024980871,0.25019421092884,0.054754377975487295,-1.4467654717170316e-05,0.4195656537351954,0.7699733688415445,0.013021811534319987,0.1730090231463319,0.0,0.1373809921496576,0.002537448510940632,0.14191998888458826,0.20275547725108511,0.03436653441735816,0.003397027600849257,0.0011976511946570668
STD_CN92C_OL2_020520_256s_20x25_c,0.5148982355806203,1.0668952487676375,-0.01980132894533713,0.3107589718565074,0.012123884455629345,8.870213295152729e-05,0.3931364292572621,0.7699733688415445,0.013021811534319987,0.1730090231463319,0.0,0.1373809921496576,0.002537448510940632,0.14191998888458826,0.20275547725108511,0.03436653441735816,0.003397027600849257,0.0011976511946570668
STD_CN92C_OL2_021220_20x25_a,0.7719819646434629,2.9977693099009235,0.8592606304565469,0.0819031555019002,-0.4631123547251589,0.0006630955621715944,0.3098527977825742,0.7699733688415445,0.013021811534319987,0.1730090231463319,0.0,0.1373809921496576,0.002537448510940632,0.14191998888458826,0.20275547725108511,0.03436653441735816,0.003397027600849257,0.0011976511946570668
STD_CN92C_OL2_021220_20x25_b,0.7298532569217553,2.599222123195954,0.8422414400664027,0.05546532467832972,-0.4103822074653911,0.0005866629885080284,0.32518094319291874,0.7699733688415445,0.013021811534319987,0.1730090231463319,0.0,0.1373809921496576,0.002537448510940632,0.14191998888458826,0.20275547725108511,0.03436653441735816,0.003397027600849257,0.0011976511946570668
STD_CN92C_OL2_021220_20x25_c,0.7399635835763431,2.7793279519617067,0.8508671973146523,0.08143487028604883,-0.41730304880195945,0.0006129286754292745,0.31468027177554786,0.7699733688415445,0.013021811534319987,0.1730090231463319,0.0,0.1373809921496576,0.002537448510940632,0.14191998888458826,0.20275547725108511,0.03436653441735816,0.003397027600849257,0.0011976511946570668
STD_CN92C_OL2_021420_256s_20x25_a,0.6739263011243668,2.4453475742184483,0.8936159979274328,0.002908738783891599,-0.2991783992415053,0.00047437341481850235,0.3347233458757788,0.7699733688415445,0.013021811534319987,0.1730090231463319,0.0,0.1373809921496576,0.002537448510940632,0.14191998888458826,0.20275547725108511,0.03436653441735816,0.003397027600849257,0.0011976511946570668
STD_CN92C_OL2_021420_256s_20x25_b,0.6921434390092891,2.5470539404489005,0.8926478546346116,-0.004162787601750509,-0.3332164415070291,0.0004977823613368699,0.3332283908517363,0.7699733688415445,0.013021811534319987,0.1730090231463319,0.0,0.1373809921496576,0.002537448510940632,0.14191998888458826,0.20275547725108511,0.03436653441735816,0.003397027600849257,0.0011976511946570668
STD_CN92C_OL2_021420_256s_20x25_c,0.7196061455555509,2.700921639979142,0.8813959308167009,-0.0005419430250277905,-0.3478893502820705,0.0005279888422914221,0.33050933291319995,0.7699733688415445,0.013021811534319987,0.1730090231463319,0.0,0.1373809921496576,0.002537448510940632,0.14191998888458826,0.20275547725108511,0.03436653441735816,0.003397027600849257,0.0011976511946570668
STD_CN92C_OL2_021720_256s_20x25_a,0.1685737354832009,-0.6584720295219064,0.3917089019735337,0.021093727401542937,0.27392433608094496,-0.0002208998766080981,0.4537644676887573,0.7699733688415445,0.013021811534319987,0.1730090231463319,0.0,0.1373809921496576,0.002537448510940632,0.14191998888458826,0.20275547725108511,0.03436653441735816,0.003397027600849257,0.0011976511946570668
STD_CN92C_OL2_021720_256s_20x25_b,0.1917268496397608,-0.4163595407740309,0.3917765988169388,0.04397372471298859,0.2594119049143305,-0.00017425301912379153,0.4475201848941637,0.7699733688415445,0.013021811534319987,0.1730090231463319,0.0,0.1373809921496576,0.002537448510940632,0.14191998888458826,0.20275547725108511,0.03436653441735816,0.003397027600849257,0.0011976511946570668
STD_CN92C_OL2_021720_256s_20x25_c,0.1525482261658898,-0.7670892697662879,0.3945092541105568,0.012622655351545557,0.28567561360000715,-0.00024299004514247968,0.4605344904695551,0.7699733688415445,0.013021811534319987,0.1730090231463319,0.0,0.1373809921496576,0.002537448510940632,0.14191998888458826,0.20275547725108511,0.03436653441735816,0.003397027600849257,0.0011976511946570668
STD_CN92C_OL2_021920_256s_20x25_a,0.11066158327362824,-1.2421401035187372,0.3764200495598458,-0.06161238455097235,0.3048744268150487,-0.0003341281039840298,0.5058653683135207,0.7699733688415445,0.013021811534319987,0.1730090231463319,0.0,0.1373809921496576,0.002537448510940632,0.14191998888458826,0.20275547725108511,0.03436653441735816,0.003397027600849257,0.0011976511946570668
STD_CN92C_OL2_021920_256s_20x25_b,0.11682518930402655,-1.1563534518281169,0.3656914438536378,-0.08074340709133218,0.28280320543088183,-0.0003166658144953546,0.5124400309087986,0.7699733688415445,0.013021811534319987,0.1730090231463319,0.0,0.1373809921496576,0.002537448510940632,0.14191998888458826,0.20275547725108511,0.03436653441735816,0.003397027600849257,0.0011976511946570668
STD_CN92C_OL2_021920_256s_20x25_c,0.13736435738306393,-0.8641991593495617,0.37168917102966736,-0.04622381948156814,0.2735008270199644,-0.000268212416067947,0.4963507333399409,0.7699733688415445,0.013021811534319987,0.1730090231463319,0.0,0.1373809921496576,0.002537448510940632,0.14191998888458826,0.20275547725108511,0.03436653441735816,0.003397027600849257,0.0011976511946570668
STD_CN92C_OL2_022120_256s_20x25_a,0.07467896193923106,-1.3310098721694037,0.39930570497771023,-0.0701867899741697,0.29462186245746663,-0.0003725913552695143,0.5207354663620293,0.7699733688415445,0.013021811534319987,0.1730090231463319,0.0,0.1373809921496576,0.002537448510940632,0.14191998888458826,0.20275547725108511,0.03436653441735816,0.003397027600849257,0.0011976511946570668
STD_CN92C_OL2_022120_256s_20x25_b,0.03768045587512525,-1.521212551137318,0.424824475274588,-0.07950486731168895,0.31296564927363113,-0.0004200110462143064,0.5290779330258286,0.7699733688415445,0.013021811534319987,0.1730090231463319,0.0,0.1373809921496576,0.002537448510940632,0.14191998888458826,0.20275547725108511,0.03436653441735816,0.003397027600849257,0.0011976511946570668
STD_CN92C_OL2_022120_256s_20x25_c,0.0602561999685048,-1.2509325304096333,0.4226269123742673,-0.041311789805300016,0.30561463557953217,-0.0003741069764382885,0.514773908826763,0.7699733688415445,0.013021811534319987,0.1730090231463319,0.0,0.1373809921496576,0.002537448510940632,0.14191998888458826,0.20275547725108511,0.03436653441735816,0.003397027600849257,0.0011976511946570668
STD_D1010_012821_256s_100x100_a,4.108080947741003,2.9543159798979097,-0.8474772379407101,0.3166638780994153,0.29656920454915003,-4.04383528457072e-05,2.340428761030924,0.8556924101198402,0.015776425512733828,0.1626127893291487,0.0,0.10550637492344525,0.0,0.18782068459026807,0.1958008038889107,0.04856491483391928,0.003927813163481953,0.0012681012649310116
STD_D1010_012821_256s_100x100_b,4.390422911473206,5.224283171470133,-0.8541325653601185,0.5381950056054015,0.1233479221208664,0.00041396267849162967,2.236007481915877,0.8556924101198402,0.015776425512733828,0.1626127893291487,0.0,0.10550637492344525,0.0,0.18782068459026807,0.1958008038889107,0.04856491483391928,0.003927813163481953,0.0012681012649310116
STD_D1010_012821_256s_100x100_c,4.039694530110067,2.688774209145014,-0.815704404902066,0.2536089431542045,0.29273691433128146,-0.0001058342933748764,2.340566892058461,0.8556924101198402,0.015776425512733828,0.1626127893291487,0.0,0.10550637492344525,0.0,0.18782068459026807,0.1958008038889107,0.04856491483391928,0.003927813163481953,0.0012681012649310116
STD_D1010_020320_256s_100x100_a,3.9364505584727154,1.950300324443704,-0.983251591675848,0.15671375143605254,0.3484935659405935,-0.00024685091156956317,2.073822930304032,0.8556924101198402,0.015776425512733828,0.1626127893291487,0.0,0.10550637492344525,0.0,0.18782068459026807,0.1958008038889107,0.04856491483391928,0.003927813163481953,0.0012681012649310116
STD_D1010_020320_256s_100x100_b,3.996863396875004,2.0764401335005145,-0.9499604227099726,0.04450787249213909,0.23354820558321246,-0.00018809096833494657,2.083591246734921,0.8556924101198402,0.015776425512733828,0.1626127893291487,0.0,0.10550637492344525,0.0,0.18782068459026807,0.1958008038889107,0.04856491483391928,0.003927813163481953,0.0012681012649310116
STD_D1010_020320_256s_100x100_c,4.125029409920117,3.0769644014487514,-0.9505437470686914,0.16907540605113533,0.17384029055255068,1.0731323650924796e-05,2.0394400724375297,0.8556924101198402,0.015776425512733828,0.1626127893291487,0.0,0.10550637492344525,0.0,0.18782068459026807,0.1958008038889107,0.04856491483391928,0.003927813163481953,0.0012681012649310116
STD_D1010_020520_256s_100x100_a,4.176518140076887,4.794403533765222,-0.4511297299038733,0.21314828032316416,0.0966014028974951,0.0003895959355225875,1.7606644866430277,0.8556924101198402,0.015776425512733828,0.1626127893291487,0.0,0.10550637492344525,0.0,0.18782068459026807,0.1958008038889107,0.04856491483391928,0.003927813163481953,0.0012681012649310116
STD_D1010_020520_256s_100x100_b,4.231629300536441,4.961002285031217,-0.4893472071553139,0.2055969240445656,0.06390744306283938,0.0004374439183812402,1.7504025441288793,0.8556924101198402,0.015776425512733828,0.1626127893291487,0.0,0.10550637492344525,0.0,0.18782068459026807,0.1958008038889107,0.04856491483391928,0.003927813163481953,0.0012681012649310116
STD_D1010_020520_256s_100x100_c,4.361710771899904,5.5272856260111665,-0.55782982718862,0.2241506095324506,-0.016215063904423697,0.0005725114284782978,1.7308626269260206,0.8556924101198402,0.015776425512733828,0.1626127893291487,0.0,0.10550637492344525,0.0,0.18782068459026807,0.1958008038889107,0.04856491483391928,0.003927813163481953,0.0012681012649310116
STD_D1010_021220_256s_100x100_a,4.258597259967062,6.687744552048231,-1.0,0.7499999999999999,0.35937053610189124,0.00047235554269602764,1.7423387127383536,0.8556924101198402,0.015776425512733828,0.1626127893291487,0.0,0.10550637492344525,0.0,0.18782068459026807,0.1958008038889107,0.04856491483391928,0.003927813163481953,0.0012681012649310116
STD_D1010_021220_256s_100x100_b,4.1225787059817245,5.736925283468825,-1.0,0.6881980880291413,0.462004308751209,0.00026942124100187915,1.7859690737220617,0.8556924101198402,0.015776425512733828,0.1626127893291487,0.0,0.10550637492344525,0.0,0.18782068459026807,0.1958008038889107,0.04856491483391928,0.003927813163481953,0.0012681012649310116
STD_D1010_021220_256s_100x100_c,4.242348916285137,6.6905297922696745,-1.0,0.7499999999999999,0.41206428391056377,0.000489619643578469,1.6461009528531954,0.8556924101198402,0.015776425512733828,0.1626127893291487,0.0,0.10550637492344525,0.0,0.18782068459026807,0.1958008038889107,0.04856491483391928,0.003927813163481953,0.0012681012649310116
STD_D1010_021420_256s_100x100_a,4.050311194440156,3.4114072236873514,-1.0,0.06518737937222031,0.3957408676597988,-9.912179289956224e-05,2.0597922747799395,0.8556924101198402,0.015776425512733828,0.1626127893291487,0.0,0.10550637492344525,0.0,0.18782068459026807,0.1958008038889107,0.04856491483391928,0.003927813163481953,0.0012681012649310116
STD_D1010_021420_256s_100x100_b,4.0567851451632055,3.0884482091033267,-1.0,0.02016993349390715,0.41685367461105416,-0.0001283813009359703,2.0702953272663183,0.8556924101198402,0.015776425512733828,0.1626127893291487,0.0,0.10550637492344525,0.0,0.18782068459026807,0.1958008038889107,0.04856491483391928,0.003927813163481953,0.0012681012649310116
STD_D1010_021420_256s_100x100_c,4.246905713623959,5.353082259131872,-1.0,0.35551041631225866,0.3351513584727126,0.00025718251978042997,1.9200187833643283,0.8556924101198402,0.015776425512733828,0.1626127893291487,0.0,0.10550637492344525,0.0,0.18782068459026807,0.1958008038889107,0.04856491483391928,0.003927813163481953,0.0012681012649310116
STD_D1010_021720_256s_100x100_a,4.240933688762516,4.613829396109894,-0.32074195713987697,0.22497448443158385,-0.15370070031215133,0.0003839546643565232,1.9148619471360384,0.8556924101198402,0.015776425512733828,0.1626127893291487,0.0,0.10550637492344525,0.0,0.18782068459026807,0.1958008038889107,0.04856491483391928,0.003927813163481953,0.0012681012649310116
STD_D1010_021720_256s_100x100_b,4.1798338456262565,4.073928232705157,-0.31743026911737,0.17475057467839944,-0.11530231349439787,0.00028173191652004954,1.9402110639759618,0.8556924101198402,0.015776425512733828,0.1626127893291487,0.0,0.10550637492344525,0.0,0.18782068459026807,0.1958008038889107,0.04856491483391928,0.003927813163481953,0.0012681012649310116
STD_D1010_021720_256s_100x100_c,4.148282439420454,3.6487741804961686,-0.32561219109570616,0.1307760590913195,-0.07569837144811868,0.0002100964290650473,1.9635157349105559,0.8556924101198402,0.015776425512733828,0.1626127893291487,0.0,0.10550637492344525,0.0,0.18782068459026807,0.1958008038889107,0.04856491483391928,0.003927813163481953,0.0012681012649310116
STD_D1010_021720_256s_50x50_b,3.9215050728514154,1.8820861482856448,-0.3434141598404201,-0.09092206430592746,0.012967007655424495,-0.00014756507458662114,1.997080625511131,0.8556924101198402,0.015776425512733828,0.1626127893291487,0.0,0.10550637492344525,0.0,0.18782068459026807,0.1958008038889107,0.04856491483391928,0.003927813163481953,0.0012681012649310116
STD_D1010_021720_256s_80x80_a,4.024536552616893,2.518642838908041,-0.3383514393881784,-0.013389500106932824,0.01787762760505783,-2.4365644710814296e-06,2.037053005408875,0.8556924101198402,0.015776425512733828,0.1626127893291487,0.0,0.10550637492344525,0.0,0.18782068459026807,0.1958008038889107,0.04856491483391928,0.003927813163481953,0.0012681012649310116
STD_D1010_021720_256s_80x80_b,4.25096111952321,4.675972788696979,-0.32677221462131323,0.22411057420116184,-0.16113718817207948,0.00039426931026975535,1.9315402946013915,0.8556924101198402,0.015776425512733828,0.1626127893291487,0.0,0.10550637492344525,0.0,0.18782068459026807,0.1958008038889107,0.04856491483391928,0.003927813163481953,0.0012681012649310116
STD_D1010_021720_256s_80x80_c,4.3447691596061775,5.245556997493701,-0.33997631424333435,0.2969835990989696,-0.18678466122117815,0.0005241782631110552,1.9093338937638464,0.8556924101198402,0.015776425512733828,0.1626127893291487,0.0,0.10550637492344525,0.0,0.18782068459026807,0.1958008038889107,0.04856491483391928,0.003927813163481953,0.0012681012649310116
STD_D1010_021920_256s_100x100_a,4.1337837956666705,3.463023310567805,-0.4329883531675709,0.05876303022303104,0.020292745510380364,0.00024528194396066096,1.6981781740997095,0.8556924101198402,0.015776425512733828,0.1626127893291487,0.0,0.10550637492344525,0.0,0.18782068459026807,0.1958008038889107,0.04856491483391928,0.003927813163481953,0.0012681012649310116
STD_D1010_021920_256s_100x100_b,4.128602676514955,3.5678042982701585,-0.42384130435946016,0.05817283286133078,-0.0076324264897928125,0.0002548852147557436,1.6814064011031482,0.8556924101198402,0.015776425512733828,0.1626127893291487,0.0,0.10550637492344525,0.0,0.18782068459026807,0.1958008038889107,0.04856491483391928,0.003927813163481953,0.0012681012649310116
STD_D1010_021920_256s_100x100_c,4.187699813781445,3.8298834929574537,-0.43917524103894656,0.10504514665071013,-0.003274869858539533,0.00032624081504262816,1.6686141184223335,0.8556924101198402,0.015776425512733828,0.1626127893291487,0.0,0.10550637492344525,0.0,0.18782068459026807,0.1958008038889107,0.04856491483391928,0.003927813163481953,0.0012681012649310116
STD_D1010_022120_256s_100x100_a,4.135566776052108,3.8762241435510782,-0.4291070254763883,0.015088112056741487,-0.024998545021375152,0.0002603323460288384,1.7937518639171457,0.8556924101198402,0.015776425512733828,0.1626127893291487,0.0,0.10550637492344525,0.0,0.18782068459026807,0.1958008038889107,0.04856491483391928,0.003927813163481953,0.0012681012649310116
STD_D1010_022120_256s_100x100_b,4.238652435610809,4.5291333206985005,-0.4475703293746015,0.08920549210746631,-0.06770287250215247,0.0004027038873811176,1.7578262793374793,0.8556924101198402,0.015776425512733828,0.1626127893291487,0.0,0.10550637492344525,0.0,0.18782068459026807,0.1958008038889107,0.04856491483391928,0.003927813163481953,0.0012681012649310116
STD_D1010_022120_256s_100x100_c,4.150409792858707,3.781856887085983,-0.4565546130812169,0.01984733366039966,0.004664528193700814,0.00025422287124081817,1.785100747348625,0.8556924101198402,0.015776425512733828,0.1626127893291487,0.0,0.10550637492344525,0.0,0.18782068459026807,0.1958008038889107,0.04856491483391928,0.003927813163481953,0.0012681012649310116
STD_D1010_030920_256s_100x100_a,4.154700842223907,3.533313948280115,-0.6694669127837689,-0.018708655025011997,0.13440747745625853,-3.0643288446056074e-05,2.2456717174784044,0.8556924101198402,0.015776425512733828,0.1626127893291487,0.0,0.10550637492344525,0.0,0.18782068459026807,0.1958008038889107,0.04856491483391928,0.003927813163481953,0.0012681012649310116
STD_D1010_030920_256s_100x100_b,4.146908208468304,3.38052282426956,-0.6888454223010804,-0.034311747167813766,0.15312785175995894,-5.849228167912964e-05,2.2549182782150794,0.8556924101198402,0.015776425512733828,0.1626127893291487,0.0,0.10550637492344525,0.0,0.18782068459026807,0.1958008038889107,0.04856491483391928,0.003927813163481953,0.0012681012649310116
STD_D1010_030920_256s_100x100_c,4.169284815426845,3.614297379359388,-0.6879830934580081,-0.0024452332536119238,0.1353698859910642,-2.1790529427962038e-05,2.24389860163809,0.8556924101198402,0.015776425512733828,0.1626127893291487,0.0,0.10550637492344525,0.0,0.18782068459026807,0.1958008038889107,0.04856491483391928,0.003927813163481953,0.0012681012649310116
STD_D1010_031020_256s_100x100_a,3.9766191139687184,2.544098467212719,-0.6435853321951374,0.4767195667897303,0.1582146859209406,-0.00015972658631027367,2.236377788518892,0.8556924101198402,0.015776425512733828,0.1626127893291487,0.0,0.10550637492344525,0.0,0.18782068459026807,0.1958008038889107,0.04856491483391928,0.003927813163481953,0.0012681012649310116
STD_D1010_031020_256s_100x100_b,4.0105584984633955,2.9621844653421148,-0.6495093923033001,0.539214056653477,0.13349684543765833,-9.633800860100264e-05,2.215678858312144,0.8556924101198402,0.015776425512733828,0.1626127893291487,0.0,0.10550637492344525,0.0,0.18782068459026807,0.1958008038889107,0.04856491483391928,0.003927813163481953,0.0012681012649310116
STD_D1010_031020_256s_100x100_c,4.168362960926584,4.197567646914436,-0.6524417205657678,0.7039868165850204,0.09267381843741833,0.00015350152953448262,2.1580489601824366,0.8556924101198402,0.015776425512733828,0.1626127893291487,0.0,0.10550637492344525,0.0,0.18782068459026807,0.1958008038889107,0.04856491483391928,0.003927813163481953,0.0012681012649310116
STD_ETF46_020320_256s_15x15_a,0.4204941873725272,-0.8720256936733876,0.6980721460292599,-0.4939205712764595,-0.08762447675246998,-1.3037665228747547e-05,0.6270912239177477,0.7899467376830892,0.01051761700848922,0.10965084346802668,0.0,0.12527142141306163,0.0019735710640649364,0.3084030527684322,0.23485396969189015,0.02646061804904572,0.011677282377919321,0.0019021518973965177
STD_ETF46_020320_256s_15x15_b,0.3513641683491753,-1.75607365326059,0.6730616074812863,-0.6216512939619891,-0.0561731346347587,-0.00016797116736043,0.6742776479639581,0.7899467376830892,0.01051761700848922,0.10965084346802668,0.0,0.12527142141306163,0.0019735710640649364,0.3084030527684322,0.23485396969189015,0.02646061804904572,0.011677282377919321,0.0019021518973965177
STD_ETF46_020320_256s_15x15_c,0.4203446975089753,-1.0125465308665806,0.6671641976543888,-0.5148352442299701,-0.10721068228137501,-5.424668323466186e-05,0.6355309101769016,0.7899467376830892,0.01051761700848922,0.10965084346802668,0.0,0.12527142141306163,0.0019735710640649364,0.3084030527684322,0.23485396969189015,0.02646061804904572,0.011677282377919321,0.0019021518973965177
STD_ETF46_020520_256s_15x15_a,0.4679991274427871,-0.4517948892869544,0.6886816741916884,-0.4732595198524096,-0.12477474737236202,6.721434889712213e-05,0.5975226144691637,0.7899467376830892,0.01051761700848922,0.10965084346802668,0.0,0.12527142141306163,0.0019735710640649364,0.3084030527684322,0.23485396969189015,0.02646061804904572,0.011677282377919321,0.0019021518973965177
STD_ETF46_020520_256s_15x15_b,0.4101749753920231,-0.8916700066183311,0.6864746829538532,-0.5310638089751932,-0.0925934361370838,-1.8305933942385032e-05,0.6197108113814039,0.7899467376830892,0.01051761700848922,0.10965084346802668,0.0,0.12527142141306163,0.0019735710640649364,0.3084030527684322,0.23485396969189015,0.02646061804904572,0.011677282377919321,0.0019021518973965177
STD_ETF46_020520_256s_15x15_c,0.4857615558773221,-0.4033872961314397,0.6683045433499908,-0.4718176886995047,-0.13552928011758444,8.484921788613418e-05,0.600697201576614,0.7899467376830892,0.01051761700848922,0.10965084346802668,0.0,0.12527142141306163,0.0019735710640649364,0.3084030527684322,0.23485396969189015,0.02646061804904572,0.011677282377919321,0.0019021518973965177
STD_ETF46_021220_256s_15x20_a,0.37777133341439895,-0.7584546469032256,-0.1172687574074635,-0.3874735334159269,0.3736830039565153,-0.0003258803852818557,0.6685994208358318,0.7899467376830892,0.01051761700848922,0.10965084346802668,0.0,0.12527142141306163,0.0019735710640649364,0.3084030527684322,0.23485396969189015,0.02646061804904572,0.011677282377919321,0.0019021518973965177
STD_ETF46_021220_256s_15x20_b,0.4596570346431839,0.0956609634038288,-0.11617103829665057,-0.295507712720657,0.30485804486008106,-0.00017756305511117086,0.6262805264182781,0.7899467376830892,0.01051761700848922,0.10965084346802668,0.0,0.12527142141306163,0.0019735710640649364,0.3084030527684322,0.23485396969189015,0.02646061804904572,0.011677282377919321,0.0019021518973965177
STD_ETF46_021220_256s_15x20_c,0.4167145194495509,-0.1797991279372343,-0.09268285898880316,-0.31326317253569985,0.3482951132551125,-0.00023128009574004853,0.6359649433291429,0.7899467376830892,0.01051761700848922,0.10965084346802668,0.0,0.12527142141306163,0.0019735710640649364,0.3084030527684322,0.23485396969189015,0.02646061804904572,0.011677282377919321,0.0019021518973965177
STD_ETF46_021420_256s_15x20_a,0.4489426879785078,0.3178896647129336,-0.05642238742380477,-0.2546748984308837,0.3347977098508135,-0.00013898173191799674,0.6025426733676518,0.7899467376830892,0.01051761700848922,0.10965084346802668,0.0,0.12527142141306163,0.0019735710640649364,0.3084030527684322,0.23485396969189015,0.02646061804904572,0.011677282377919321,0.0019021518973965177
STD_ETF46_021420_256s_15x20_b,0.24912609128549526,-2.4022882337337155,-0.14177132220391614,-0.6694856776090045,0.4300030867620115,-0.0005813506857295019,0.7533889516588441,0.7899467376830892,0.01051761700848922,0.10965084346802668,0.0,0.12527142141306163,0.0019735710640649364,0.3084030527684322,0.23485396969189015,0.02646061804904572,0.011677282377919321,0.0019021518973965177
STD_ETF46_021420_256s_15x20_c,0.28128889126052514,-1.8202019091889816,-0.11942636078193535,-0.5774462716397788,0.4190676026511616,-0.0004941552429617138,0.7185820134618803,0.7899467376830892,0.01051761700848922,0.10965084346802668,0.0,0.12527142141306163,0.0019735710640649364,0.3084030527684322,0.23485396969189015,0.02646061804904572,0.011677282377919321,0.0019021518973965177
STD_ETF46_021720_256s_15x20_a,0.3627042995632502,-0.6802945827477663,0.11561630663241028,-0.2617696427770308,0.2754648626329548,-0.00012440687972092512,0.6233199184728879,0.7899467376830892,0.01051761700848922,0.10965084346802668,0.0,0.12527142141306163,0.0019735710640649364,0.3084030527684322,0.23485396969189015,0.02646061804904572,0.011677282377919321,0.0019021518973965177
STD_ETF46_021720_256s_15x20_b,0.4768029497135318,0.3898630219745006,0.1524930452148955,-0.1279826253594866,0.14916260552946012,5.831312544803722e-05,0.5665991002169021,0.7899467376830892,0.01051761700848922,0.10965084346802668,0.0,0.12527142141306163,0.0019735710640649364,0.3084030527684322,0.23485396969189015,0.02646061804904572,0.011677282377919321,0.0019021518973965177
STD_ETF46_021720_256s_15x20_c,0.3791646920207704,-0.5159535881595829,0.12967862952151454,-0.21121330079784836,0.2284612786586183,-0.00011283395626391057,0.6093841246917592,0.7899467376830892,0.01051761700848922,0.10965084346802668,0.0,0.12527142141306163,0.0019735710640649364,0.3084030527684322,0.23485396969189015,0.02646061804904572,0.011677282377919321,0.0019021518973965177
STD_ETF46_021920_256s_15x20_a,0.34561912337101125,-0.6985387675224617,0.2248204835168792,-0.25300333862425833,0.24032391265570655,-0.00011621788194449187,0.6164350161964639,0.7899467376830892,0.01051761700848922,0.10965084346802668,0.0,0.12527142141306163,0.0019735710640649364,0.3084030527684322,0.23485396969189015,0.02646061804904572,0.011677282377919321,0.0019021518973965177
STD_ETF46_021920_256s_15x20_b,0.32666161676692623,-0.6867985301582631,0.2235437482110771,-0.2498510143618801,0.2758198696947713,-0.000123966917176014,0.6159941105664117,0.7899467376830892,0.01051761700848922,0.10965084346802668,0.0,0.12527142141306163,0.0019735710640649364,0.3084030527684322,0.23485396969189015,0.02646061804904572,0.011677282377919321,0.0019021518973965177
STD_ETF46_021920_256s_15x20_c,0.314394227957082,-0.8389598357947494,0.22340487763238054,-0.2728923346674848,0.2796701862606612,-0.00014511549774002733,0.6247545742578857,0.7899467376830892,0.01051761700848922,0.10965084346802668,0.0,0.12527142141306163,0.0019735710640649364,0.3084030527684322,0.23485396969189015,0.02646061804904572,0.011677282377919321,0.0019021518973965177
STD_ETF46_022120_256s_15x20_a,0.2494716819067073,-2.121268317440199,0.12165078431684175,-0.4051381124666069,0.2606806658940565,-0.0004117345884736597,0.6903950305590769,0.7899467376830892,0.01051761700848922,0.10965084346802668,0.0,0.12527142141306163,0.0019735710640649364,0.3084030527684322,0.23485396969189015,0.02646061804904572,0.011677282377919321,0.0019021518973965177
STD_ETF46_022120_256s_15x20_b,0.3340701786896541,-0.6569608597861839,0.16179484573442668,-0.20985817967891487,0.31105819292488596,-0.00013388499341260225,0.6174160697922421,0.7899467376830892,0.01051761700848922,0.10965084346802668,0.0,0.12527142141306163,0.0019735710640649364,0.3084030527684322,0.23485396969189015,0.02646061804904572,0.011677282377919321,0.0019021518973965177
STD_ETF46_022120_256s_15x20_c,0.3909320339688677,0.04913672013760137,0.14846151053914586,-0.09061049856658547,0.2907482566097762,-2.3033199943576613e-05,0.5796556673190787,0.7899467376830892,0.01051761700848922,0.10965084346802668,0.0,0.12527142141306163,0.0019735710640649364,0.3084030527684322,0.23485396969189015,0.02646061804904572,0.011677282377919321,0.0019021518973965177
STD_ETFS_15x20_256s_2,0.5385514347763648,0.20975375648067307,0.2694932914264319,-0.3271645761873732,0.004869471889979629,-1.5526527579844238e-08,0.607401045249528,0.7899467376830892,0.01051761700848922,0.10965084346802668,0.0,0.12527142141306163,0.0019735710640649364,0.3084030527684322,0.23485396969189015,0.02646061804904572,0.011677282377919321,0.0019021518973965177
STD_ETFS_15x25_256s,0.5542222544472919,1.3176413909495717,0.18013377505786232,-0.28543334153762384,0.0016913847840554267,0.0001694191601720005,0.5880239708130028,0.7899467376830892,0.01051761700848922,0.10965084346802668,0.0,0.12527142141306163,0.0019735710640649364,0.3084030527684322,0.23485396969189015,0.02646061804904572,0.011677282377919321,0.0019021518973965177
VF74_127-7_101220_256s_15x20_a,0.9930384842962564,1.885691801587792,0.5043667248416874,0.1329048787730148,-0.24678682756592135,0.0003652936025701937,0.5811902056191703,0.8550266311584553,0.013898279618360756,0.16967438211063163,0.011584945832550568,0.10300094649518403,0.0023964791492217083,0.09403439822947371,0.13481366825138114,0.05905235491433375,0.009023354564755838,0.0015499015460267922
VF74_127-7_101220_256s_15x20_b,1.0908686686210156,2.625068802467472,0.7046151081339149,0.4024394317457271,-0.2961782986290911,0.000453706179097833,0.6125128555470584,0.8550266311584553,0.013898279618360756,0.16967438211063163,0.011584945832550568,0.10300094649518403,0.0023964791492217083,0.09403439822947371,0.13481366825138114,0.05905235491433375,0.009023354564755838,0.0015499015460267922
VF74_127-7_101220_256s_15x20_c,1.013922213080111,1.8263237958554936,0.5033229922982597,0.17983269073400113,-0.2215447241287414,0.00035902550917605664,0.5904608785424114,0.8550266311584553,0.013898279618360756,0.16967438211063163,0.011584945832550568,0.10300094649518403,0.0023964791492217083,0.09403439822947371,0.13481366825138114,0.05905235491433375,0.009023354564755838,0.0015499015460267922
VF74_131-1_101220_256s_25x50_a,0.6692482298370319,-0.8054021153441283,0.3059695194714205,-0.2703836748418276,0.06720555286182152,5.327506620129598e-06,0.5464929055799029,0.8819906790945407,0.013147021260611525,0.16535896429972538,0.011584945832550568,0.10272256555871055,0.002537448510940632,0.1099135578249521,0.13249544379732298,0.017102594592675893,0.01019108280254777,0.0011272011243831216
VF74_131-1_101220_256s_25x50_b,0.6963408080119939,-0.7630623438517757,0.3048425430726823,-0.2576996760419036,0.05589137821241685,1.938328440507558e-05,0.5531000325702964,0.8819906790945407,0.013147021260611525,0.16535896429972538,0.011584945832550568,0.10272256555871055,0.002537448510940632,0.1099135578249521,0.13249544379732298,0.017102594592675893,0.01019108280254777,0.0011272011243831216
VF74_131-1_101220_256s_25x50_c,0.6798093527524511,-0.6554215003427022,0.3098081168750845,-0.25642102477525536,0.053150665979878636,3.118804806436407e-05,0.5366481783961605,0.8819906790945407,0.013147021260611525,0.16535896429972538,0.011584945832550568,0.10272256555871055,0.002537448510940632,0.1099135578249521,0.13249544379732298,0.017102594592675893,0.01019108280254777,0.0011272011243831216
VF74_131-9_MI1_101220_256s_15x30_a,0.8996545457527506,3.991596037719284,0.8368058071797762,0.21386320623181745,-0.6861319095970041,0.0006193021633889005,0.3328809760891148,0.8525299600532623,0.015025167154984599,0.16584935268732837,0.01227378044962114,0.10898613662936363,0.0031013259578163282,0.10470320858268575,0.1403417419495198,0.05501872411417434,0.009341825902335456,0.0012681012649310116
VF74_131-9_MI1_101220_256s_15x30_b,0.8775738203278449,4.236904867544567,0.8571288117029936,0.2478584107114392,-0.7069503712688124,0.0006025003764472522,0.3352020415558202,0.8525299600532623,0.015025167154984599,0.16584935268732837,0.01227378044962114,0.10898613662936363,0.0031013259578163282,0.10470320858268575,0.1403417419495198,0.05501872411417434,0.009341825902335456,0.0012681012649310116
VF74_131-9_MI1_101220_256s_15x30_c,0.8649760469850846,3.8814195669065454,0.8353672796562976,0.2027460811729732,-0.6787265897351961,0.0005621233226152663,0.34565794060639643,0.8525299600532623,0.015025167154984599,0.16584935268732837,0.01227378044962114,0.10898613662936363,0.0031013259578163282,0.10470320858268575,0.1403417419495198,0.05501872411417434,0.009341825902335456,0.0012681012649310116
VF74_131-9_MI2_101220_256s_20x25_a,0.69100002202784,3.3175586333395155,0.18447921154509506,0.3916339988183489,-0.22229590844748745,0.0005202432657304791,0.1851326656517302,0.849034620505992,0.014649537976109983,0.16477049823460183,0.012085916463147347,0.10773342241523301,0.0026784178726595564,0.1059437679260825,0.15407276371586417,0.060020426306372006,0.008917197452229299,0.0008454008432873412
VF74_131-9_MI2_101220_256s_20x25_b,0.7086919962890964,3.4378473686729984,0.1813611870224073,0.39627420672245256,-0.2383330533734741,0.0005447872348997196,0.1804079796242164,0.849034620505992,0.014649537976109983,0.16477049823460183,0.012085916463147347,0.10773342241523301,0.0026784178726595564,0.1059437679260825,0.15407276371586417,0.060020426306372006,0.008917197452229299,0.0008454008432873412
VF74_131-9_MI2_101220_256s_20x25_c,0.7231091723621649,3.51999420032718,0.18247516124165547,0.4050570619528972,-0.24728919661613005,0.000562909067009386,0.18169755109885252,0.849034620505992,0.014649537976109983,0.16477049823460183,0.012085916463147347,0.10773342241523301,0.0026784178726595564,0.1059437679260825,0.15407276371586417,0.060020426306372006,0.008917197452229299,0.0008454008432873412
VF74_132-1_101220_256s_40x50_a,1.4213744413417544,3.0841936631818854,0.21388334940309667,0.1253139205187046,-0.14851097757026516,0.0005745090391560812,0.6006709076348318,0.8475366178428763,0.013272230986903064,0.17791290702236173,0.011647567161375166,0.10341851789989422,0.0023964791492217083,0.09031272019928345,0.14283829136158238,0.0661515451226143,0.009023354564755838,0.0016203516163007373
VF74_132-1_101220_256s_40x50_b,1.4104488593543696,2.9784902329361764,0.2128377767683372,0.11308531843234178,-0.14339973081141708,0.0005549753459257473,0.6061674349503806,0.8475366178428763,0.013272230986903064,0.17791290702236173,0.011647567161375166,0.10341851789989422,0.0023964791492217083,0.09031272019928345,0.14283829136158238,0.0661515451226143,0.009023354564755838,0.0016203516163007373
VF74_132-1_101220_256s_40x50_c,1.4153540984428503,2.9993291077696305,0.21291985587237824,0.11468950717541795,-0.14531479952904788,0.0005606064147626983,0.605493430947306,0.8475366178428763,0.013272230986903064,0.17791290702236173,0.011647567161375166,0.10341851789989422,0.0023964791492217083,0.09031272019928345,0.14283829136158238,0.0661515451226143,0.009023354564755838,0.0016203516163007373
VF74_132-2_101220_256s_20x25_a,0.4609913869925187,-2.486543247063936,0.7621196086445259,-0.4695067654261161,0.3484431244644193,-0.00041231032525123983,0.6856805885306957,0.8809920106524634,0.014649537976109983,0.16114162416633976,0.01202329513432275,0.10675908913757587,0.002537448510940632,0.10346264923928901,0.13320874362934088,0.015327797040605754,0.010084925690021231,0.0010567510541091764
VF74_132-2_101220_256s_20x25_b,0.4308765071177414,-2.796681005984549,0.7660309783367811,-0.5136714019246129,0.3682526001912658,-0.00046545132026068497,0.7009578248881426,0.8809920106524634,0.014649537976109983,0.16114162416633976,0.01202329513432275,0.10675908913757587,0.002537448510940632,0.10346264923928901,0.13320874362934088,0.015327797040605754,0.010084925690021231,0.0010567510541091764
VF74_132-2_101220_256s_20x25_c,0.4429000231227324,-2.536261668345348,0.7517881148053481,-0.485880172271474,0.3698279740398463,-0.00041839470348104413,0.6807129358832222,0.8809920106524634,0.014649537976109983,0.16114162416633976,0.01202329513432275,0.10675908913757587,0.002537448510940632,0.10346264923928901,0.13320874362934088,0.015327797040605754,0.010084925690021231,0.0010567510541091764
VF74_134D-15_101220_256s_15x25_a,0.34012688933941426,-4.441945447582994,1.0,-0.7499999999999999,0.06422415981738082,-0.0006600073843156447,0.8636146963637289,0.8200732356857524,0.01126887536623845,0.18320910160847392,0.011021353873129188,0.09826847057513502,0.0028193872343784806,0.08485425908833774,0.16548556102815037,0.05130778377802769,0.006687898089171975,0.0013385513352049568
VF74_134D-15_101220_256s_15x25_b,0.3285364105888128,-4.533398368863922,1.0,-0.7499999999999999,0.07601767353632251,-0.00067713954891668,0.8666432747839771,0.8200732356857524,0.01126887536623845,0.18320910160847392,0.011021353873129188,0.09826847057513502,0.0028193872343784806,0.08485425908833774,0.16548556102815037,0.05130778377802769,0.006687898089171975,0.0013385513352049568
VF74_134D-15_101220_256s_15x25_c,0.3408524894892848,-4.495369796031547,1.0,-0.7499999999999999,0.07880359742279024,-0.0006615141609570249,0.8649846776158572,0.8200732356857524,0.01126887536623845,0.18320910160847392,0.011021353873129188,0.09826847057513502,0.0028193872343784806,0.08485425908833774,0.16548556102815037,0.05130778377802769,0.006687898089171975,0.0013385513352049568
VF74_136-3_101220_256s_20x30_a,0.6140448027451746,0.1514148164561903,0.32831600164617,-0.15430668390379876,-0.014042257083297429,0.00017325870509559216,0.44443528406482746,0.8553595206391479,0.015400796333859214,0.16722244017261673,0.010645625900181602,0.0946495184009799,0.0021145404257838602,0.10073341868381615,0.14355159119360028,0.06276329525048041,0.009660297239915074,0.0013385513352049568
VF74_136-3_101220_256s_20x30_b,0.6175777496192274,0.2692788910578391,0.3309094348941858,-0.13167792153345953,-0.01350817701304553,0.00018794468548150424,0.4376920762297775,0.8553595206391479,0.015400796333859214,0.16722244017261673,0.010645625900181602,0.0946495184009799,0.0021145404257838602,0.10073341868381615,0.14355159119360028,0.06276329525048041,0.009660297239915074,0.0013385513352049568
VF74_136-3_101220_256s_20x30_c,0.6264916420103349,0.29370497808947266,0.33032997194739216,-0.13422754773285442,-0.02270992672665251,0.0001966205663992976,0.4374063905517537,0.8553595206391479,0.015400796333859214,0.16722244017261673,0.010645625900181602,0.0946495184009799,0.0021145404257838602,0.10073341868381615,0.14355159119360028,0.06276329525048041,0.009660297239915074,0.0013385513352049568
FI45MI02a,0.7377875603312578,-0.5600186797290532,0.462635950603518,0.042023633630011034,0.15698453933783274,-0.00013817247922290752,0.744671901027818,0.7544940079893475,0.017028522775649212,0.1625147116516281,0.0,0.14949056288625356,0.0028193872343784806,0.12976250731930014,0.2189830484294921,0.03904554614554308,0.003078556263269639,0.0026771026704099136
FI45MI02b,0.7198464999225485,-0.6282676799605214,0.5064590737145018,-0.003809824402587585,0.16354819475456928,-0.00016701311415233736,0.740005472861515,0.7544940079893475,0.017028522775649212,0.1625147116516281,0.0,0.14949056288625356,0.0028193872343784806,0.12976250731930014,0.2189830484294921,0.03904554614554308,0.003078556263269639,0.0026771026704099136
FI45MI02c,0.7185753231661841,-0.8638680847164782,0.5348402649776021,-0.019912589376309298,0.14305084133369014,-0.00022770605284815103,0.7633798071908459,0.7544940079893475,0.017028522775649212,0.1625147116516281,0.0,0.14949056288625356,0.0028193872343784806,0.12976250731930014,0.2189830484294921,0.03904554614554308,0.003078556263269639,0.0026771026704099136
FI45MI08a,0.6962409278558149,-1.1496841197587788,1.0,-0.05058239319966376,0.7499999999999999,-0.00035652225953032216,1.0649771860882349,0.7490013315579228,0.01640247414419152,0.1599646920360926,0.0,0.150325705695674,0.0028193872343784806,0.14043131767251218,0.22379782229561287,0.03743209382547931,0.002760084925690021,0.0012681012649310116
FI45MI08b,0.6139882941931257,-2.5129511253140207,1.0,-0.1241276385405234,0.7499999999999999,-0.0006272841059038423,1.1674771993462325,0.7490013315579228,0.01640247414419152,0.1599646920360926,0.0,0.150325705695674,0.0028193872343784806,0.14043131767251218,0.22379782229561287,0.03743209382547931,0.002760084925690021,0.0012681012649310116
FI45MI10a,2.0628738719318505,1.5326390974792867,-0.15581654727535066,-0.1826294807823028,-0.11383867880480684,0.00032265611722848353,1.1786930854077602,0.8320572569906791,0.022287331279893824,0.14574342879560612,0.0,0.1663326095428985,0.0032422953195352525,0.1069362154007999,0.1499712896817613,0.058406973986308244,0.009978768577494692,0.0019021518973965177
FI45MI10b,2.1149361081672757,1.8519539882746567,-0.14836073495811164,-0.1365641671907387,-0.16329539476915386,0.0003700197667566172,1.1755952583519471,0.8320572569906791,0.022287331279893824,0.14574342879560612,0.0,0.1663326095428985,0.0032422953195352525,0.1069362154007999,0.1499712896817613,0.058406973986308244,0.009978768577494692,0.0019021518973965177
