,PH_3550_M,PH_3550_STD,H2OT_3550_MAX,BL_H2OT_3550_MAX,H2OT_3550_SAT?,PH_1635_BP,PH_1635_STD,H2Om_1635_MAX,BL_H2Om_1635_MAX,PH_1515_BP,PH_1515_STD,P_1515_BP,P_1515_STD,STD_1515_BP,STD_1515_STD,MAX_1515_ABS,BL_MAX_1515_ABS,PH_1430_BP,PH_1430_STD,P_1430_BP,P_1430_STD,STD_1430_BP,STD_1430_STD,MAX_1430_ABS,BL_MAX_1430_ABS,PH_5200_M,PH_5200_STD,PH_4500_M,PH_4500_STD,S2N_P5200,ERR_5200,S2N_P4500,ERR_4500,AVG_BL_BP,AVG_BL_STD,PC1_BP,PC1_STD,PC2_BP,PC2_STD,PC3_BP,PC3_STD,PC4_BP,PC4_STD,m_BP,m_STD,b_BP,b_STD,PH_1635_PC1_BP,PH_1635_PC1_STD,PH_1635_PC2_BP,PH_1635_PC2_STD
AC4_EUH102_030920_256s_15x20_a,1.210389030871488,2.3000116874518957e-05,1.524134,0.314272884021196,-,0.24663930382014362,0.003107767673334536,0.4542057,0.5706251069105432,0.01899899938888498,0.0033704754356971654,1517.9302542057567,6.243736700663494,30.72240052391793,3.873438440251135,0.5953197,0.5747714114268837,0.022481957609902514,0.003454631260391098,1434.826902618991,4.133614795314951,25.570966530687834,2.8859015615171693,0.6091729,0.595000111036677,0.010924194631953063,0.0012993720441750233,0.010582873775303458,0.0009488530445701801,5.01831434547529,-,6.744700902066157,-,0.3937765829850809,0.04926972246956205,-2.0159743724823254,0.5142689610970119,0.4986710936761399,0.020165072820463592,-0.279998693491427,0.07026105906927448,0.2865977085038123,0.037662075048544845,-0.000563939791445538,8.705388399672544e-05,0.9002036145590864,0.026557536886499762,0.047116145010437926,0.01598017864980388,-0.121418774196034,0.014966398396444551
AC4_EUH102_030920_256s_15x20_b,1.21273293197986,1.3630560747040852e-05,1.520704,0.3223493516124223,-,0.24586764558550597,0.003109730210713273,0.4615446,0.5819933716605417,0.02129662699328813,0.0033543233373029367,1515.2758713495507,5.878062301349299,30.577900682720216,3.8960855563768635,0.6080211,0.5834030075494341,0.02374068690998494,0.0035154270440846637,1434.4469966034412,4.099353652454141,25.281826480492153,2.854833074314593,0.6173705,0.6006101964715812,0.011555368085915603,0.0008318434759941935,0.010768687671020238,0.000463809319666322,4.64581513501489,-,8.779372613282085,-,0.4338567645920689,0.052942522501015714,-1.4377531663568648,0.551689866080301,0.5494679050078947,0.020115885421641194,-0.22408487004885172,0.07435816252130055,0.26774575394143285,0.04069964210051241,-0.00045822834625262545,9.337902386450835e-05,0.8728071016089349,0.028374953664894263,0.057967474203250165,0.01627959712706285,-0.11496650778603136,0.015396393217885959
AC4_EUH102_030920_256s_15x20_c,1.2232303197006564,1.590217630891787e-05,1.515157,0.31905552878627674,-,0.24638583191707375,0.0031231376488614284,0.4551653,0.5783176417551952,0.021146367229850343,0.003275899566403742,1521.3681584547742,5.952585769401917,32.15799447443896,3.6725497735728028,0.6046705,0.5810645382911872,0.021297707880930456,0.003418476560757615,1436.6501498515613,4.180065959259326,26.32998836150611,3.146964575770895,0.6171463,0.5997567812254789,0.011539990468593442,0.0016898788579633303,0.012550929353697067,0.0009566421672197752,4.7260375248700255,-,5.539880947702486,-,0.46342669600503944,0.059232461837958925,-1.0943525327034753,0.6153007016317236,0.5362256777211786,0.020305056982787756,-0.17164032411408464,0.08133796873855245,0.23395915172868542,0.04688343272144,-0.00040903106055917553,0.00010431699346770535,0.8536280772316763,0.03154867414529066,0.05364464016536314,0.01613914611755162,-0.12144658166858954,0.015870662417320346
AC4_EUH33_030920_256s_20x20_a,0.6832148392622659,4.5907798795790214e-05,0.8172756,0.13922861289457292,-,0.06506690104052137,0.003019902540470146,0.2924661,0.36365582775355115,0.001556592970131587,0.0017334564491429468,1534.9999999999998,9.5244749032461,29.22762522015802,3.8720831848410575,0.3618618,0.36209853338899745,0.008806434672664464,0.0034283974448200433,1415.0000000000002,4.638658150852188,27.70749681977772,3.6080246996510015,0.3945367,0.3864156533076727,0.004880299117097653,0.0007399016617108603,0.01118200238614947,0.00039230544645851476,2.8171091269660304,*,7.191622766551625,-,0.9906584121040026,0.04520216945346336,2.697530579313154,0.4655035104317078,-0.4073318725527447,0.01895507459019544,0.28666209719154384,0.059240919492923864,0.12199008708829029,0.04039475250151931,0.00021317265630058324,7.889250907238551e-05,0.521258776737107,0.0236694689052429,0.04180681832968577,0.015693410644930295,-0.04121239082651999,0.011848351387229455
AC4_EUH33_030920_256s_20x20_b,0.6854429271112813,4.387963418367225e-05,0.8181513,0.1389223358723756,-,0.06502999227137485,0.0029994099281102655,0.2916764,0.36424666739829126,0.0010636008344023778,0.001694335810259666,1534.9999999999998,9.816920154256705,29.55114380904192,4.036160554223567,0.3598938,0.36187806098365816,0.008649317177074959,0.0033777740039549232,1415.0000000000002,4.50670465531502,27.68554598556446,3.832778456932316,0.3942377,0.3859825757059936,0.004717507141287879,0.0008316001287828444,0.0108598535820157,0.0005844499887371929,2.035761531562238,*,8.612896722660734,-,0.9832909427782967,0.04510371846014638,2.6895678698429397,0.4624681489689005,-0.3974964977536437,0.01927710704571908,0.29393970017044746,0.05882468175318455,0.12969889593925257,0.0400259128559133,0.00020951674334330721,7.852793253207173e-05,0.5200100646323779,0.023499401361146966,0.0480164097119487,0.015547040138864567,-0.041817946477174434,0.012083010020304798
AC4_EUH33_030920_256s_20x20_c,0.6843389116676514,4.315379315983992e-05,0.8196414,0.1387897787996287,-,0.06426834007921733,0.0030011533166134485,0.2933497,0.36516964571360516,3.7709205989407854e-26,0.0014000309023945933,1508.7495996443536,9.866026498849806,30.000000000000004,4.099122935344746,0.361639,0.3635106567253785,0.008548740005048329,0.003325836867947049,1415.0000000000002,4.132353006098724,27.745321150279846,3.5501442801175753,0.3952251,0.38676504348087937,0.004728855517258441,0.0011111868408743956,0.01165497106041157,0.0009854559410338165,2.4527802034572628,*,8.679744782155403,-,1.0172883821240248,0.03628674491570071,2.9999999999999996,0.3712438529305058,-0.3675295168830917,0.018604689523388816,0.310045206286605,0.0477845943756206,0.09412009871438054,0.03408559872653976,0.00027468332385005714,6.299785019289592e-05,0.503801267097512,0.0188931354805672,0.051536148957204014,0.015272881836617382,-0.04557667378677672,0.012042479004381712
AC4_OL21_012821_256s_20x20_a,0.8617046256637261,0.0012079118941454015,0.9665232,0.11149306609770797,-,0.17294187120093207,0.0030511523588290326,0.1937837,0.2290195350358772,0.015530848269430683,0.003922294253551652,1516.1963163987725,6.461501987581922,27.477487410168376,3.5674949857440144,0.2535987,0.23887628679975564,0.02211222018198043,0.004502281167816863,1415.0000000000002,2.602843467437974,33.84813649606909,3.7528294893612104,0.2786644,0.25681270588677363,0.005474395915241827,0.0009318059314037898,0.007600683509495164,0.0002748571856085049,1.5458533237329792,*,4.981670643771822,-,0.7985861701232058,0.02733083336153073,2.9999999999999996,0.27350391722045736,-0.05625440605559829,0.019982944262744717,0.2746264351499649,0.04059622905705189,-0.21675630119704312,0.03211416255146254,0.0004765153792776933,4.681389409426814e-05,0.2610721880440945,0.014165444564030268,0.028862534456245627,0.015946311147920944,0.011269427141573848,0.014104307599285963
AC4_OL21_012821_256s_20x20_b,0.8574703590057887,0.0008279036060053029,0.9566054,0.10949771299925135,-,0.1803989205727588,0.0031021613633669272,0.1932838,0.2223796532906858,0.02488073679372374,0.003898365481884182,1516.6230655306358,4.515540478792004,30.24740577459169,3.4259850503859464,0.2572491,0.23395530744683676,0.02419647396692458,0.004568919052245475,1416.1156527266703,3.6479142382938097,34.15134092207082,3.5744849749848244,0.2780809,0.2560753712341897,0.005844420437355439,4.566741436356425e-05,0.006738170987310277,0.000254171715015165,1.6400645521712365,*,5.821607495158982,-,0.8034161506850909,0.028529229424077984,2.9999999999999996,0.28621774324537336,-0.11421911786267738,0.020201215612628883,0.3242324311048887,0.04239558013056858,-0.23764808031815204,0.03325672928785162,0.00047130584154797956,4.8885922413175664e-05,0.2609948365160281,0.014758284396422553,0.007901912531977168,0.015975856267369772,0.05426314547504419,0.014783447413288651
AC4_OL21_012821_256s_20x20_c,0.8673996025323035,0.001968894007546231,0.9680783,0.11170663379635408,-,0.17273914615043023,0.003068212106219144,0.193986,0.22963586481164794,0.013053010665090915,0.0038610385538355506,1519.1062449844746,6.941734963518489,27.239670591365734,3.644951671195685,0.2536878,0.23987598808750712,0.022197141722930278,0.004410175230382172,1415.0000000000002,2.128707685054875,34.31819244395423,3.751805298993509,0.2767501,0.2558802101327413,0.006576801703841981,0.0005724743163972938,0.00731791599848709,0.0006514177521338195,2.9312725661701786,*,3.4878964871575135,*,0.8026078749710845,0.019783125348051177,2.9999999999999996,0.19083627531288325,0.0003220211412380764,0.020155539751914045,0.24106171253917263,0.03166100765284524,-0.23177024322116738,0.028413826160927365,0.0004964102668101858,3.296640524341829e-05,0.257790273851304,0.010016076608792288,0.044952236755557345,0.015690439736691788,0.008063763306866057,0.013659509997981018
AC4_OL21_012821_256s_20x25_a,0.8399196839588959,0.0016599444617004424,0.94686,0.1235036785125522,-,0.16547255337617356,0.0029842216173792736,0.1941699,0.2504104234283058,4.508872174548014e-21,0.0010426030054681832,1500.017792590895,10.033758073011901,29.999999999999915,4.019799263023444,0.249986,0.24686421051942692,0.028898289534713607,0.0034642109307926943,1415.0000000000002,1.0699244009086861,36.3149249927721,2.92702304138809,0.2784934,0.24915521316011274,0.007904781566841596,0.000920842356488999,0.006486276799003589,0.0002690618388904248,4.8342751907541315,-,4.514451605693052,-,0.6115139427139433,0.06814129294889482,1.121927186332207,0.7031816408006346,0.15803780029309752,0.019389536341616127,-0.059196366510894154,0.08636427701101478,0.027162809650088514,0.06105044519549873,0.0002139662906670556,0.0001190285800508838,0.34939618183212295,0.03546153118691229,0.0664043763512897,0.015736685255625143,-0.018206403251355707,0.012138583037056228
AC4_OL21_012821_256s_20x25_b,0.8391754856354,0.0018720382731942618,0.9504877,0.1206289891357609,-,0.16497100613843138,0.002955376141655584,0.1916734,0.2469336137406266,9.240780164900036e-16,0.0010315051301887186,1534.925923612514,9.995896484084149,29.999999998666542,3.939777164822532,0.2463827,0.2445705780380118,0.028850365803128858,0.003458628214966516,1415.0000000000002,0.9456987188301301,35.63128164417817,2.978364983855345,0.2763383,0.24750045414909902,0.007463832709352476,0.00010697724354439002,0.00734414679952092,0.000751601476032472,2.4762220631730263,*,3.329515531806161,*,0.6769302592198378,0.06042120395056609,1.7125321960677178,0.6274584553633885,0.15664220149057434,0.01893020741142125,0.006454221314544238,0.07737116922889689,-0.029962131779204777,0.05537306601527064,0.00032141068323731845,0.00010574040236242743,0.31853953198156654,0.03166494131206575,0.06463738712709374,0.015521625798311728,-0.022425122837924655,0.01229691561580221
AC4_OL21_012821_256s_20x25_c,0.8401697251994493,0.0018133917894352042,0.9523702,0.12251913274011152,-,0.16534979179383075,0.00299651891435143,0.1927316,0.24916922277942818,1.9644615186388382e-19,0.0012133180326252169,1534.9832336373665,9.915041711227735,29.999999999984443,3.9527978642424437,0.2488804,0.24580207032206283,0.02888002414625512,0.0035251013471437145,1415.0000000000002,1.1391344764700424,35.48672420339428,2.9858112236516763,0.2781967,0.24946929589106595,0.006155753943878757,0.0006603808972986897,0.007512067745761852,0.00021157238585474105,2.1188779332730334,*,3.122418011815484,*,0.5396541478901367,0.06592039007457741,0.42037824139457663,0.6834684053402739,0.12361045314695322,0.018964028783654597,-0.12253768857561942,0.08416317534374419,0.08352556303433524,0.05983505657416203,7.849763883267981e-05,0.00011538150686826577,0.38613115225958616,0.03447754295394295,0.06256879868332176,0.015756790032276327,-0.018781671894567954,0.012364093621867253
AC4_OL24_020320_256s_25x25_CO2_a,1.3797231504048195,0.004357841717334365,1.660588,0.29766456557000165,-,0.4422622364205792,0.0031354879993979947,0.4228215,0.5752811836214647,0.059737144114189955,0.0039407111613092155,1528.21120879267,2.5874902409230436,35.1848127537628,2.5622892119361036,0.6544675,0.6002262795795493,0.05609899513661344,0.004786767724289358,1418.9077989724929,2.106294206599376,34.68064114875786,2.4055441829336544,0.6945136,0.6381552004494073,0.015366241124813995,0.0009741154932798348,0.011648454360496307,4.345487142100799e-05,6.552650543512391,-,7.661165241881622,-,1.194960761101737,0.07131436552326455,1.1341650587289798,0.7362575681052714,0.42508560157904146,0.021820299219165354,-0.09100363264965704,0.09627342489727889,-0.07555488683467293,0.06271033644521139,-1.163919911156969e-05,0.00012502921951872636,0.9201963555710229,0.03755051879946492,0.005860695484719117,0.01747735280669738,0.053993806266573,0.023252174337651456
AC4_OL24_020320_256s_25x25_CO2_b,1.3661586073104786,0.004401941059604476,1.662697,0.2988456527169182,-,0.44018907213134745,0.00317500167986582,0.4234998,0.575706360900197,0.06182258722239916,0.003974474189783774,1526.9960705339984,2.5125827471352333,35.070223119158555,2.5668178532592005,0.6581436,0.5993349023261153,0.058030743344444295,0.004776563790864212,1418.4442678428538,1.983953972945606,35.02513016485159,2.3893683956579643,0.6946907,0.6369632934905014,0.01406110253844617,0.0008145580287439633,0.009929291139169365,0.00014388492943391435,7.6260731777609605,-,8.050145029831683,-,1.2679486407338667,0.06392718512627321,1.874610201393659,0.6597384263231274,0.43544857365433204,0.021595285892037616,0.006255788746079268,0.08729346594453297,-0.12065307836586028,0.05735738268848813,0.00012151181470036588,0.00011208147339339351,0.8821048597282384,0.03371497637671721,-0.002178480596732105,0.017413155501685144,0.0628268314503425,0.023213342467302694
AC4_OL24_020320_256s_25x25_CO2_c,1.3596808934160352,0.004311201645695772,1.669422,0.3008231504338448,-,0.43838227963983806,0.0031412809604534162,0.4260929,0.5793751106729894,0.06105362604065628,0.00391349046763271,1528.9632277106705,2.57110137415362,35.90000325495378,2.553651455096164,0.6599904,0.6017892015516046,0.05833855240564819,0.004783861214547356,1418.3618273751265,1.9722376174386722,35.50929041575897,2.3064320537381735,0.6955255,0.637996346362699,0.01583431537583631,0.0004955599389395406,0.01006018912831354,0.00011966483182101934,5.129177901859156,-,11.471460520208046,-,1.2666259953661392,0.06107989503926826,2.038031471456745,0.6304318781820273,0.46699085389885314,0.021171660037182943,0.022995032642321844,0.08295319376515524,-0.11912524171134439,0.05617310157415108,0.00014456126988947673,0.00010699665755302757,0.8710413893002041,0.03215958632365696,0.009474159517748281,0.0173911625951081,0.045510500890832056,0.023486977405239046
AC4_OL24_020320_256s_25x30_H2O_a,1.6845206009475333,0.0032514931722752646,1.945129,0.25085835888183194,-,0.4219185699427646,0.0030745644517246205,0.3859965,0.5279272775960698,0.07344694065564328,0.00373764778979796,1520.5646087483103,2.5326987815073987,35.016321341872434,2.3685393533425136,0.5968431,0.5208579118686096,0.07540563938424251,0.004373420878824422,1427.3638867451966,2.3898361832289763,34.861634325743644,2.1934644914587027,0.6316594,0.5647936124923225,0.009620952592668394,2.120761515326713e-05,0.01271219836667497,0.0008255413428025117,5.909345302845111,-,12.42689917080186,-,1.2726579382042686,0.04383191466834074,-0.19437444522772634,0.4603236466544586,0.2047823128863349,0.020728951575719703,0.07800083465125866,0.06804066469021312,0.29999999999999993,0.028474088794419365,-0.000188793613368433,7.863224750508849e-05,0.9994231988019471,0.02448262929859451,0.0477429325117816,0.016348318576700063,0.036248115595866534,0.019681407997736405
AC4_OL24_020320_256s_25x30_H2O_b,1.7146728268409852,0.004041521254671599,1.942867,0.24603080842882144,-,0.4332757128002115,0.003112496154440509,0.3753839,0.5163115337960369,0.07337633164574041,0.0037649396236807734,1520.6593254237603,2.3993161431361045,34.56636653073322,2.3723771095899493,0.5871298,0.5112560479946764,0.07213050860653386,0.004376159399915166,1427.6612771602822,2.4254487918247567,34.4714739990282,2.2930075184220855,0.6126802,0.5499017921747464,0.010458635054996621,0.0004959489807658689,0.013307809164221676,0.0007064411305351959,4.989432183699346,-,11.35117028815538,-,1.2068016011796,0.05316825077088082,-0.44112184674108795,0.5534873597010808,0.2689487023810826,0.02092086027781092,-0.033333771251958653,0.07755508378009045,0.2844191629837773,0.039614217383254276,-0.00020366384973435428,9.438521840763995e-05,0.9783905767976762,0.028919004078870148,0.04850212956467327,0.016710086989749483,0.04600991360807408,0.019505896709879084
AC4_OL24_020320_256s_25x30_H2O_c,1.7175245602402482,0.0035749313475639424,1.958278,0.24726479351710642,-,0.4293625714456836,0.00313107801367639,0.3786225,0.5199382236477385,0.07135136499527281,0.003745130935482349,1520.5401779004324,2.5138433023640157,34.16070084168809,2.450421992519852,0.5917678,0.51730547603996,0.07074608393243823,0.004284352501106128,1428.323447514721,2.513344247428645,34.3353758995475,2.3658423111851072,0.6205944,0.5587581458549464,0.009898204021239995,6.914638360060166e-06,0.012595574499108446,0.0003066236934763104,5.62760152555073,-,11.86444080256326,-,1.208033974285203,0.04898519625829982,-0.9656593339436541,0.5123515508437211,0.22597452367064452,0.020788906925424733,-0.10052003185553428,0.07319178918191378,0.29999999999999993,0.035514261216003616,-0.0002865515236119603,8.728152221255404e-05,1.0271941411583785,0.026912669652798215,0.047867484798562905,0.016610727983716503,0.04278505246516535,0.019384416999077912
AC4_OL27_020520_256s_20x25_a,1.925244331188516,0.0002629516137777786,2.194023,0.2519345533774728,*,0.5189588432675698,0.0031042866107599165,0.4812828,0.6092617784471948,0.07737309519628444,0.00373671664674522,1520.828809487613,1.6194286149375399,30.969400089018706,2.0586808985592917,0.6878554,0.611061805418025,0.06499854248954282,0.003797261776080454,1427.7409023711034,1.9471465093983455,30.02881928375736,2.0595305007024507,0.7091763,0.6546350680596644,0.013418290440629907,0.0004163529688101542,0.018530958151695486,0.0012695827264609977,7.740349164652699,-,8.820727040457113,-,1.1352074687032154,0.03296455644749867,-1.4637244219077035,0.3511630612764094,0.07181352806065598,0.020202829971765448,-0.15930501136453504,0.056047881907565475,0.29999999999999993,0.01610773334032766,-0.00037404917740690855,5.982999253798065e-05,1.1391642807617277,0.019086233575331887,-0.02504094841163115,0.01630065653485606,0.05718189013256085,0.01824908823729097
AC4_OL27_020520_256s_20x25_b,1.8389411688340556,0.0003409706893712929,2.106805,0.2781608234473888,*,0.504404612936432,0.0030924354274259034,0.5096482,0.6409179900800093,0.064399955425784,0.0038428276061432277,1521.4508813733064,1.7865448117194396,29.842530972559832,2.145271002676784,0.7060089,0.6405410572633929,0.059180011203547475,0.0038219703505325327,1426.3734994237361,1.9046824387328436,30.00317619791041,2.1690372643161715,0.7279294,0.6782151865651329,0.01297430035317764,0.0002992716258893917,0.01876973160007341,0.0006533238557530246,6.066754068083351,-,9.830755709067226,-,1.102286647005314,0.03618008968100047,-0.8373684486967553,0.3845535283672929,0.12253889738841119,0.02032895819544026,-0.12051710106569528,0.05939470782558863,0.29999999999999993,0.020240781062602825,-0.00030426708805434023,6.537053206062001e-05,1.10955805453849,0.02068529136191165,-0.004965196237215717,0.016289612106997257,0.031302535006346166,0.01756784794876746
AC4_OL27_020520_256s_20x25_c,1.84548112761037,0.00020624268729018023,2.121051,0.2682031691075352,*,0.5024288319364749,0.003102335568747161,0.4980756,0.6318841154199515,0.0653343252470755,0.003815102561298219,1520.8593616471467,1.7758963746136691,30.049627678877567,2.2290589237389784,0.6974592,0.6324084065164106,0.05813794910289979,0.0038291143036040293,1427.0930855861675,2.0257501398214717,29.88300277068844,2.229963907244902,0.7213179,0.6706060324212075,0.011819608111739635,0.0007901548070370409,0.018719855946114694,0.0009767434149920865,7.839902691898068,-,10.36753928407346,-,1.1023379279897332,0.03964099214292534,-1.0079167014653427,0.41764038520129104,0.13185594435756653,0.020352230541535576,-0.1481419313399533,0.06269046003098504,0.29999999999999993,0.02504671026402659,-0.0003265780488432214,7.111270495823715e-05,1.1137842069466284,0.022230787665031657,-0.009332847148639295,0.016380834158912453,0.02963154545338063,0.017419503722298856
AC4_OL29_012821_256s_10x12_a,1.3580986389866814,0.0017419452616390268,1.612108,0.3431821456518409,-,0.3101198274236896,0.002972590616642814,0.4816288,0.607342927267283,3.4066788182924814e-22,0.000732294993260682,1534.9999999999998,9.949381769723026,29.99999999997727,3.956772592185577,0.6063087,0.6153201353118845,0.007959378558009702,0.003373737238628347,1415.0000000000002,3.942146418504527,28.72935158088026,3.8121781744225265,0.658674,0.6313160430052533,0.011005471531291158,0.0005640539528451094,0.017639890989142554,0.0021682373173485935,1.3742523249790732,*,3.543864350683947,*,0.9915904265402138,0.01604548056806701,2.9999999999999973,0.14833542977551564,0.028815905804012054,0.01818355994327225,0.10316856675178464,0.0230780501941469,0.03472715276689866,0.022071814962613092,0.00022777953821251598,2.577044143186181e-05,0.7353145349679051,0.0077794827147330565,0.05006969260929948,0.015305257042506532,-0.06842144133471433,0.011728458510796366
AC4_OL29_012821_256s_12x22_a,1.3331772987139416,0.0026107896946639354,1.611129,0.30184759074283296,-,0.3260726991418279,0.0030020274647804914,0.4628878,0.5877678369767034,1.910353421678798e-32,0.0010347770977878108,1508.7824015661824,9.953558969207112,30.0,3.9030525557426623,0.5983554,0.60167647202533,0.022163871293655605,0.003367864675737239,1415.0000000000002,1.0121251260437019,33.4489372407334,3.1110802374211257,0.6409032,0.6171603318666719,0.013067049563249408,0.0025159739445016157,0.018861594778856936,0.00047283013540391625,1.5354625116974987,*,4.52992077138065,-,1.101818795576683,0.029977361503192267,2.9999999999999996,0.30309252507665585,0.12468529597887858,0.018862228668064737,-0.016746323124217602,0.03982409314962861,-0.024742718859955038,0.03242027752169966,0.0002638138450615862,5.142407835644898e-05,0.7448527180105108,0.015426779371113645,0.04829630213272065,0.01520343519773613,-0.0737209998247442,0.012136542110066153
AC4_OL29_012821_256s_12x22_b,1.341829430439936,0.0014905970677370436,1.682719,0.33523931028968673,-,0.31852106642266875,0.0029624854571839525,0.4962581,0.6132375014925625,3.557770923540829e-35,0.0005487571789011767,1500.0014403241066,10.750830510646903,29.999999999999915,3.9795525457853387,0.6248484,0.6273373418546591,0.009123037249012766,0.0033859935911326397,1415.0000000000002,2.563672014720583,27.874934320006016,3.7990106531083385,0.6532832,0.6451307652333815,0.013690636576205449,0.0005062529244183989,0.014152445799186827,0.0004581564830433592,2.137332105826387,*,3.7366498354401823,*,1.0593447967717016,0.019620912844589642,2.9999999999999996,0.18829601071740473,0.07769215298129935,0.01845137245566353,0.040544589668633745,0.027218899772774086,-0.029835661539469618,0.024028342972493028,0.000249247444809095,3.2364718523933105e-05,0.7613804593237943,0.009691882103587575,0.06183754358140227,0.015096966805137715,-0.061582480186861424,0.011696150958716879
AC4_OL29_012821_256s_12x22_c,1.3282134347051218,0.0012457170934974781,1.690926,0.3341494489007184,-,0.3236053968420188,0.0029556387907970776,0.488263,0.6083258694563061,3.29011518388455e-26,0.000698766810206792,1534.9998141282163,9.859893581318621,30.000000000000004,4.02116603974648,0.6179702,0.6238715259928749,0.008673069917665864,0.0033834000060386535,1415.0000000000002,3.103452999862141,28.292940662284437,3.833436112633972,0.6558018,0.6439194998686186,0.011365473069693802,0.001019448284138979,0.011873560715106797,0.0004917062107525828,1.666850986167031,*,3.5526956864731027,*,1.0667884865684147,0.02517029167504175,2.9999999999999996,0.25178855204578754,0.058147987797290114,0.018595331934795074,0.06015536843564861,0.033853604380588105,-0.04670742195101257,0.027076535600909356,0.00024816044286205116,4.2905712933581735e-05,0.7612189759846208,0.012891013252810661,0.038887477107995595,0.014854784370337416,-0.052699107553975055,0.011690366001467266
AC4_OL32_MI1_021420_256s_25x30_a,1.7726092645426441,0.0038590706819158936,2.011672,0.26425587422230806,*,0.394266543551137,0.00302653390518159,0.4384941,0.603875961268733,0.004556443331641549,0.002742147211649111,1534.9999999999998,8.714091165279404,29.111717921799038,3.8466391375857047,0.6138472,0.6063812376059212,0.024258599609286148,0.0034065934014086167,1415.2869869848646,1.9103925489454119,26.25817885029834,2.569011795277848,0.6422518,0.6185579267595043,0.010428484264484042,5.48636612586773e-05,0.010788678976302176,0.00026741978488153327,5.3129513712575855,-,9.101106907932968,-,1.409165617509538,0.02756842380840032,2.9999999999999996,0.27623523679703293,0.05099618959168062,0.018864319929458407,-0.14480035678040026,0.038794377928614544,0.1978204518142256,0.027795332877318564,0.00021514873315462685,4.718907867872789e-05,0.8626323490455283,0.014200691955774458,0.20089520115811865,0.01538254412401444,-0.10263123492435924,0.012053170475836794
AC4_OL32_MI1_021420_256s_25x30_b,1.7700230067130498,0.003763447633965401,1.988824,0.2644900227429125,-,0.39364366986109206,0.0030236431695143686,0.4379616,0.6037800558261148,0.00441356923757431,0.002714129673796745,1534.9999999999998,8.823729511539584,29.03853769598226,3.9993358502691656,0.6127191,0.6063956266429266,0.024098979025199894,0.0033619590004555686,1415.2073743966257,1.8598274264803305,25.706100313921205,2.5144475848603838,0.6420507,0.6187828996608242,0.009929907788753236,9.443920995155943e-05,0.011303462363569924,0.00013464821756388386,6.81999227006182,-,6.218844858925199,-,1.4123334327657964,0.029953336118020948,2.9999999999999996,0.30302083552610193,0.047048219814600035,0.01914864661044399,-0.1441775417097033,0.04177244740447184,0.19715465970921772,0.028762988757157888,0.00021510844730652547,5.160907067280019e-05,0.8637883833411688,0.015551778658087507,0.2014258929255636,0.015455969187465937,-0.10240508815100634,0.012206868227382253
AC4_OL32_MI1_021420_256s_25x30_c,1.7587992304736113,0.00367033572971731,2.010218,0.26412395057488786,*,0.3947028606517529,0.003032957185180077,0.4380441,0.6013309977738575,0.0070879949927031925,0.0031769504909466588,1531.6864596382154,7.635168938429098,28.703262501822078,3.926710586209155,0.6125355,0.6038530390725052,0.024467502177741907,0.0035336619110576725,1417.1609483683562,2.245225321896252,25.91396072687803,2.4344892008091783,0.6428326,0.6188318961678125,0.009546586523545349,4.535682311726566e-05,0.011656627353610121,0.00036374172187628797,5.315563956587126,-,8.57317493175068,-,1.3935994612145934,0.03221327969923794,2.893450875138306,0.3326244302482644,-0.01428072647072117,0.019276874279721197,-0.11339687176074409,0.04722276591198144,0.21754065457713165,0.027857744398184264,0.0001723502960207582,5.6451324173766504e-05,0.8704995077117788,0.017262844680168223,0.18905112449198613,0.015257920220678022,-0.09722328943945123,0.012453787986970631
AC4_OL32_MI2_021220_20x35_256s_a,1.893232860736265,0.0027898763504570316,2.179668,0.2915912950028854,*,0.5377017686080328,0.0031880257104962874,0.4317152,0.5944113456673925,0.05968439546767141,0.0038064444601904578,1521.587579208738,2.3880162935346028,31.526376873200892,2.7390999879396327,0.6742451,0.613065882983907,0.06202305668065448,0.004463610691047735,1425.6063776211297,2.4583472673002045,34.67665358274652,2.39579185220649,0.710498,0.6552225363530555,0.021383240065229278,9.70287702584501e-05,0.01530182735350353,0.00029527561751568773,12.402087673617878,-,14.375072233644914,-,1.4015821970389666,0.0732501742892582,0.17808992840417637,0.7567503948151134,0.5780782000640304,0.021634576205925692,-0.1895511101995474,0.0985633955492212,-0.03651234350505085,0.06232638421615979,-1.5684014665227946e-05,0.00012854647240494513,1.0583196808169661,0.038623935521486234,0.027442957912199258,0.01718043334206392,0.05491776910428256,0.01920665748633301
AC4_OL32_MI2_021220_20x35_256s_b,1.8915194466414587,0.002427741443393138,2.135957,0.28960373680520246,*,0.5354585405585066,0.0031536661161099136,0.4304082,0.5929134778343104,0.06461442155465902,0.003926579580534487,1520.842232221715,2.357427320876854,32.16034662645332,2.602424378230727,0.6720127,0.6062318597617862,0.06727885876609423,0.00457133275137824,1425.8319093515533,2.438258983095161,35.60115793831488,2.3002743980057816,0.7092271,0.6473105041572993,0.022100309484137926,0.0005412569532481836,0.015737409487528064,0.0001784824709816404,10.541334885956962,-,9.638038070292014,-,1.415230567681594,0.07280851864932959,0.5727314990591305,0.7521465673531579,0.5799464018538053,0.02156213902155296,-0.09546049984654814,0.0982518671001138,-0.009321691307983914,0.06259727940225253,3.8091441151682254e-05,0.00012778543692141278,1.0292784480304382,0.03840440921735804,0.02107703012234785,0.01740537941559827,0.05758719012953974,0.01949589878923174
AC4_OL32_MI2_021220_20x35_256s_c,1.8971926887411208,0.002570189384584503,2.139158,0.28579606931086116,*,0.5333938315889343,0.0031462767422936106,0.4274254,0.5917047764752053,0.05987127488111506,0.0038628241003117905,1521.0009085309525,2.4548335279964415,31.527904898671245,2.706587880497254,0.6677353,0.6074717655160131,0.06307269537086543,0.0044171255884472484,1426.7913681342318,2.541016805910907,34.9961720916839,2.3794516427837396,0.7041307,0.6481545438217858,0.02239501686387732,0.00040659041243147316,0.015021968568678656,0.0003864732484211286,8.675729425909616,-,8.595062834210564,-,1.4350605635608948,0.0723922546639691,0.7736536362046668,0.7490199280911883,0.6013259326648447,0.02124553112833875,-0.10242527367104906,0.09856649623378386,-0.04854248382060475,0.06141448298256344,7.726385231075112e-05,0.00012725989778995323,1.017218478675665,0.03832463253532278,0.025871145601438793,0.01696456793373689,0.05665605818805518,0.018450832889394562
AC4_OL36_MI1_021420_256s_20x25_H2O_a,1.1618108551004063,0.0064010590054764905,1.401901,0.25867716802521984,-,0.25939287382876874,0.003103652388780323,0.3320697,0.44497821120801784,0.014402926919934278,0.0033908859130999257,1523.0834989129182,6.723533406559763,29.159118736862325,3.99508132627495,0.4574455,0.4446087147228812,0.01669683674670237,0.0037075851293647943,1426.9409880240357,5.31511052653919,28.217963907016113,3.527949137058379,0.4657584,0.45232352239873186,0.013461050467565003,0.0005082781771304961,0.00554940303453131,0.00039606400493176665,6.602690198835994,-,5.185956244542898,-,1.0151788332096183,0.044129892608920675,2.9999999999999996,0.4514806906864006,0.2942733159789514,0.02003527893415335,0.07572075794839113,0.06077934090238414,-0.00047639779283776515,0.03883579559208005,0.000386183758953189,7.687544748752552e-05,0.5448108644077511,0.023109862299362276,0.02075509129147418,0.015932513636098752,-0.04217760255271293,0.013940702065595504
AC4_OL36_MI1_021420_256s_20x25_H2O_b,1.308994614198275,0.00410355543898999,1.552615,0.26750438292162565,-,0.2728767332029159,0.0031320383875780527,0.3336452,0.44351541266850014,0.017210498612975158,0.00345189312539924,1523.1183618940568,5.905886013800764,29.40843233314112,3.893526232878947,0.4675007,0.4501710821888909,0.023834453785549742,0.003742639302737339,1424.3481216569971,3.6978997098402795,28.134353836928135,3.1932345842559724,0.4843558,0.46246750928047775,0.01129633242335028,0.0005033262533410759,0.0073292560567830385,0.00048100955555482704,6.576683686429182,-,6.203671896621629,-,0.9678762252745332,0.05535048750502187,2.444694615062116,0.5695558272137818,0.2986824879012042,0.020461941439265708,0.015665201979760436,0.07542677046212665,-0.04143690901572429,0.04745773948134232,0.0002953702936230324,9.683628711335011e-05,0.5774073222941604,0.029105250068267058,0.007089546442731231,0.016358338448059794,-0.00829200047920625,0.01478497606136251
AC4_OL36_MI1_021420_256s_20x25_H2O_c,1.1504976965924767,0.00603286337510872,1.417454,0.25879116286055703,-,0.2566524333232956,0.003090222217034993,0.3343635,0.44698854717198816,0.013260603866956657,0.0033494274000917556,1523.6858606476926,6.955764762477249,29.516407210565774,3.9474329830443384,0.4578362,0.44624858981597476,0.015875437609919683,0.0036736990848575545,1426.7591532188849,5.434743553842912,27.9928732104756,3.623718155825051,0.4672112,0.45435287391130874,0.013505958091380941,0.0002693407098785041,0.004314517184011581,0.00011334285697610268,11.4643288468153,-,4.252843043014646,-,0.999411160386981,0.04605488810571827,2.918973302421959,0.47210268330347127,0.2785551964180464,0.020002354866591642,0.07771986887889375,0.06288049540017236,0.01651316171361753,0.04045549911625445,0.0003591469858697343,8.034356078227889e-05,0.55080449619128,0.024135194102881674,0.021280807024389878,0.015999052448720612,-0.04864820440944314,0.013579443376943098
AC4_OL36_MI2_021420_256s_15x20_a,1.2700760892735443,0.0014647845818710195,1.447306,0.18687719557155777,-,0.26141036431982945,0.0029732444058349385,0.3113607,0.41569171277995265,0.0012841210380469125,0.0023284955162730906,1500.0000000000002,9.266763227417753,29.08273952361984,3.963403314825531,0.4230407,0.41882748222514893,0.026884220660126447,0.0034293876330848626,1415.0000000000002,1.6179963215253172,26.728977275940405,2.935231849526765,0.456733,0.4301181667540326,0.006729850362614642,8.740642590891878e-05,0.007298624640742033,0.0003237479186105649,4.002695249005028,-,5.58705594093738,-,0.9708872572675834,0.01872577573893955,2.9999999999999996,0.17935009634537735,0.21482492949425427,0.018920566676133718,0.11411188354063319,0.027484353881270004,-0.020369062905546374,0.02550120885347305,0.00034873425789339085,3.086164242352973e-05,0.5114241326677259,0.009308572707433512,-0.02455088868019979,0.015625240763051124,0.10002299879058542,0.012272209199426428
AC4_OL36_MI2_021420_256s_15x20_b,1.2691968300712146,0.0019063007585573776,1.441908,0.18712850390505864,-,0.26184134955226346,0.0029409754858957943,0.3123465,0.41754859874527184,1.5550499984254108e-34,0.0018540717787480794,1508.7488032635003,9.489707950458952,30.00000000000001,4.049868861236384,0.4244885,0.4197402173637731,0.02721666467007855,0.0033178472460651327,1415.0000000000002,1.5612539387531104,28.179422049549746,3.151359698198294,0.4570674,0.42915945947401446,0.005310207905059347,0.0002705553224569695,0.007665966304007357,5.030595027071567e-05,2.9941467113821107,*,5.341905604684847,-,0.9638192731303129,0.016043542292717615,2.9999999999999996,0.14972897057698634,0.25049158770893515,0.018686329700228935,0.09759570834395451,0.02463783137507341,-0.013910207804317514,0.02421708074984164,0.0003542499346377295,2.5881395691175116e-05,0.5081089895041803,0.00788956238652858,-0.01420576266091232,0.015373775274208155,0.09232708390799958,0.012282313588566539
AC4_OL36_MI2_021420_256s_15x20_c,1.1993920419852857,0.00266121741620135,1.389758,0.18838352357049087,-,0.2510446993247817,0.0029883540631647876,0.3081031,0.4118443989191455,2.116853440384443e-29,0.001473458068433795,1508.7587395785554,9.519467968978683,30.00000000000001,3.8207889610970818,0.4133386,0.40877981158335164,0.025496227971314504,0.0031853661055303386,1415.0000000000002,1.1782314465173818,27.232945420037947,3.2282002221335317,0.4400086,0.41433924747460493,0.007390130348914299,0.0007445336291424419,0.007655114074157813,0.0002958778257704714,4.422104744487412,-,5.4563527859257945,-,0.975235133206263,0.015847370638587946,2.9999999999999996,0.1455299648334069,0.22582710403264222,0.018720548056276896,0.0811760107210041,0.023670762395054522,0.03674330012089581,0.0230950016880609,0.00037338238177530436,2.5273261512097293e-05,0.49978816045355756,0.007601787846379193,-0.005655817833247856,0.015431995901636039,0.0760944173921476,0.01209508259231408
AC4_OL3_101220_256s_30x30_a,1.1638810969362272,0.003922139429087866,1.3096,0.15006717501033656,-,0.1478848416455821,0.0031645863119013503,0.2696358,0.3927728001265962,0.02973648241414321,0.004017316655162274,1522.837770296836,4.674971645332943,34.37324195408922,3.1660602232781585,0.4326054,0.40236873044190974,0.04021650927359113,0.004742566275216664,1418.5586852283516,2.7068056621731533,36.066079362104084,2.698289663827672,0.4693575,0.43062181892685436,0.004895819449289441,0.00038797421701638476,0.007411992193285463,0.0002439460959210749,5.137691746134252,-,7.692783664346739,-,1.0595827390708181,0.06698928503838211,-0.6701492054030966,0.6933287619858595,0.03476291774570728,0.021255554751592458,-0.33524162451300193,0.09229114990662772,0.20300417435505147,0.05591730522516275,-0.00023861632969445358,0.0001179055614853257,0.8252890597887235,0.035608696030365414,0.0661559289649401,0.016916239943341727,0.00394935553758648,0.017092044384847727
AC4_OL3_101220_256s_30x30_b,1.1675323065806433,0.004094794505701783,1.314937,0.15243155585314302,-,0.14791276668647368,0.003148632873409322,0.2709825,0.393603043452027,0.030167836766167674,0.0038862806964616073,1522.6227268137504,4.72501747447444,34.45521329929836,3.0992402942027963,0.4323083,0.40227810736922054,0.04022720231407035,0.00446631372886643,1419.5051338448043,2.9195176529170737,35.84236160802718,2.7191341264165816,0.4694453,0.4313369934778546,0.0055805229091119716,0.0006858091129010389,0.008075996154138633,0.0006825494033621964,4.668788671575896,-,9.346067962683449,-,1.0110077835417377,0.05982928668279999,-1.0715502979508877,0.621354502271179,0.011500155306913245,0.021022096994584297,-0.35776180107140737,0.08412023438122773,0.2470391573444853,0.04880909223319418,-0.00032192209072447875,0.00010564261742278282,0.8461981018751952,0.03207180556092812,0.06619610347094468,0.016284567722791344,0.0038529358518346805,0.017352972846227357
AC4_OL3_101220_256s_30x30_c,1.1655414377000362,0.00414332818651609,1.306533,0.15260828178032662,-,0.14862000774179715,0.003130919533478349,0.2708708,0.392884014297061,0.03097016726791022,0.003881510730556363,1522.729710687237,4.7181623566063,34.54570148307467,3.0725834629974966,0.4318307,0.4013746342194494,0.040493180502487555,0.004443812211837247,1419.6354087090583,2.9463891204755357,36.17954025559815,2.6555796359861357,0.4701661,0.43081594503716747,0.006198009019340035,0.0006911490008377327,0.007353987304019494,9.549340588618584e-05,4.253562071568399,-,8.855557004830148,-,1.0151731620542264,0.05943595863815108,-1.0360438740745048,0.615954581510069,0.000601971263898752,0.02099094646232294,-0.3461193048126255,0.08348694746001917,0.24705686631779447,0.04800677938594702,-0.0003175263627622385,0.00010475342706050769,0.8445822938596064,0.03177280490619857,0.06255499998676796,0.016371374905310085,0.005854188516029705,0.017411993745184547
AC4_OL40_021420_256s_15x25_a,1.5144537459102494,3.7102226585799634e-05,1.871343,0.39573818030046687,-,0.3922557729360831,0.002975762366404159,0.5052533,0.7250886362867152,0.0013841439630047669,0.0016702338984018884,1534.9999999999998,10.00653228967878,29.877321320796103,3.787637147114303,0.7094859,0.7068108775264852,0.036080512980169906,0.0031785201152185103,1415.0000000000002,1.159458085705641,29.02252351336865,2.187295580717211,0.7881905,0.7547356233208672,0.0155979628354425,0.00045947542654936944,0.013911871277472667,0.0008631728317976459,4.589956249461932,-,6.085680727170474,-,1.4412974092621276,0.018980735878333065,2.273242468182849,0.16830884677061095,1.1511914774542773,0.018681325882328372,0.5999999999999999,0.01571564956982876,0.2361077137063035,0.023930622202770466,6.64553184987591e-05,3.0195076291824053e-05,1.0601326704863157,0.008290041832842094,0.29802633614277774,0.015069783782546253,-0.23071993212178904,0.011903583844180525
AC4_OL40_021420_256s_15x25_b,1.5317083793671962,0.00012241291500937,1.946221,0.3926973438685994,-,0.4031939008313981,0.0029763615819028595,0.502058,0.7143442529670863,0.0016588361004392749,0.0018485655379455396,1534.9999999999998,9.616161297136594,29.862127118272856,4.050358523580326,0.7073789,0.7039679440710231,0.031074742036412886,0.0032641836172007037,1415.4883220613497,1.548899429404893,26.12816127658223,2.2278267674251993,0.7889464,0.756128756306065,0.013881001231772272,0.0005692572454105819,0.012778976262778463,0.0011122017909109083,3.251565160571978,*,4.012562872848567,-,1.5482014114594393,0.023190054616438156,2.630416942608998,0.2177498764088007,1.0691604821488991,0.018467548129982074,0.5999999999999999,0.022324472568694336,0.12119751164060545,0.026962220010199957,0.00016613807520424623,3.814238719135431e-05,1.054658309164745,0.010797696491614554,0.26383242417722713,0.014974944729891389,-0.2250198726880073,0.011910167828618576
AC4_OL40_021420_256s_15x25_c,1.532570116490916,5.984037332152236e-05,1.912884,0.3928768636750136,-,0.4085430541921275,0.0029693436886847114,0.5013367,0.7085680333202103,0.0021705753744834092,0.0018097769414378375,1534.9999999999998,9.507439926547539,29.472626885779434,4.07052238096003,0.7076218,0.7050636734883008,0.02599732154708871,0.0032047047258726815,1415.6298979946928,1.8096946383544357,25.635956036715278,2.2700389244038144,0.781645,0.760540381691444,0.014254482303405707,0.0004608307740550131,0.014037155422519461,0.0005477908555297987,3.304861946290412,*,5.545593239907885,-,1.5867215478300833,0.044653982918941425,2.742262210679182,0.4556531490260671,0.9821355175037321,0.018932624821248117,0.5837790711046892,0.05546920962814171,0.048122399884271236,0.03984924296768084,0.00019505383397720982,7.751423459377239e-05,1.055807272127553,0.023043323840705062,0.2281981129477271,0.015337960413185659,-0.20666010268492999,0.012151832707849189
AC4_OL43_101220_256s_30x30_a,2.1322172974905063,0.00045217717948015443,2.371385,0.23190705039319334,*,0.5570826245470493,0.003130400296536074,0.3879169,0.5162084609244494,0.03222659931198465,0.0037720389920243794,1520.0369475344783,3.939245030994579,30.94596812235306,3.245529333691681,0.5473785,0.5149996233871384,0.037645551601415174,0.004022852110813872,1424.8339344440958,3.150770810548713,31.849610326452463,3.0074802472018165,0.5890319,0.5560711802254171,0.014336194637812147,6.689775068406417e-05,0.0126318234131148,0.00032515623423329075,8.986914703470356,-,10.86045413914512,-,1.3860139869482575,0.03546536461255458,-1.0936023671721755,0.37609255206917747,-0.07352105506090387,0.020328018217781487,-0.23596415393336467,0.05902801531306756,0.29999999999999993,0.019765157169843155,-0.00021871248592849417,6.416827408586417e-05,1.0820916292288396,0.02032303320411863,0.09015993746624117,0.015993266797578596,-0.0021454419383452237,0.015729637617670475
AC4_OL43_101220_256s_30x30_b,2.1301922618143467,0.0005975757580887065,2.327638,0.23083385769408737,*,0.557903911924482,0.0031217982542446577,0.3878801,0.5165707672020192,0.03294214954189433,0.003809366351826622,1519.7467324892655,3.906961616841986,30.875969687503662,3.2525450336620305,0.5477663,0.513419077913296,0.03948430333849457,0.004066022062000155,1424.9594506100466,3.193775640866489,32.741736701220304,2.9486539106130634,0.5870369,0.553683528328112,0.014562106018119627,0.0002990234478339698,0.012452377572524605,0.0005857447031444378,6.996596713184412,-,13.373250033022295,-,1.3984669004064447,0.03767414064625596,-0.884915874673592,0.3989211539902941,-0.04491314104997365,0.02026192908434162,-0.1994488872070421,0.06142859740009253,0.29999999999999993,0.02126953915336076,-0.00018177424495196347,6.79688544362678e-05,1.0678506855364347,0.02144710974987278,0.0986059535850195,0.015890529403531164,-0.0015773102899877317,0.016152344092222284
AC4_OL43_101220_256s_30x30_c,2.1344062170483435,0.0007545691780412053,2.404115,0.23101209446668794,*,0.5576265862635673,0.003106097308126472,0.3875669,0.5169014988688384,0.03329967968197808,0.0038561080225741496,1520.1213349568447,3.930899345255306,30.936370534580767,3.220166110191243,0.5473779,0.5128070761079341,0.04124621888465451,0.004161003763075805,1423.9787460527305,3.1029570199320626,33.86142572718409,2.9097225042475516,0.5889249,0.5519279341469937,0.014593138561797158,0.0007193621978077474,0.012335532311514944,3.088982012190762e-05,8.349695961725821,-,11.515486201694571,-,1.4139593147570237,0.04186645834287472,-0.8334544074622908,0.4394610013248595,-0.034355705592544236,0.020709991644477198,-0.20607947315831265,0.06575913502846743,0.29999999999999993,0.026871116328217065,-0.00015923650906181616,7.502694200693576e-05,1.0657151967741478,0.023401350415286543,0.09984511519226058,0.015983662202673464,-0.0018007189656260023,0.016108943870470002
AC4_OL44_021420_256s_25x25_a,1.5784089626102276,0.0012796665310668266,1.775046,0.18016399045665654,-,0.4273141635215922,0.0031353716401657118,0.2808687,0.37942414521302276,0.0476581733911893,0.0037876304288838466,1521.1543650507103,3.196212971686282,33.44243418322157,2.7286418845478524,0.4440434,0.3950738634314074,0.04846759632233509,0.004454641738389613,1425.8170330702035,3.010160258450637,34.4085766436325,2.825807675817724,0.4765295,0.43347414453353206,0.009991086224834264,7.026546708985505e-05,0.013794448154814764,0.0009429484612237739,8.694807448359251,-,13.265318069152764,-,0.9180489211799403,0.05005545633156534,-2.6648731532973398,0.5148998425391362,0.2128291673976153,0.020956745032677124,-0.4293785203566046,0.06973051179434626,0.08408707310741462,0.046823121298132556,-0.0003643280946509307,8.752263727673848e-05,0.9021517491060681,0.026388821854989083,0.05162134116542496,0.01656998549281104,0.01894952861002856,0.018040108507099556
AC4_OL44_021420_256s_25x25_b,1.5925718403356621,0.001338364637066644,1.771047,0.18249791228461223,-,0.42770932588324867,0.0031388329175404566,0.2812118,0.3784435235283614,0.048812399284339655,0.003729730297140546,1521.486434480605,3.153349064964923,33.245178303204405,2.758044505299625,0.4422803,0.39143345213841174,0.05028530710555951,0.004408644489873843,1425.908162757987,2.9852586200559883,34.635134514736016,2.771161670436494,0.4731749,0.42879602477759976,0.011196752252064643,0.00023630462405394348,0.01232681412934327,0.0004275338646538698,7.005671635287501,-,13.636851292680083,-,0.9623068073615739,0.05694434081274991,-2.242744244105106,0.5867247694358642,0.23028493054649218,0.020569477722683718,-0.3669146380003928,0.07762783103616097,0.06618947073839629,0.05148999766507096,-0.00027309937677277954,9.978897285685311e-05,0.8765763209805062,0.030014266533529354,0.055742482122291444,0.016848703836036295,0.019543924262893215,0.018280339675017347
AC4_OL44_021420_256s_25x25_c,1.589929233754708,0.0012073758967779255,1.792484,0.18215000441302442,-,0.42934238262316876,0.0031140729454746485,0.2812706,0.3765763288732976,0.05068657008834469,0.0036558491721569836,1521.2273468403507,2.961332510551227,33.13402412241853,2.741369863524302,0.4426826,0.3895450659819721,0.05114387656089549,0.004341133650601319,1426.9555472520544,2.9364847026058936,34.39015672876967,2.6944685298779683,0.4728509,0.4287950786563432,0.010927724848331799,0.0002454274083841828,0.013187555877659648,0.0006949502709295083,7.011534292972931,-,9.18783851249411,-,0.8901304307339055,0.043987755948531326,-2.9852343974154643,0.45063930746449316,0.17695675470109223,0.020309807954185913,-0.42679752865970855,0.0612021012327012,0.12760876214627717,0.043017652747068,-0.0004154696136434761,7.67018200846202e-05,0.9165231224662206,0.02309634792625024,0.047759861498499444,0.016535683875610385,0.02766418176790435,0.01829977186506794
AC4_OL45_012821_256s_20x25_a,0.8876025240635746,0.0009415950654751615,0.9740449,0.09851774805946878,-,0.1947247147377257,0.003049452394449182,0.1555021,0.21128059048169645,0.06154807069837789,0.003594349700654132,1522.2857020791964,2.8695049294047723,33.41239990876652,2.6652467833962694,0.2816394,0.22025940094171056,0.04594241657962211,0.004164205730292125,1432.725258073627,4.264747615483922,35.794128851986684,2.6672286877101206,0.2770591,0.23800286205172078,0.009563501607470439,0.0006063946921389818,0.011040364911642704,2.8192185995984894e-05,5.049320997782399,-,4.037711262877546,-,0.21702403319474944,0.014490572247141767,-2.9999999999999996,0.12847412089550286,0.12221375744510704,0.019460758972417145,-0.4058414979259131,0.027358919114596307,0.1406032208861197,0.026119358490452674,-0.00047450259986710376,2.2738524684139836e-05,0.5309805220189163,0.007006293358149395,-0.12426369155203554,0.01605003892839853,0.13514463856857273,0.01847587811949377
AC4_OL45_012821_256s_20x25_b,0.8718746487483799,0.001588352561841645,0.955294,0.09811609602047718,-,0.19453203324439022,0.003082988245614982,0.1592674,0.20700535839241113,0.06566357034690472,0.0037345124254703553,1522.328413921905,2.804563918781471,34.423096011327424,2.491066248174552,0.2822811,0.21608126841210049,0.04811892999079802,0.004324784911042328,1431.6290985002559,4.286359473703429,36.940225152360604,2.3571116322303687,0.2779784,0.23738061380234488,0.007375642292594987,0.0006133671522818912,0.010508277317589812,6.615161458880141e-05,3.500037191855952,*,4.405124775966454,-,0.2096319506575825,0.014605291698321468,-2.9999999999999996,0.13025087347080638,0.06295514149008503,0.01982769537120361,-0.3456992428009623,0.02739248938020272,0.14057025369537476,0.02751297591141638,-0.0004890421892088108,2.2984606230921585e-05,0.530013021853032,0.007103344140208057,-0.1300972278661155,0.016404945180623885,0.14208512722138444,0.018710012444884357
AC4_OL45_012821_256s_20x25_c,0.8790229110102256,0.0012271164826435372,0.969277,0.09868269124311158,-,0.19563827058381725,0.003095481268987113,0.15582,0.20767102644723348,0.06496326211753926,0.0037029938654607087,1521.619496691024,2.8023586430938203,34.03207102908967,2.502391597929911,0.2817922,0.2167414337254781,0.04673617498706466,0.004221417581767823,1432.0382891459324,4.256241813076642,36.01683512410475,2.593796346282521,0.2778879,0.23752742676694838,0.008742538143968226,0.0006014790893306846,0.0113792735686331,4.5049910707140324e-05,4.810401907253154,-,5.369114504382634,-,0.2097096668597866,0.013612366282984525,-2.9999999999999996,0.11584917746743427,0.06867865223470986,0.019930947921506688,-0.3548992375670418,0.0262596710515825,0.14348676593478363,0.02650003387818567,-0.0004908424007260852,2.0649689080537004e-05,0.5305170151421162,0.006350279903889238,-0.1321898893045916,0.01634608227441459,0.14501252414774052,0.01846904652031655
AC4_OL46_021420_256s_30x30_a,1.802600401557534,1.8319897596173954e-05,2.010332,0.2077568223033646,*,0.39676315547390717,0.0031030873237633113,0.378383,0.5222385210709807,0.06082478051288732,0.0038732178251719963,1520.1489819693386,2.4275070864714454,31.753803641710846,2.598735751410827,0.5951248,0.532315737900111,0.05669534252286148,0.004336842870612686,1428.0221984124967,2.8918318517468924,35.363265469428974,2.5751501380723973,0.6180283,0.5693027448303438,0.009050807896911026,0.0002491115509033744,0.014815627285787324,0.000822809083383935,7.036233370336426,-,10.185661500705336,-,1.0088265827123837,0.059092246845835306,-1.3631662622372864,0.6149905328207941,0.26650966037156015,0.020911742927061397,-0.27874585180533196,0.08428711436305111,0.24727087125289546,0.04696788215619639,-0.00041990030636195985,0.00010462570132038959,1.0070372972690638,0.031874010266213185,-0.054296532894137196,0.016690770435738786,0.026449410250348967,0.018099897122719644
AC4_OL46_021420_256s_30x30_b,1.8104838841876407,1.7032777888754024e-05,2.018814,0.20843724243435885,*,0.39648355024524995,0.0031537409585190705,0.3779306,0.5212421812385433,0.06048735697669887,0.0038163550601662435,1520.3347463557006,2.502700257123017,31.927773046059503,2.6593908118435317,0.5940932,0.5325811364439488,0.05513304428774393,0.0043075768144118665,1428.2890249909149,2.9651373677690827,35.019581765853445,2.678563396742931,0.6170922,0.5699227078689713,0.009463756519479678,0.00022228012518876917,0.014555883199763428,0.0005566490329863375,8.10134418151084,-,10.585887530713181,-,1.0335574127077591,0.06449022663457037,-1.1469127604274933,0.6678608117885274,0.2626296856936963,0.021217610138925463,-0.26116821991388944,0.08966823860730515,0.217435611218755,0.052201032504322266,-0.0003781444777355943,0.00011363051833628062,0.9962169795706483,0.034386233807559306,-0.05934338380579533,0.016811784720092496,0.02731163580366025,0.018628809500013672
AC4_OL46_021420_256s_30x30_c,1.8113360650459496,1.9753876371658083e-05,2.027369,0.20853526981893689,*,0.3964763259969733,0.0031368814774972486,0.3785729,0.5220425447441481,0.05818277275759221,0.0037785963675429223,1520.643540495672,2.624808795391786,32.299855292144045,2.696762199215883,0.5937202,0.5347248208895039,0.05397955372728989,0.004322527944696841,1428.1286543201534,2.9978157839055175,34.94636165946312,2.6965635982016813,0.6171237,0.5714928685331104,0.009606821838490645,0.0002611336816025817,0.014832969370509189,0.0006503547246633008,7.789735098057881,-,12.87779458825007,-,1.0410280740660187,0.06640357940223932,-1.2083715577216623,0.6880145838791489,0.2737054404782523,0.020980290333144063,-0.2966369137410868,0.09156117362128506,0.20469762439001474,0.054788087516607915,-0.00037570870103361683,0.00011699870621094074,1.002153435100203,0.03535727107754797,-0.056959528571483176,0.016873921866892107,0.019571724146589687,0.018237244611634396
AC4_OL48_021720_256s_25x25_CO2_a,1.1619198720209163,0.0027200379944947975,1.296996,0.1423857057226469,-,0.2831690050142329,0.003156436660032043,0.2456521,0.30455647474192876,0.05627654465558399,0.0038605900374459176,1519.2502539880468,2.989472506387752,33.2060233428305,2.652405755665844,0.3526896,0.2940752433186529,0.056423751422231924,0.004315841612579039,1427.6549482255743,3.163775549071039,36.0105919572181,2.5502859073733966,0.3649909,0.31604353121118645,0.008756041090739367,0.0003417645939908049,0.008365275772921192,0.00022916413883629843,5.863921947495311,-,9.840502554957412,-,0.7333986684979431,0.05576765483080101,-1.9729482449794016,0.579703061925966,0.009446709204516743,0.021126045537439284,-0.22787062013731477,0.08010245733254599,0.26896981355990557,0.043095265940046895,-0.00022435734722962814,9.875214442531866e-05,0.6952558607047808,0.030131800081596726,0.009536313431709973,0.016539471655496733,0.02919305884282774,0.0175403427147129
AC4_OL48_021720_256s_25x25_CO2_b,1.1659425603059734,0.002417057744000503,1.311126,0.14303964819889914,-,0.2853619595829075,0.003128687325744503,0.2456256,0.302742327783175,0.05657932927664771,0.0037430360642667585,1519.8163414543649,2.8792306786942694,32.51904651054729,2.6872682856014847,0.3536754,0.2949108478340441,0.054700903226560196,0.004181261643919238,1428.9609263072527,3.149702255976961,35.21929440230426,2.7050951298718697,0.3658324,0.318924201320962,0.009544982365526233,0.0006179262130964593,0.008621923152856842,0.0003286262140427486,5.0025261707355435,-,6.891871964770453,-,0.668524255313241,0.04556702354266529,-2.616436777472876,0.47438774043782184,-0.04742654245958463,0.0207671552944668,-0.30009640157105033,0.06800781309273739,0.29999999999999993,0.03373510052384178,-0.0003504341659171135,8.096112836839497e-05,0.7303461839160487,0.024909779713471848,0.003953949686222569,0.016404587259723373,0.034390652100432774,0.017561646089464082
AC4_OL48_021720_256s_25x25_CO2_c,1.1680349851329603,0.002586938238554444,1.298852,0.14290722456264188,-,0.2844289313274749,0.0031420415385686367,0.2463754,0.30332791130497627,0.057254627746855566,0.003764447168901796,1520.258023234325,2.8561313059910045,32.48343648009297,2.696455615636092,0.3548145,0.2940515695005498,0.05684337147139105,0.0041874426047498895,1429.0968025246548,3.151403169374504,35.90050741697357,2.5679795017989955,0.3657451,0.3170467602876049,0.007892577130937868,0.00023441025286106865,0.009371294320251465,0.0003196382292493824,6.0602707478885,-,7.050932789035623,-,0.678309584361371,0.050050728030551876,-2.4544330375255816,0.5205898624076113,-0.02808770777709768,0.020825865260783647,-0.27913310959079646,0.07313859511179538,0.29999999999999993,0.03758030704248988,-0.00032011346813457756,8.875009627965946e-05,0.7191693804702927,0.02718149637501301,0.0002489605162438224,0.016534129886474024,0.03537157941188471,0.017920657464271697
AC4_OL48_021720_256s_25x25_H2O_a,1.2419596399816806,0.003176900480869789,1.381347,0.13093798997825506,-,0.2940787452652075,0.003117454477719694,0.2271715,0.2863563781936872,0.049859777134419254,0.0038105626497278882,1520.8455017447695,2.945831930924887,31.87638012731041,2.8083742642964404,0.3348407,0.28618641068365713,0.0497205790852131,0.004418498293637219,1426.5933772200046,3.1786127768062657,35.55494553566294,2.6947351563147284,0.3518398,0.30706870357465627,0.009634504880559185,0.00022437734850772208,0.009278174320967057,0.00028787837055160214,6.439988766263123,-,6.966119752296048,-,0.7030387732590963,0.06867234623100667,-1.4722469127134343,0.7098686971561821,0.05538582383427623,0.021410513572967554,-0.253440111040159,0.0928796983270371,0.14105350336259484,0.059173122073334035,-0.0001575805977559453,0.00012059942322576992,0.6300795381088096,0.036286303390342806,0.01287966705118682,0.01673886073279881,0.05185614780957274,0.01726450059449873
AC4_OL48_021720_256s_25x25_H2O_b,1.245183533811393,0.002835130103044449,1.368808,0.13117375020270805,-,0.29526717336061686,0.0031011067319507727,0.2268224,0.2851689151146345,0.05179395282619759,0.0038063201259733374,1520.3309580058096,2.915579323079463,32.03485339701242,2.7475480881048755,0.3350431,0.28406630550611817,0.05114638820231252,0.004357745326721983,1426.5147715096127,3.156051776766807,35.441127011657635,2.696509982469757,0.3522083,0.3062235546625354,0.009103605055097512,0.0004981232656350903,0.009737681626472084,7.820193751852088e-05,6.973456079522744,-,6.590530866738406,-,0.6414551337979771,0.060785480698135316,-2.051928198485126,0.6262075502054367,0.01913984771823198,0.021197689913632103,-0.2917136972709611,0.08296067423924737,0.19845690259196194,0.05311523619953441,-0.00027193866869395253,0.00010657293593740376,0.6599336527032992,0.032055833647073546,0.007366509300602285,0.016696472817896067,0.057323095740818474,0.017279247711999856
AC4_OL48_021720_256s_25x25_H2O_c,1.2444088369880626,0.0027967841772248295,1.369552,0.13106229169667538,-,0.2946099542062385,0.003151729884154464,0.2269292,0.2848869085004139,0.05111913283042971,0.0037914815483920204,1520.5519319029527,2.9049739838983566,31.96598724770952,2.7602624927708743,0.3351188,0.2847551820233085,0.05014621991100103,0.00434784075266835,1426.9099091102155,3.1228060260858173,34.905776885262284,2.7990784720086848,0.3527965,0.3071714492985996,0.00932641613235113,0.000585375718240746,0.0103264372100125,0.0002960215423704236,7.437503800123498,-,6.943553750875222,-,0.6427041067659035,0.05971954503919587,-2.0988201337824104,0.6158585718396538,0.018110664994049553,0.021226433069355014,-0.3053583719394776,0.08184675021723437,0.19125531694548614,0.05254627937257166,-0.0002766440998171327,0.00010474823335755414,0.6637621989849224,0.031526448185599715,0.006515402016392153,0.016960076705451358,0.05452420992966304,0.017446673609509456
AC4_OL49_021920_30x30_CO2_a,1.7323320788008194,0.005826296139884259,2.181055,0.44595654842998794,*,0.4647543842687085,0.0030727056815282863,0.6175594,0.8186610878366962,0.02500220524996059,0.003000165310310719,1534.9999999999998,1.5085026629910188,28.762304467748066,2.8133734282187843,0.8376044,0.8175218271671474,0.03642165031348688,0.0034469828397600995,1417.0002991233223,1.5767825224006975,24.946786941538353,1.73052755452241,0.9183211,0.8849231801803885,0.023102580622326035,0.0017579137534160674,0.01022499123421249,3.800821664333482e-05,6.268239021047922,-,6.474868882967173,-,1.4772425856707712,0.023490134181775146,1.3633903001997634,0.21983883478910626,1.0458911162280755,0.01906383243194304,0.5999999999999999,0.022060666165364052,0.063096616009057,0.027695586926355754,-2.0481091643228965e-05,3.842839401000204e-05,1.2478860435293582,0.010746152514085524,0.24047870510538882,0.015291389298142341,-0.2132374070444367,0.013120187885973019
AC4_OL49_021920_30x30_CO2_b,1.7663934031691868,0.006442374342152272,2.162906,0.4391061043636548,*,0.4796155328623344,0.003041996221011026,0.6097062,0.8054543473725995,0.036190195148695196,0.0030896485167883556,1534.9999999999998,1.7392769589999157,34.00483484651536,2.792049172271214,0.8303283,0.7986464455770224,0.04596321069219685,0.003601567785601826,1418.5740237668692,1.6413352606110443,25.789914887311618,1.8212221496044134,0.9081625,0.8665008442028002,0.025471435319678434,0.0014087058021681471,0.011728743468716283,0.00013699001373076384,8.4866373159054,-,6.880427756081958,-,1.4971174828363878,0.02477555978999356,1.0501159209429756,0.2347112791045063,0.9115066351337113,0.019026933726801934,0.5999999999999999,0.023353367660458743,0.14085730527081153,0.030864708478666215,-5.512531643975279e-05,4.068629893409599e-05,1.2649469985456798,0.011390653785026851,0.23418147139370324,0.01531073731285207,-0.2092546720405138,0.015390005595290353
AC4_OL49_021920_30x30_CO2_c,1.8886189428552018,0.00588045078600247,2.314643,0.4321864079966751,*,0.5308047310134081,0.0030274638382133353,0.5953794,0.7858265412470972,0.05500286835855149,0.003356376922230995,1532.1689839608134,2.6327387402967246,37.79768277512756,2.5224308343477455,0.8363282,0.7841421402284565,0.058438606045809735,0.00385307471540215,1421.792599905171,1.6247312360657225,28.33434357303302,1.9294614000921275,0.9047432,0.8536936311395267,0.024951646202244975,0.0010710238522003929,0.010968119921841114,3.8119358923978326e-05,6.943733753344218,-,5.04403381794917,-,1.6562065317964405,0.036179243153330404,1.5926928872706612,0.36300154843806115,0.8995397032930142,0.019665873369983773,0.5999999999999999,0.04343350656779553,0.012136352331638636,0.03957533415521857,0.0001235761353619584,6.191689108544426e-05,1.2415644651440698,0.018149363263215486,0.1791072171828914,0.01642340672920349,-0.14970024426896958,0.022525647058833732
AC4_OL49_021920_30x30_H2O_a,2.1722495031440947,0.0022091661809086846,2.649837,0.459865114191701,*,0.6583491883627037,0.0030759249631814515,0.5856417,0.7688596163698043,0.10686432643492837,0.0035555642315165032,1517.4742732525278,1.5527400302057761,35.611041065898284,1.9522299138654924,0.8714098,0.7609296728007895,0.10942913579903668,0.004054045830602878,1427.9922184766895,1.4234819191999228,28.853320128945466,1.228692212525347,0.8875755,0.7956430681722388,0.024909517887738875,0.0008011494845031515,0.014569658580663017,6.383368544350912e-05,12.1959313061391,-,8.157329839569867,-,1.104047047572363,0.03733398715173326,-1.0504931304743332,0.3971107098097569,0.9376266053347568,0.019815926575783738,-0.09340632788843917,0.05966838830807023,0.29999999999999993,0.023730204266892676,-0.0003100921792748517,6.720805247874737e-05,1.2338252846893636,0.021131412620314288,0.11213209670443512,0.01624398913626379,0.044745944801884506,0.020092776483155893
AC4_OL49_021920_30x30_H2O_b,2.133879890224699,0.002153008704806804,2.593884,0.4548890647230422,*,0.655962587475183,0.003068990107833736,0.5820554,0.7610260184741875,0.10979276193852766,0.003570801448452371,1517.8688492100214,1.5606420822796325,36.12918062701607,1.9042244594508826,0.8647217,0.7524443301957524,0.11216925648604498,0.004022916797378128,1428.0282237318024,1.4132656727593356,29.09947868982969,1.2060376132721764,0.8855692,0.7898482838559641,0.02403484214753651,0.0006059284671434021,0.012552199579311358,2.3373304992672097e-05,14.999506817854993,-,8.373436633409334,-,1.1334128698028882,0.03540731927787583,-0.9374999037677174,0.37721172584779306,0.8781208308325039,0.01998703838619987,-0.03949153210127006,0.05777552236767079,0.29999999999999993,0.021088630974619074,-0.00029507252105215553,6.388740696289849e-05,1.2295533698336527,0.020194123490286636,0.0917621737466884,0.016007894879124285,0.05409795626389903,0.0204028468661136
AC4_OL49_021920_30x30_H2O_c,2.163829639388554,0.002194171369594625,2.618767,0.4528370422313524,*,0.6592400322151497,0.0030968070782832137,0.5780433,0.7567029743235992,0.11029036833583437,0.0035688635631711753,1517.5249306517853,1.479113086327549,35.26769024179968,1.8982362981898202,0.8637366,0.7508478244923587,0.11019695519976068,0.004007449939606928,1428.4408930059258,1.4115312335190486,28.72243932118891,1.1864930366388322,0.8822176,0.7905865647135135,0.025268620421410103,0.0001556601766553017,0.01441852925096472,0.0003446613802769791,10.288724558126589,-,6.596751398285829,-,1.118774684461197,0.03269330671401006,-1.3083538326639674,0.3534146325573075,0.8395096294865539,0.01974729586066546,-0.08362137999507284,0.05600559350253475,0.29999999999999993,0.017289413533300033,-0.00035620986634201626,5.959620171565147e-05,1.2531876170290572,0.019114932994763453,0.08227512475273757,0.01613947564127613,0.06257544490899426,0.019881735910489803
AC4_OL50_021920_20x20_a,1.2970600723171284,0.0004696722898040942,1.411019,0.13273320152552526,-,0.2748459486573287,0.0031756903554280677,0.3140903,0.4065526236244913,0.030473425761150096,0.003588683987530657,1520.589157910689,4.616649996459131,32.585537814995405,3.2873881472241346,0.4390825,0.4117928963940766,0.026208250235999285,0.0037830755724445166,1429.3124200794466,4.607955298534576,29.634686884511822,3.5490676959716385,0.4663616,0.4443853732490581,0.009572817651198521,0.0004445308472540836,0.009006151469379756,0.00026185197588084956,6.163820819268461,-,6.235900542357952,-,0.9661911805607021,0.07278472729967504,-0.36437657107226923,0.7510258465558908,0.09104285598954771,0.0212562656087497,-0.08451489556973955,0.09816878420134018,0.10247545445362928,0.05926928698732808,-9.654917584713877e-05,0.00012774725580122416,0.7723621576356254,0.03838779956453689,0.03302935817073134,0.017024175176366414,-0.028727718420584646,0.01679498788495825
AC4_OL50_021920_20x20_b,1.292564059170168,0.0004729413316014937,1.424002,0.13195895543616942,-,0.2720828290552386,0.0031451196283645436,0.310273,0.4044861302924639,0.029878037784524712,0.003562801985085392,1522.1496221101584,4.638553516361678,32.49237429503059,3.2793803037716,0.4392887,0.4092385495586561,0.02523831012821645,0.0037630081846535884,1430.2546713843149,4.631925629986571,29.93514197968369,3.609663522394296,0.4589443,0.4402744142396793,0.009222196564962998,0.0006614164963574495,0.008793717546285445,0.00016524141544616832,5.5013763355623695,-,5.005486272865693,-,0.9293829618569177,0.07399190275507209,-0.5715825725603287,0.7652081058753054,0.10288895562953362,0.021326262269056137,-0.12119944414077354,0.1003823816321966,0.12091239533293735,0.0601867161977743,-0.0001300573542132425,0.00013003900658339516,0.7737087593473915,0.03913701285275647,0.02732122500921799,0.0169311623248231,-0.03895140606465079,0.017028052286692647
AC4_OL50_021920_256s_20x20_c,1.2947588245467219,0.00040570825950324,1.404138,0.1317693380240732,-,0.27369408548098856,0.003144232594284273,0.3120096,0.4033795809197494,0.03273555782568133,0.0035525043306415417,1520.0142900817248,4.296899396964541,32.191821330079755,3.271223420107568,0.436094,0.405324825139498,0.02881789107219593,0.0038125103559542694,1429.7266654848293,4.248503621612828,29.954463928732604,3.428000402204488,0.4598432,0.43730202278384445,0.009586736159275031,0.00038811961680602187,0.00952504827152477,0.00033740576616020937,4.514065130436796,-,7.3597953171856245,-,0.8683456912563157,0.06793152506342978,-1.0434505167737056,0.7042749305004655,0.06244236915644321,0.020798302369485523,-0.12957591458641335,0.09308119978306544,0.19206299920354203,0.05432303000717614,-0.00023369099282578222,0.00011964787539367858,0.7956490744084125,0.03612062159881926,0.03166545101318316,0.016761815105017227,-0.028167842377393056,0.016730693178322043
AC4_OL51_021920_15x20_a,1.386721901462294,0.004113854717881708,1.739446,0.32271604624867317,-,0.36122218270248413,0.0031086056898145115,0.4092397,0.5431404396521616,0.007156073281537269,0.0034283643837911865,1533.3416066491106,6.994212456875536,26.22412943968078,3.633130248667828,0.5764404,0.5692907253064754,0.02180967201926599,0.0036455572749226903,1415.0000000000002,1.2274422067615833,28.485738268461994,3.3260168891396216,0.6239362,0.6000649571000057,0.013227355494728503,0.0003938797531872304,0.010214042318811054,0.0003524121339988797,5.756729849476476,-,4.148223870521749,-,1.1456309857757374,0.06898012825190541,1.5401563079319813,0.7128146386389832,0.29700294316864584,0.020253178851368965,-0.12630568573305317,0.09125606190211974,-0.13375082792393558,0.05764579211569571,0.00010779910297121066,0.00012103330147262696,0.8290915752694715,0.03632202248245085,0.12764646394231452,0.01628735569088184,-0.04607225328473217,0.012736592425937788
AC4_OL51_021920_15x20_b,1.3667250363902042,0.004289360249265641,1.697818,0.327153860316019,-,0.3592363482502088,0.0030481210263227183,0.4182313,0.5497094574211308,0.008123185360698768,0.0035908781371446737,1534.639473922872,6.612659146377641,27.102591015774717,3.482799104480292,0.5835133,0.5722774083197857,0.022980033804664915,0.0037657642997700916,1415.0000000000002,1.1000898552417113,30.605687296284344,3.564884931818711,0.6225334,0.6011176935961411,0.01848252487189809,0.001744556763244899,0.008489560293558532,0.0010561152956444725,5.143705600563995,-,4.375859616358855,-,1.20623256854886,0.055200530467202163,2.4147879296356893,0.5677268873028586,0.27913882843968746,0.020257816605766355,-0.008917546771038424,0.07411806441942172,-0.15339390864000757,0.04802910357816892,0.00024772180016270027,9.654533599840329e-05,0.7835505167334629,0.028970135139945764,0.12377096999045129,0.016154361249949366,-0.04859429291778895,0.012963295586461204
AC4_OL51_021920_15x20_c,1.374551551574271,0.004164381876142596,1.70556,0.3268936238051091,-,0.3597004703036019,0.003117738069724118,0.4200684,0.5491265073451117,0.006171474689886413,0.003346604967618518,1534.4322822002007,7.683614493690697,27.61050085707242,3.7124647104275885,0.584757,0.5734749270630092,0.02057463181642903,0.0037086674053850937,1415.0000000000002,1.2924522373602854,29.501636706074354,3.4990907127465687,0.624589,0.6046162660205001,0.013975571212252414,4.286666183285421e-05,0.0092907253700298,0.00025476984529208477,3.889557377550853,*,6.246333716374026,-,1.046724409358985,0.07242008252995288,0.8067070139347582,0.7500835284473465,0.2388505924131376,0.020415581784263715,-0.18153118548033617,0.09623058207467693,-0.045982144629488325,0.06018919525492305,-4.8281136993236126e-05,0.00012724087261598797,0.8685545233842125,0.038237082956658223,0.11901036575542433,0.01632806960241606,-0.050418340241384946,0.012782820022728889
AC4_OL53_101220_256s_30x30_a,1.5233429307095674,0.003308868169203624,1.631044,0.135541426535887,-,0.2996750694621314,0.003121862118143521,0.2301228,0.318100891649369,0.053059942737517025,0.003764454406619926,1519.2334635980997,2.79931094757768,32.41430454610359,2.761181065517467,0.3780553,0.3214251247495083,0.05024321874864504,0.004358587375555693,1427.2586533536492,3.0919678553374115,34.35120906407809,2.8159124966376523,0.3808897,0.3383681079242233,0.008959072017207241,0.00044513190689232624,0.012517573136164327,0.0003203147389068617,6.904155497543289,-,5.527653037742058,-,0.5117352364538569,0.0453630801099386,-2.96327877101456,0.4654557008250533,0.275707715124935,0.020497114735840188,-0.506637045503263,0.06379128373434194,0.22624898570592583,0.043178129886483986,-0.00044487322208349437,7.925778697082462e-05,0.7212553048556147,0.023918739240146404,-0.052546461401682065,0.01633534196569507,0.0467980624428931,0.01753898033788496
AC4_OL53_101220_256s_30x30_b,1.5200808271253858,0.003161432236074264,1.651256,0.1365498848682876,-,0.2987089690763056,0.0031206953865364254,0.2302475,0.3188268865508245,0.05279895685203421,0.003744807666020478,1519.0706577947803,2.7870887048457127,32.3564053251214,2.76232886868606,0.3782694,0.3224144120599926,0.049929924727959145,0.004323753590475037,1426.9478207509421,3.100643420772808,34.19329110175598,2.792063942190728,0.3817233,0.33874291363386483,0.009171657111752928,0.0005708056399068296,0.01305467203830824,0.000413253440490113,6.711914871270234,-,5.872115548516714,-,0.5304673986354695,0.04711582151307502,-2.8000129820316553,0.4835344811505283,0.290074956025153,0.020584402545484444,-0.5004549518294878,0.06588580374818712,0.20923673795861494,0.04446563613399728,-0.00041032620618528394,8.222963869477964e-05,0.7130832432969336,0.024779950456492904,-0.05295298846298927,0.016572477800650128,0.04544662640368267,0.017818254265092683
AC4_OL53_101220_256s_30x30_c,1.5153459969122933,0.0029084192896403475,1.646292,0.13683718078233126,-,0.30078234045259955,0.003128932527853412,0.2303857,0.31707311018530926,0.05464381134978102,0.0036555416420741525,1519.0617213587864,2.7665924145652334,32.40289005005053,2.7709843124648406,0.3783447,0.3206358011216288,0.05038324413227092,0.0042312562284922564,1427.5612197340106,3.1354979692901757,33.75045631938073,2.817178380064804,0.3813771,0.3389585184472509,0.008186147968375794,0.0005752238133392623,0.012588949014121671,0.00024668153285518717,6.121114181024022,-,5.918340760088996,-,0.5070467830824346,0.037167001253710905,-2.9999999999999996,0.3780717844158288,0.24295140219962197,0.02023167284002833,-0.49211914078790914,0.052803363717460604,0.23201186443715618,0.03811572023120298,-0.00046156934258130496,6.443476345222601e-05,0.7248328929176149,0.019396116325856638,-0.06041045468096585,0.016355984585884425,0.05178073365586291,0.017520266846543165
AC4_RH1_OL2_022120_256s_30x30_a,1.8276148122252114,0.0018890665510899781,2.129794,0.2779087401777599,*,0.45542717451903175,0.003158196261741943,0.3363958,0.43882279037455724,0.05944723291241813,0.003716811595677785,1522.889437373917,2.2924213006784475,30.815987316327778,2.498684920549371,0.5105186,0.4512921877150594,0.05389781499095791,0.0043936862573106545,1427.6798452623157,2.851931614364205,35.89723895946431,2.5348512651038333,0.5384098,0.49235881310840496,0.00874707758689751,9.271484292962013e-05,0.016314912598579135,0.000710038350779597,5.166609890060855,-,14.668690147850768,-,1.0893424361004571,0.05249605145821147,-2.4601938536064716,0.540365495955242,0.26915332015904053,0.020701264896895735,-0.390181991759171,0.07237122949599441,0.058047403483586085,0.04804514155267832,-0.0002523302766782322,9.185764139569271e-05,0.9883689915142624,0.027662651242450542,0.018058946459941105,0.016774946935007303,0.060404833330753076,0.018095065792009125
AC4_RH1_OL2_022120_256s_30x30_b,1.8124105007110904,0.0023513729400781182,2.057393,0.2766171689892694,*,0.45298998521654116,0.0031585690179007386,0.3355078,0.4379893544433069,0.058217596402100356,0.0037679298638233086,1523.2925533952164,2.35084911043157,31.151473356168736,2.5841647060629467,0.5084907,0.4495340307780611,0.054677825371757034,0.004483805343927745,1427.180670303391,2.871103270227774,36.559736926759236,2.397613729298729,0.5371757,0.48964606509296577,0.008001107730692273,4.034815343877787e-05,0.014457457189009345,0.0002791482691261054,5.4576352690417,-,13.750919649810676,-,1.1379588447820335,0.06324453716420482,-1.9279798220547073,0.6523858703291454,0.2937178424640593,0.020927321418016467,-0.32979112249911263,0.08605329746879106,0.022911631593331483,0.05590728357643322,-0.0001526685226659676,0.00011082868299144517,0.9572369504868724,0.03331962988153172,0.02520127096729878,0.01689529748468544,0.05774184955614252,0.018681429078393236
AC4_RH1_OL2_022120_256s_30x30_c,1.825020807355599,0.002237515391144781,2.129923,0.2757107685759964,*,0.45320582340701615,0.0031765667710567922,0.334725,0.4371656978278182,0.058369262161810334,0.003842731447974454,1523.1583115917629,2.450534614737973,31.65186646871743,2.6620877008631036,0.5084066,0.44860539153442475,0.05454475188023227,0.0044533553968018995,1426.8755204572287,2.9967511258495136,36.865137564774614,2.3628409895118323,0.5361718,0.4883180110032663,0.008855008774221922,0.00010934537869606393,0.01482878412273037,0.00035429513553347997,3.454558335473005,*,16.584330658146985,-,1.1757613041241388,0.06772768102619407,-1.5935188208654816,0.7005417033811142,0.3034135205333977,0.021147769880320015,-0.2969251609816086,0.09186555819236078,-0.00404351339476853,0.05906462871605231,-8.721157127603685e-05,0.00011891250028368398,0.9395943394247829,0.03578459944594117,0.024713243138327373,0.017081016650217152,0.05591487334347074,0.018649541227740585
AC4_RH1_OL3_MI1_022120_256s_20x25_a,1.1027965699100664,0.0009105091623934523,1.338539,0.2394017784407301,-,0.20971219460456292,0.0031815582476827507,0.2364984,0.29437367355636335,0.09786070275271881,0.003904315778884044,1520.3541502457695,1.6164205448984128,32.42942433512121,1.9439341112381052,0.4038491,0.3039637547199492,0.094290293863414,0.00465812832745483,1425.7274560858352,1.8228225584636828,34.825382690149866,2.0107213034339093,0.4018735,0.3177867016875209,0.008968647367960195,0.0006711423109068769,0.006967762437716967,0.0007236092078356574,3.981577787114142,*,8.14776018379356,-,0.6515880327160715,0.07270814731232844,0.6943467060300412,0.7512414144949294,0.1662840844740278,0.021944363362441408,-0.08517980750106129,0.0987493026629689,-0.09474738123588591,0.06280927436148176,0.00015616263959640375,0.0001276534361094893,0.4492851974832672,0.03839835253387984,-0.05124032662445166,0.017521285646636384,0.08311084360447463,0.020053579479597357
AC4_RH1_OL3_MI1_022120_256s_20x25_b,1.1107114218623517,0.000867473287476374,1.339486,0.240800926974561,-,0.2097184885816241,0.003131393758414763,0.2374741,0.29519858430529244,0.09674388082506111,0.0038528014001895042,1520.9345906722822,1.635899082733992,32.21929498260301,2.02026897345346,0.4039225,0.30529120431550427,0.09336512503254432,0.004647071204121051,1426.062850424727,1.9036359778776009,35.234901032311576,2.027284141729754,0.4022302,0.31881314300915525,0.010591549307206452,0.0006635020338278896,0.007058735203705528,0.0002808879761008063,3.752459025455629,*,4.136939123638943,-,0.6848779283698616,0.07065391773269605,1.019933365781627,0.730773778201196,0.17806226786026924,0.02182804551758617,-0.05659070035963297,0.09570510975415504,-0.1251435728310403,0.061464025251904766,0.000216694958228326,0.00012411629723287274,0.43324199026317983,0.037348979811224405,-0.04840087643071055,0.01715261018917667,0.080585368357747,0.01997950614910943
AC4_RH1_OL3_MI1_022120_256s_20x25_c,1.1086035902653473,0.0009395912952401098,1.342629,0.24002675387672195,-,0.20879281468158342,0.00318832081906287,0.236548,0.29626763965068936,0.09564041816006327,0.003923240938140872,1520.7457636752397,1.6411372218220948,32.493708888153755,2.0308522191501233,0.4045845,0.30642361916051275,0.0933098259390926,0.004708947892993691,1425.7056179739125,1.8694947515080396,35.10454738652324,2.039706355785444,0.402273,0.3187605555713098,0.007785146238680524,0.00016702392385485156,0.007386963257695515,0.00017338759155017012,4.355015090319909,-,3.577486232851706,*,0.7225631925645396,0.06853400188179541,1.397219348495057,0.7084175028920086,0.21387558186157796,0.021696464120116825,-0.03034124809346434,0.09338857191770329,-0.15837875123875186,0.05982886353381358,0.0002915505100909426,0.00012043253735153233,0.4127199856062531,0.03626324810038635,-0.04055636675469662,0.017219902256842723,0.07595120322184676,0.02040620680046035
AC4_RH1_OL3_MI2_022120_256s_20x20_a,0.9621901169770349,5.245587035129863e-05,1.342999,0.3904129619302198,-,0.21354639039076803,0.0032046962078388567,0.3087849,0.3608330402520158,0.07700577081494464,0.003777516693918167,1521.6996126399763,1.6633445033868572,28.164746651527892,2.076730376868821,0.4385472,0.36101146587948374,0.07136461649955389,0.004203011042167245,1430.4693255452605,2.2322023793628363,35.52059379573139,2.1854753320654,0.4272803,0.3668829584134995,0.007511669029783313,0.0004008489366735201,0.008981062230149226,0.0001625386237965924,2.569741624542314,*,3.1182443720285673,*,0.46165266714813735,0.07169504921694843,-0.8068370568215244,0.7399581218962072,0.025529746131160134,0.021605071511852068,-0.290905226128971,0.09669467545318286,0.1421679575138657,0.060394082582770695,-0.00012286633887827333,0.00012570596269603583,0.5752422407913936,0.03777461890681697,-0.056699810691046945,0.01707699628285888,0.06579213923616725,0.017449514404787616
AC4_RH1_OL3_MI2_022120_256s_20x20_b,0.9663348229779256,5.217396455961558e-05,1.347632,0.3913349276897324,-,0.21194407273920168,0.0031909429227814506,0.3087107,0.36260066423937154,0.07500576405993284,0.0038402197034169416,1521.406678961553,1.7270301083345656,28.299366663624113,2.1448929835128085,0.4385364,0.3628079487515842,0.07099537120251113,0.004360349256597158,1429.4298506114426,2.280889303954371,35.88549471241242,2.159265095173552,0.4288554,0.36691208330167435,0.006846976188131486,0.001305341437170398,0.007461976229214085,0.0005900148117804602,1.7273411732706603,*,4.3375701136541585,-,0.5194674639337505,0.07248293269705332,-0.1908660786150091,0.750179675996314,0.06710153488897584,0.021333406862372683,-0.24414553530513006,0.09834039643441125,0.09265740557011076,0.06118244253339844,-6.06670591802218e-06,0.00012748785269451883,0.541762211408889,0.03839028634125084,-0.049685129154363857,0.01689042033949265,0.06096241550435875,0.017492654940693957
AC4_RH1_OL3_MI2_022120_256s_20x20_c,0.9571103144123029,5.31013500626062e-05,1.339765,0.39104394476214877,-,0.21173742999812015,0.0032183129646772236,0.3094916,0.36381050001189963,0.07411852139211009,0.0037648625095952322,1521.9662439680917,1.7036153076072424,28.206773636688705,2.1648567930536733,0.4391292,0.36413945483907817,0.06990594342628942,0.004320855983639874,1429.552842056171,2.2966059709223567,35.719512236987,2.182693715682342,0.4265789,0.3672208305236208,0.006510882826734135,0.001194213735233527,0.007218637519671871,0.0006375221005450188,2.2694588525910095,*,2.8454095514376214,*,0.5668316320693854,0.07295348598132018,0.2771654295175491,0.754167272321442,0.09327541050918378,0.021677385764512575,-0.20564317816288943,0.09885506349019668,0.0524533335083284,0.06196038611351495,8.497884059381203e-05,0.00012810852392343734,0.517275757451103,0.038529521167364945,-0.04242224632014252,0.017138254633558794,0.05254847342248412,0.01776626147711999
AC4_RH3_OL1BIG_022120_256s_20x25_a,1.4755865181729806,0.002052082272050965,1.581435,0.13437396403171564,-,0.34884938282031175,0.0031851974825737595,0.2446653,0.3461005364540573,0.058105866217305374,0.0038388275852305844,1520.365218982695,2.4852049501624323,31.60179312066375,2.6144381663655945,0.4247643,0.3653606207497889,0.058261032118143666,0.004294508516628653,1427.4585692018254,2.5251935978538826,33.19892903345099,2.584514286963013,0.4488426,0.3966361826559642,0.01596040502848823,0.001159403343292804,0.01193138959655088,0.0013523439258418882,17.273105422273847,-,5.864630455045757,-,0.9326712630985234,0.07311265447486369,-0.6787990488957883,0.7564100241035396,0.23058804633296853,0.021359969239983383,-0.27830012689868466,0.0993749260574058,-0.030015135274704376,0.06119478828703133,-0.00011865219971607442,0.00012852896362415905,0.7215574043443161,0.038702481612985284,0.029593844314074805,0.017041795317928685,0.054460938219674265,0.01809304257528766
AC4_RH3_OL1BIG_022120_256s_20x25_b,1.4681953210416845,0.0012938365009245065,1.594408,0.1354319928964183,-,0.3501722209357123,0.0031805470146700717,0.2454442,0.3457658340379054,0.06045717728162121,0.0037791422034180355,1520.5806680097048,2.4428033377799885,31.972859248708694,2.614225139735212,0.4270983,0.3639374364952137,0.06034513182785704,0.004287743848405758,1427.3128972376755,2.537529172476904,33.68407521203524,2.5112403824893192,0.4493978,0.39575148621388956,0.01599532845638987,0.0003840197853671881,0.011162591360831711,0.0008914773672259093,8.934621977347211,-,5.385631518010353,-,0.9100775404918904,0.07210663522115951,-0.9021141698038617,0.7462134668979233,0.20313510368500975,0.02145566159217915,-0.28628864910343066,0.09791483695666643,0.0013502819777690151,0.060581764655646506,-0.00016492068423095007,0.00012682922282781793,0.7339769371182743,0.038192338980706585,0.026067026186526565,0.017045328930868943,0.05447321754140044,0.018309031271963427
AC4_RH3_OL1BIG_022120_256s_20x25_c,1.4796093291435473,0.002371237798676923,1.593571,0.1317949750620557,-,0.3476071321722738,0.0032035945355538505,0.2454831,0.34882964697286856,0.05678720015682562,0.0038296313159422724,1520.9178437718854,2.5605633069987803,31.598296235538577,2.716143079685947,0.4269376,0.3686496556620369,0.05729706969160764,0.004311925996611514,1427.618527043182,2.6372724274337846,33.69142439353423,2.5990357946408684,0.4509811,0.3991406815585205,0.017147577341681777,0.0010391445242509739,0.011076067129010774,0.0008594636125268102,11.005645911535426,-,5.555683400789312,-,0.9595575927261223,0.07322749335175643,-0.38386918206815535,0.7558279573627559,0.2505920870407624,0.021489073957578358,-0.2623076419639345,0.09892766928771281,-0.051195647310583334,0.06168498716002266,-7.283437720377111e-05,0.00012855696325503422,0.7088226079719088,0.0386394680641153,0.031690960051855364,0.01704814975919956,0.04835223610211567,0.01828265334422179
AC4_RH3_OL1SMALL_022120_256s_20x25_a,1.4072231836442108,0.002313604279052599,1.530789,0.14157154008190762,-,0.34088582845696885,0.0031833869713987738,0.2484664,0.3360067144306024,0.05239855030614383,0.0038146215252600167,1520.7447240883012,2.6744177325824543,31.552337833636585,2.8298509811954,0.4103232,0.35643534017596756,0.05622292533340111,0.004298848408816488,1426.5920577256263,2.5142399605081134,32.99524200033767,2.575039283972752,0.4419999,0.39026635989122177,0.005726892410292779,2.7222819440735198e-05,0.014189344045941495,0.0005474811112743498,2.404644994333152,*,9.870635848292869,-,0.8842109430156869,0.06879298630932251,-1.2141920312234435,0.7109115271440569,0.31479271557762495,0.02135104387690082,-0.2854474099807569,0.09350279009086471,-0.09370935339764014,0.05850150294673934,-0.0001118925558727577,0.0001207977232468257,0.7254675377523246,0.03635873746606006,0.028281646283398,0.016846045834830677,0.0403896404591519,0.01787515092157264
AC4_RH3_OL1SMALL_022120_256s_20x25_b,1.4143873790248078,0.0014931345843926054,1.549586,0.14143443723719512,-,0.3437919579425294,0.0031694228468540316,0.2481489,0.3339061032196768,0.058346509179369205,0.00377199697444588,1520.9668576373278,2.4517552087422545,31.371455173387325,2.598235021010695,0.4108998,0.35115278331761884,0.06096168665831787,0.0042779539441187625,1427.2417401518435,2.4487305769173275,33.71754416471374,2.499651750190022,0.4411138,0.38691551065180013,0.005807361509500862,3.2143400806546976e-05,0.014378090127237654,0.0008328734537746382,3.064223507480486,*,8.654298718872033,-,0.8274404194272007,0.06570106344519822,-1.6965502274633733,0.6778860788431114,0.2631385591018982,0.021164862029705817,-0.2774322454087447,0.08933167700111821,-0.018422967785435573,0.05677805452302866,-0.00021950764167223802,0.00011523509896412253,0.7497725741389494,0.03465739010385917,0.02279357858182486,0.01683346649303583,0.051594712020932375,0.018311339554755047
AC4_RH3_OL1SMALL_022120_256s_20x25_c,1.4223256355232223,0.0017094334911877981,1.551272,0.14048553020373813,-,0.34318316694067424,0.0031410688453507203,0.2481518,0.33379120688966785,0.057696451246356716,0.003800347612055585,1521.265324101974,2.473782330227082,31.44719786598234,2.6966835340410236,0.4120187,0.35112430376804754,0.06040484633873369,0.0042247923323829265,1427.5365821425316,2.462734984245721,33.674966542443535,2.5165750282848443,0.4390406,0.3865987869365686,0.0068921258667265705,0.00010392712357280135,0.01483895498123478,0.0006387126662484154,6.36945070111465,-,19.03769861196567,-,0.8475929544751111,0.06970437378690661,-1.4579113724030048,0.7189005775260601,0.27228671381481157,0.02162684636917202,-0.2530007988076002,0.09453589615919887,-0.03675322300717469,0.05918962586315885,-0.00017812418953071086,0.00012224754075619394,0.7362722846053518,0.03674513860096076,0.021621372400819325,0.017294643926943267,0.05283789242146455,0.018524485929833964
AC4_RH3_OL2_022120_256s_30x30_a,1.6307462368097256,2.7225259076311654e-05,1.894787,0.28950210149158184,-,0.3600888506131398,0.0031033622446539973,0.326837,0.37707028223422434,0.061836713034446544,0.003762530523518594,1519.1890260631162,2.252739076095908,32.38351681404045,2.501282697747516,0.4324755,0.3693612686684785,0.05441206223825122,0.003931079657559294,1425.3491294069825,2.574043366012229,32.02962261883815,2.532071236135138,0.4423374,0.3941153384932285,0.010155272041415241,0.00024089825221056016,0.009635436465131488,0.0002929969305916654,5.42639301711568,-,8.29839419931183,-,0.6577095896042388,0.036130249988174476,-2.6004420684887553,0.37880020654688834,-0.1374621988658203,0.020451934989089104,-0.2832022868624969,0.058594841021224586,0.29999999999999993,0.022026120041180743,-0.00034760971400934793,6.482293508313501e-05,0.8019146586787075,0.0203418170407754,-0.00814516638693208,0.016364949113806333,0.04097218476089862,0.01792741910750129
AC4_RH3_OL2_022120_256s_30x30_b,1.6148339114358852,4.5562729691904714e-05,1.876268,0.28976751972422754,-,0.35849354471733014,0.00311792104325101,0.3274256,0.3790986874838944,0.06112741301432544,0.003788889642846845,1519.0885213160213,2.275284897852498,32.45271812169672,2.464234108410789,0.4329958,0.3701046547674457,0.05570692082655126,0.0040138286804677105,1424.4487248085707,2.5196921324722648,32.63911379726663,2.5710463272032453,0.4436632,0.3927513074373476,0.009735628331007124,0.0008237287566485388,0.009372606382424214,0.00012880506795160426,5.028298457435446,-,7.620262968935674,-,0.666068621094532,0.04258372414912513,-2.5261102648350153,0.44642130873647023,-0.09503237057359928,0.020374938508921612,-0.29397880977782087,0.0653365837374594,0.29999999999999993,0.029452584868291897,-0.00032098509547654445,7.613332129274597e-05,0.796049307491652,0.023628364613687444,0.0006503093216225639,0.016159033997434125,0.03571921517187385,0.01800509623289022
AC4_RH3_OL2_022120_256s_30x30_c,1.6320962953661369,2.4529309557707072e-05,1.892696,0.29034965313365574,-,0.3572965306201099,0.0031143960413212005,0.3278811,0.38099812218469864,0.059979691741383484,0.003787915955391353,1519.3081177073434,2.291248560649692,32.172039974996665,2.5565297504887976,0.4329615,0.37118524807422537,0.05602990255403095,0.004076912999693664,1424.397769623421,2.573070180768543,33.40084111347476,2.6019272443596186,0.4438657,0.3921670339080213,0.00957130247487682,0.0002303705178082705,0.010115593057411254,0.0006847936858091619,6.054325350488479,-,6.5206528489773135,-,0.6694302695370079,0.04609797054290279,-2.4685368473617664,0.48138211209191994,-0.06153866977874708,0.020631332492507627,-0.3036074826091903,0.06932446379350617,0.29999999999999993,0.033285825701692376,-0.0003032159929782414,8.208118009769053e-05,0.7912712995183675,0.025325642675452117,0.00807266970101412,0.01610724073821701,0.03433751965398847,0.017690229032498967
AC4_RH3_OL3_022120_256s_20x20_a,1.8784031785719615,0.00013351574016263397,1.976106,0.2174643207128973,-,0.5444748002349235,0.0031575675230373847,0.4392762,0.6095524416822806,0.16405521663838643,0.003849764231846164,1521.6633585217517,0.9124525241481563,33.12400809715371,1.3077019541931343,0.7929929,0.6286836925861348,0.16030908855588985,0.004235358694432394,1426.7007484520832,0.9716747961933525,32.032310769096995,1.1254933590084917,0.8069367,0.6659423294227385,0.019816362483239296,0.00022382375110725547,0.018213785987384084,0.0004953972452472104,5.790263807269592,-,10.86538780647544,-,1.1007717445597482,0.07138900876178782,-0.37249760002788895,0.7365753718123353,0.5674584629424857,0.02133310972558037,-0.24308669898319735,0.09690363245704835,0.0982695819734111,0.059583247306535574,-0.0002854931859328136,0.00012536563212101634,1.0456569926174257,0.03770083624950985,0.0009407549666414941,0.017533507891405273,0.03602756096735989,0.0223429207972113
AC4_RH3_OL3_022120_256s_20x20_b,1.8930782094714864,3.8545364242937635e-05,2.063625,0.22171570944125385,*,0.5483244764710352,0.0031594025320037062,0.4408272,0.6097698863411789,0.16646841961508738,0.00387333501340786,1520.7203446660742,0.9276426257376907,33.80789829224973,1.3483874790056032,0.7994764,0.6274397929223744,0.16069291704739924,0.004319644337261443,1426.5942704802485,1.0114644196064542,31.78087486106406,1.1215782384747952,0.8063589,0.6666468808633733,0.019075560317435417,0.0005014310757958795,0.018987679783461935,0.00048061327397394825,4.94845846734765,-,8.879604571912543,-,1.0372313268102267,0.0694628417448363,-0.9980050455464586,0.7197496019053052,0.5023332282964874,0.021294253036424994,-0.2739732796659019,0.09497679782172351,0.1706897237054373,0.05810820894928792,-0.0004165608341213879,0.00012235851860371432,1.082178565715064,0.036914609307517256,0.0025948427214329715,0.017324394909859275,0.03869290934390662,0.022429754702859916
AC4_RH3_OL3_022120_256s_20x20_c,1.9141837564686972,5.841598883333856e-05,2.07068,0.22252831165132006,*,0.5441512954422741,0.0031911421640807218,0.4414852,0.6114664114689409,0.1607782664914619,0.0038206670401700026,1522.0841940403875,0.9655965529710234,33.97661321266959,1.447131981322906,0.795725,0.631042656373008,0.1582499693511097,0.00434474327972751,1426.8765297279201,1.049282461517946,32.06695584703854,1.131164326983697,0.8074845,0.6686232601513454,0.02063210059076684,0.0007039606998515001,0.01703914014179876,0.00023081326399458088,9.199904377749357,-,5.90937389946587,-,1.0927741466915049,0.07241237846627187,-0.399463193191702,0.7477817545208338,0.551551185150966,0.02147612549494817,-0.2449974513582682,0.09793663804207971,0.10277858422871171,0.06148573650984931,-0.00029994540648189136,0.00012714689532040594,1.0492653098397795,0.038229975598546205,-0.0005784773276874996,0.01772057718091434,0.023227182376015457,0.023794431742524835
