,H2OT_MEAN,H2OT_STD,H2OT_3550_M,H2OT_3550_STD,H2OT_3550_SAT,H2Om_1635_BP,H2Om_1635_STD,CO2_MEAN,CO2_STD,CO2_1515_BP,CO2_1515_STD,CO2_1430_BP,CO2_1430_STD,H2Om_5200_M,H2Om_5200_STD,OH_4500_M,OH_4500_STD,PH_5200_S2N,PH_4500_S2N,ERR_5200,ERR_4500,H2O_EXP,H2O_EXP_STD,CO2_EXP,CO2_EXP_STD
21ALV1846-9_44x44_s1_EP_103um,1.387128309130337,0.10821611995565314,1.387128309130337,0.10821611995565314,-,0.3475360388992156,0.05832934847194016,2.014061973874103e-14,3.98207341804386,3.511267417678295e-14,5.741713609412866,5.168565300699111e-15,5.519090473461105,0.4386274594847897,0.10847788319680698,0.8372697994058672,0.21425409973669401,10.028390300413419,7.156581457035053,-,-,1.89,0.19,,
21ALV1846-9_44x44_s2_EP_103um,1.4903648269838603,0.11629281471183793,1.4903648269838603,0.11629281471183793,-,0.35471533270782507,0.05945471369389456,1.4287556250760952e-23,4.017368079338126,8.797308691430117e-24,4.379155442330994,1.977780381009179e-23,6.736466637002104,0.4120411609980973,0.1035861482090054,0.8032756759759401,0.20576765787046283,7.212676298388982,10.331606044631778,-,-,1.89,0.19,,
21ALV1846-9_44x44_s3_EP_103um,1.398400134303837,0.10921085373656608,1.398400134303837,0.10921085373656608,-,0.3479815828365586,0.058423203274709214,6.0896767926856724e-21,4.029610818679303,1.0727180052020175e-29,5.737433394564685,1.2179353574644165e-20,5.659762489981633,0.428380320058321,0.10630194999207461,0.8324920993953803,0.21269389230448943,10.619908903413991,8.536246988410918,-,-,1.89,0.19,,
23WOK5-4_44x44_s1_EP_147um,1.0436714373711462,0.07827090950409633,1.0436714373711462,0.07827090950409633,-,0.21125624498955478,0.03556544315018428,30.917425487781273,8.829731952407815,31.805808768646713,12.312828313294965,30.02904220691583,12.6590254100704,0.26698720025824474,0.06743770032155726,0.5407461818218566,0.13979348961509902,6.536997440993228,9.246674628545472,-,-,1.6,0.16,64.0,6.4
23WOK5-4_44x44_s2_EP_147um,0.9747985844615942,0.07318497621617787,0.9747985844615942,0.07318497621617787,-,0.20896144185017587,0.03520327495630245,40.04560342964621,9.032436658022913,51.7303078573179,12.862494480971618,28.360899001974513,12.684474118060992,0.25789410374731203,0.0659425095515012,0.5557295127423919,0.14340704240309138,7.202544092433292,10.437002799737613,-,-,1.6,0.16,64.0,6.4
23WOK5-4_44x44_s3_EP_147um,1.0107986670112634,0.07601342932205356,1.0107986670112634,0.07601342932205356,-,0.21262677245003506,0.035757445743558894,40.61683899928792,9.151745294394035,51.35708201186519,12.89755913826179,29.876595986710655,12.987329825983984,0.27470129426202444,0.07114844959791629,0.5737883537987811,0.14805234896876837,12.198564926286648,10.858213200071942,-,-,1.6,0.16,64.0,6.4
ALV1833-11_44x44_s1_EP_108um,1.0237307677989556,0.07934165954395651,1.0237307677989556,0.07934165954395651,-,0.14631983808793506,0.025581018047064426,82.77334355816214,12.732343385182217,92.97128662310055,17.66916437506664,72.57540049322373,18.33714543214536,0.23113304694963083,0.06393108073991981,0.5363513159946234,0.1390846817145247,6.795120643955876,5.69027493158185,-,-,1.2,0.12,102.0,10.2
ALV1833-11_44x44_s2_EP_108um,1.021199150406028,0.07923800907631769,1.021199150406028,0.07923800907631769,-,0.14677617078584201,0.025630604327078744,80.41772657008971,12.960712959520496,91.219177074497,17.950911530057045,69.61627606568243,18.699868901048347,0.2339839106849205,0.0625701232905965,0.4892220393461933,0.12731919089075125,7.420855012339019,5.84638959221817,-,-,1.2,0.12,102.0,10.2
ALV1833-11_44x44_s3_EP_108um,1.0209659261627446,0.07917703561076798,1.0209659261627446,0.07917703561076798,-,0.1476165170259962,0.025764773711014873,81.0409032356311,12.852063223135499,91.33763690962762,17.702120604071123,70.7441695616346,18.636980508784376,0.222768004235655,0.06213128426552739,0.49202696884217084,0.1282604675206348,7.80332165410157,8.259007799487938,-,-,1.2,0.12,102.0,10.2
CD33_12-2-2_VG9764_44x44_s1_EP_105um,0.2661936317906068,0.02088538444068211,0.2661936317906068,0.02088538444068211,-,2.073373294629875e-42,0.0026820401376628565,121.96172811160703,13.171267758905524,143.33777995292309,18.374303245351815,100.58567627029097,18.876285592112403,0.17485733713886306,0.0640132521633289,0.08470670040022622,0.025181712561143654,3.3087831732470145,1.8780951611557113,*,*,0.27,0.03,170.0,17.0
CD33_12-2-2_VG9764_44x44_s2_EP_105um,0.2637850972126747,0.020683565136260705,0.2637850972126747,0.020683565136260705,-,5.288708012208913e-44,0.0026732609530570033,117.83895071057067,13.095948678254738,136.82662477769716,18.181583087126736,98.85127664344418,18.85326294252099,0.198985565268276,0.0678950993375605,0.08257413452818488,0.026301155721883,4.446103204498478,2.107945976631486,-,*,0.27,0.03,170.0,17.0
CD33_12-2-2_VG9764_44x44_s3_EP_105um,0.26684355826622935,0.02093966201676615,0.26684355826622935,0.02093966201676615,-,1.609402752543976e-42,0.0027554222307749187,119.13704379602206,13.138249394429849,139.01167651009447,18.295124250368758,99.26241108194965,18.861145703920375,0.20147894131972555,0.07365798495381291,0.08743857598122665,0.031372561282042445,4.740193362652372,1.4952126177607628,-,*,0.27,0.03,170.0,17.0
CD33_22-1-1_VG9812_44x44_s1_EP_73um,0.5388086373482931,0.045163003715471675,0.5388086373482931,0.045163003715471675,-,0.033400506213136845,0.01246312032005302,124.82581650308975,18.138372237576114,150.51981729220847,25.323040434846227,99.13181571397104,25.97586981894217,0.2138072621016668,0.06834026786886774,0.34243527007918934,0.09579231957448053,2.8238291929280392,4.525801833434241,*,-,0.49,0.05,109.0,10.9
CD33_22-1-1_VG9812_44x44_s2_EP_73um,0.5231053967817059,0.04380869445087716,0.5231053967817059,0.04380869445087716,-,0.04083275366367705,0.013156036687024962,117.1009379658304,17.946788119183793,145.85422274330216,24.721776927693657,88.34765318835863,26.0227316152025,0.2104594635565491,0.07517345246647675,0.23521304449540756,0.06607278186429598,3.9173664779206967,3.4418448639362,*,*,0.49,0.05,109.0,10.9
CD33_22-1-1_VG9812_44x44_s3_EP_73um,0.5304711929790903,0.04447190135429501,0.5304711929790903,0.04447190135429501,-,0.046028797512187664,0.013672514290082243,117.07689069067197,17.973899919748078,148.93430063620474,24.712532577641372,85.21948074513921,26.106226209459948,0.19937795099378672,0.05918677872274187,0.23736915199461947,0.06640095454841681,3.3063484414272377,2.8255364445494657,*,*,0.49,0.05,109.0,10.9
ETFSR_Ol8_256s,3.855633696047717,0.43155102978497634,3.855633696047717,0.43155102978497634,-,2.2761456578688573,0.7516821078897238,5117.416098258787,318.8669597406953,5319.295224657287,466.96901514602706,4915.536971860287,434.332235679838,4.617502997370379,3215.5667991198766,2.7075977555638175,4.483006992882173,2.750391582515341,5.8343627638917965,*,-,4.16,0.42,,
ETFSR_Ol8_256s_2,3.804778081389425,0.4256483970331118,3.804778081389425,0.4256483970331118,-,2.229808119255357,0.7362527243978182,4989.694960758131,311.1497908390291,5201.812329763532,457.1205033443736,4777.57759175273,422.2530222258601,7.041349317972804,7375.1511370787675,1.8867537857845658,3.1592676468862506,2.4156531035748947,4.24856517122848,*,-,4.16,0.42,,
ETFSR_Ol8_highres_256s,3.887549949353299,0.43526134316874643,3.887549949353299,0.43526134316874643,-,2.2785385548502166,0.7522695563192854,5152.790684421266,321.1773329338129,5363.698190297336,471.6452555768989,4941.883178545196,436.0851633038104,4.968513307855048,4661.136829578141,3.649799321480346,6.056473879012453,2.4048625801721726,1.9506085544414171,*,*,4.16,0.42,,
Fiege63_256s,2.8849569367931123,0.4078753014540373,1.870535368853692,0.14364250170566595,*,1.064612949117272,0.2343103602144919,501.5789987919429,18.936315936287023,519.3972693975751,27.071102473400906,495.44974582932065,27.083050247523463,1.447700294565728,0.6578685250292271,1.8539601404800032,0.7918343894936419,10.42634392121947,18.360983328875356,-,-,3.1,0.31,,
Fiege63_256s_2,2.911825362171518,0.41012177936938216,2.0271784791782324,0.1555384138198727,*,1.0839660906575348,0.23859968155177572,402.7004740843088,16.689052690893035,415.62888798257177,23.68489174932902,397.9407871287253,24.05653627039438,1.4862384938904594,0.6749680615501135,1.8573922716208664,0.7942729371682749,7.531781636925307,13.55818056966188,-,-,3.1,0.31,,
Fiege63_256s_3,2.924850914135683,0.4137223603436946,2.197412207975751,0.16852831619214725,*,1.0762313484416899,0.237023199738727,511.77481731545254,19.794675227450988,530.3374745393713,27.951238636127492,501.7324832829025,28.498073281762714,1.4508749550253857,0.660696264084449,1.872966870633429,0.7994688962435138,10.206589891964935,11.443537835616103,-,-,3.1,0.31,,
Fiege73_256s,3.911817942812472,0.47461898388114415,1.7070140718921218,0.13099190108341996,*,1.9754063428470958,0.4345051021347184,1236.292993684452,39.30030870589556,1344.3681681062938,60.03651789268377,1190.3184091228693,53.65645774442406,3.3400293976885966,1.5072266230243,2.0346594275093235,0.8698950375060329,10.967611893717725,12.453737668009198,-,-,4.47,0.45,,
Fiege73_256s_2,3.917967180680769,0.475753484567553,1.7232788477074708,0.13196931804380496,*,1.9725741919137039,0.43391496476259295,1248.4692691690093,39.68880401766049,1363.2669094230193,61.03465486532395,1196.0819387042307,53.85035589141111,3.2949110264604053,1.4911686578253915,2.0433215287515067,0.8734097158142295,11.525259577305645,13.031448121845846,-,-,4.47,0.45,,
Fiege73_256s_2_highres,3.8786713463541425,0.4696540466304043,1.6672328181384013,0.12787681045264962,*,1.9606703651514583,0.4313019938977128,1223.3773447443873,38.87313313572677,1330.1071020180184,59.5303517004441,1178.329439038091,53.195665254420476,3.2960651498972404,1.4927286633077983,2.0157809635164305,0.8614607019004998,11.430677824855698,13.061307383435542,-,-,4.47,0.45,,
Fiege73_2_256s,3.917967180680769,0.4754188544154784,1.7232788477074708,0.1321941669394752,*,1.9725741919137039,0.4338455031251447,1248.4692691690093,39.640327268730765,1363.2669094230193,60.96543713086032,1196.0819387042307,53.87167789533644,3.2949110264604053,1.4911647925784688,2.0433215287515067,0.8740136774495428,11.525259577305645,13.031448121845846,-,-,4.47,0.45,,
STD_C1'_256s_20x50,3.464277610815958,0.3629804139267912,3.464277610815958,0.3629804139267912,-,1.3079683217509361,0.23476702115139134,392.64891451542644,43.96683097253402,422.052858991901,60.473324440323665,363.2449700389519,63.838122890674505,1.6206704521766437,0.4337160515313025,1.1105297245532966,0.2963018468998457,5.420315130849466,2.340502705188656,-,*,3.26,0.33,169.0,16.9
STD_C1_020320_256s_20x50_a,3.3879369243311968,0.3540245820780964,3.3879369243311968,0.3540245820780964,-,1.282862349369442,0.23019939556627994,199.93341236828638,34.40370476513603,250.24925109285383,49.0684865068458,149.61757364371897,48.23632695587492,0.9320585416481825,0.22814039147981824,2.1450311450148565,0.5679227239631728,2.663774766714441,3.4238995356992383,*,*,3.26,0.33,169.0,16.9
STD_C1_020320_256s_20x50_b,3.3984382343387116,0.3552966158936889,3.3984382343387116,0.3552966158936889,-,1.282584090145667,0.23036412369850917,194.9712319555469,33.93463954638419,246.77836540837046,47.66031869455336,143.16409850272336,48.319075596556004,0.9470043529241106,0.23125479356691026,2.2067669325910275,0.5875932788211545,2.192884468302788,3.1411094219796643,*,*,3.26,0.33,169.0,16.9
STD_C1_020320_256s_20x50_c,3.429328632782879,0.35862540070404963,3.429328632782879,0.35862540070404963,-,1.2947329546575395,0.23263265824328525,204.11005813895866,34.612318942520794,257.5525584927369,49.0666707258204,150.66755778518043,48.8314684829266,0.7951014471536076,0.195040894800329,2.1470515991752697,0.5749115746639394,2.2331789511640108,3.524674281174127,*,*,3.26,0.33,169.0,16.9
STD_C1_020520_256s_20x50_a,3.3919910616737172,0.3539752017426765,3.3919910616737172,0.3539752017426765,-,1.274272556649055,0.22885257063097947,214.54315394249915,35.35285805289905,244.15374025374956,49.02225553328458,184.93256763124873,50.95210253231034,1.130846989610191,0.28239782635934607,2.259638921197885,0.5913993294988965,3.383098663703256,3.1162764694929024,*,*,3.26,0.33,169.0,16.9
STD_C1_020520_256s_20x50_b,3.3934173063309436,0.35394359930747366,3.3934173063309436,0.35394359930747366,-,1.280355333076791,0.2299473866716601,218.2478508053312,35.4471197116519,249.19975973215944,49.22182071900813,187.295941878503,51.02161844272039,1.2288016236921255,0.3095842705827986,2.2138120960529264,0.5817542010623739,2.7793514228235794,3.1999423182190356,*,*,3.26,0.33,169.0,16.9
STD_C1_020520_256s_20x50_c,3.391363724883627,0.3544070597269653,3.391363724883627,0.3544070597269653,-,1.2761632052213951,0.22892321804563356,220.40779987370195,34.41263010970349,248.49636225234244,47.748427971010905,192.31923749506146,49.568175985870894,1.1516231305438287,0.289325986252066,2.208604784687215,0.5865495322086383,3.161049871711761,3.33064410632219,*,*,3.26,0.33,169.0,16.9
STD_C1_021220_256s_20x50_a,3.339265669838806,0.3487229339941966,3.339265669838806,0.3487229339941966,-,1.2686767739275298,0.22803681431133985,250.5009274398931,35.501666749267386,296.99944740638233,50.62976084155124,204.00240747340388,49.78052515825315,1.8868484646388808,0.483662278574531,1.3963139848124901,0.36504169837932127,3.7663945741323688,4.786618572187472,*,-,3.26,0.33,169.0,16.9
STD_C1_021220_256s_20x50_b,3.2992175727526414,0.34461350637430316,3.2992175727526414,0.34461350637430316,-,1.2334936260167255,0.22202423073427327,226.60359618684961,34.56829952895235,272.1685437488311,49.08857781888705,181.03864862486813,48.68450325321745,1.838147296682612,0.4716124844067729,1.4066719838249213,0.36711849648557915,3.1770142108009725,7.764149565121282,*,-,3.26,0.33,169.0,16.9
STD_C1_021220_256s_20x50_c,3.298627216123138,0.3450138769804405,3.298627216123138,0.3450138769804405,-,1.2595842668070552,0.22617817445447364,254.3312319387587,36.507400282312005,285.0547309436488,51.23973102145678,223.6077329338686,52.01587321520786,1.6303065672627362,0.4240070961096675,1.3375268536927458,0.351249953446812,4.114591444287063,5.183434390365753,-,-,3.26,0.33,169.0,16.9
STD_C1_021420_256s_20x50_a,3.380678212351482,0.35332305755476234,3.380678212351482,0.35332305755476234,-,1.301983419271808,0.2339170596359082,257.78553102963906,36.38898854807875,286.3511617252192,50.985524314061756,229.21990033405896,51.93371025286988,1.9903338362361935,0.5378775419549998,1.0386187222117,0.29823650411911473,6.610818873782601,3.211709456959826,-,*,3.26,0.33,169.0,16.9
STD_C1_021420_256s_20x50_b,3.3651520581677588,0.3519006097946926,3.3651520581677588,0.3519006097946926,-,1.2974131483179483,0.23295379411054004,258.69154556334877,35.98268895408101,288.4441744305029,50.76531522828556,228.9389166961946,51.008806957596775,2.0190234354009435,0.5368573371305616,1.172990109283517,0.3133849056299669,5.332087723894971,3.910451947352435,-,*,3.26,0.33,169.0,16.9
STD_C1_021420_256s_20x50_c,3.3711188403011088,0.35162520291250915,3.3711188403011088,0.35162520291250915,-,1.299028486375369,0.23336929941955337,258.24836444021065,36.42475491046564,286.61162771547447,50.91204044013189,229.88510116494683,52.105807923611906,2.030439078166659,0.5272497334420103,1.152659512155738,0.31180392050461253,5.579557960040667,4.127578161688176,-,-,3.26,0.33,169.0,16.9
STD_C1_021720_256s_20x50_a,3.3489991922123523,0.3503590221908367,3.3489991922123523,0.3503590221908367,-,1.2461242953895544,0.22413632422071333,285.7684433539346,37.1124517880568,338.81672935502587,52.58471431771734,232.72015735284333,52.3849609239848,0.9244984794828228,0.22596003567724696,2.6368167723788547,0.7006774342065277,2.1365662527007774,6.569744093203316,*,-,3.26,0.33,169.0,16.9
STD_C1_021720_256s_20x50_b,3.3538213873874696,0.35059026573521646,3.3538213873874696,0.35059026573521646,-,1.2467250064084687,0.22384874698973173,288.2289757342582,37.64135848614197,342.1655916051751,53.47457016428911,234.2923598633413,52.99016720556305,0.9392582250610623,0.23155753387910402,2.6648437096804587,0.7126260859441012,2.198943193328216,6.28077498276782,*,-,3.26,0.33,169.0,16.9
STD_C1_021720_256s_20x50_c,3.3445565175893184,0.349666269375317,3.3445565175893184,0.349666269375317,-,1.2490530319082673,0.22427047604067585,292.42214837508504,37.5265245172459,344.3845867177653,53.18996456501416,240.45971003240481,52.950805838498525,1.0418294734518485,0.256374358887057,2.694936885244341,0.7119453486222622,2.4704277014237217,6.252905768663261,*,-,3.26,0.33,169.0,16.9
STD_C1_021920_256s_20x50_a,3.389767829063333,0.35384640121667793,3.389767829063333,0.35384640121667793,-,1.3041387037827108,0.23415380592768165,363.7406849044155,41.499871292663535,394.25065276180413,57.51991870720975,333.2307170470268,59.836579290151086,0.8037666627322901,0.21169075416270342,2.4444390256388466,0.6665506758330061,2.3490267019622375,6.44277862811504,*,-,3.26,0.33,169.0,16.9
STD_C1_021920_256s_20x50_b,3.388069346426908,0.35454343121000625,3.388069346426908,0.35454343121000625,-,1.3015255940088366,0.2335924827968577,351.34529691989144,40.86446949783981,381.44418859430374,56.926014696338285,321.2464052454791,58.64339962989696,0.8325077872839909,0.21975939375961515,2.494586878466022,0.6764983008685018,2.9120252873268555,7.2693650497518005,*,-,3.26,0.33,169.0,16.9
STD_C1_021920_256s_20x50_c,3.3998522799750948,0.3556852864205259,3.3998522799750948,0.3556852864205259,-,1.2999101278270089,0.23348223012168454,339.9918632361229,40.67781800107046,372.3463901001057,56.41605961309537,307.63733637214017,58.61712827360718,0.8074878316537552,0.20969629667511108,2.5710595754561343,0.6940539223127665,2.278876774897164,6.689717492206184,*,-,3.26,0.33,169.0,16.9
STD_C1_022120_256s_20x50_a,3.345074800337648,0.34997144940567293,3.345074800337648,0.34997144940567293,-,1.2779542626121458,0.23009380161773127,302.80989640024677,38.23962559053085,372.1209115568389,54.94085324907072,233.49888124365464,53.20318134735932,0.7821254767056101,0.19128861247885348,2.4775330990292153,0.6899340955710065,2.3096185362700683,5.278964962612771,*,-,3.26,0.33,169.0,16.9
STD_C1_022120_256s_20x50_b,3.345622674255924,0.3491581200596992,3.345622674255924,0.3491581200596992,-,1.2775049080783196,0.22954881704094163,315.38816389053795,38.87269632055444,384.93722097844204,55.85868835888457,245.83910680263384,54.0754381558319,0.8241034585792532,0.2016541863713177,2.444362948967973,0.6614537738233269,2.2982425854529938,6.151657216298219,*,-,3.26,0.33,169.0,16.9
STD_C1_022120_256s_20x50_c,3.3382328682517644,0.3485063266507247,3.3382328682517644,0.3485063266507247,-,1.2787507477843023,0.22946684625328972,313.85038773333395,38.65239787233338,384.2356089105788,55.69053103138605,243.46516655608917,53.61526087381162,0.8309326022924782,0.20359898223054343,2.3905112499720804,0.6674503602516922,2.9222757471101737,5.108674455235312,*,-,3.26,0.33,169.0,16.9
STD_CN92C_OL2_020320_256s_20x25_a,5.478935538113524,0.7375502304281766,5.478935538113524,0.7375502304281766,-,2.5828966322454314,0.5241046165433225,649.0736047582807,79.52849261940632,748.7242812935674,116.7008776355764,549.4229282229941,108.07418615167123,3.1360894682878837,0.8581842215969077,4.198967872300265,1.2082378917364516,9.51393393274905,10.35313389919904,-,-,4.55,0.46,270.0,27.0
STD_CN92C_OL2_020320_256s_20x25_b,5.334384431357804,0.7193735052118445,5.334384431357804,0.7193735052118445,-,2.5640610802419865,0.5197288231458842,596.1499755288148,76.99566394335169,701.3342228304198,112.63699089450797,490.9657282272099,105.00589196107384,3.3248491104264906,0.9130331267306432,3.594154650538419,1.0854288796185438,10.837144135083634,15.758800849845557,-,-,4.55,0.46,270.0,27.0
STD_CN92C_OL2_020320_256s_20x25_c,5.555625539051109,0.7485773263748929,5.555625539051109,0.7485773263748929,-,2.589213356578592,0.5255302695296127,672.1400885621126,82.1503021360257,759.4858740591557,118.87229680992681,584.7943030650696,113.41986428881802,2.9179224923584584,0.7919845421932785,3.597395087149241,1.0471457060159337,8.672726393217625,10.222285401899116,-,-,4.55,0.46,270.0,27.0
STD_CN92C_OL2_020520_256s_20x25_a,5.645799997166721,0.7613299861348468,5.645799997166721,0.7613299861348468,-,2.6390969148470815,0.5356528328976583,669.3240964361032,85.111763888441,759.659477384707,121.95040801102621,578.9887154874993,118.76088326865523,2.953424168834569,0.8066760883258685,3.0844317348754444,0.8822350622035128,11.485564887194684,7.51139185648124,-,-,4.55,0.46,270.0,27.0
STD_CN92C_OL2_020520_256s_20x25_b,5.788955097163541,0.7800009866145591,5.788955097163541,0.7800009866145591,-,2.6327153141212087,0.5330187637792446,647.8705506896681,81.22801568664225,760.2409001226101,119.52389555832681,535.500201256726,110.02727171078898,2.933884821449438,0.8062605731292263,3.4638887956503877,0.9943742601567175,10.166029194742324,11.76222368123976,-,-,4.55,0.46,270.0,27.0
STD_CN92C_OL2_020520_256s_20x25_c,5.759017735162949,0.776795644192234,5.759017735162949,0.776795644192234,-,2.6421351273371845,0.5358446652934262,662.1779505014424,81.72854121993926,774.7771977641108,120.51078158700683,549.5787032387741,110.432646083692,2.950603671713687,0.8042499329034741,3.443286116422951,0.9780235926937333,12.642088744856586,11.67291835530289,-,-,4.55,0.46,270.0,27.0
STD_CN92C_OL2_021220_20x25_a,4.6130844932861494,0.6225725473682837,4.6130844932861494,0.6225725473682837,-,2.401639226449235,0.48762504367624043,280.202136400278,55.6280494823717,328.06913689012896,78.73760484332504,232.33513591042706,78.60222096346371,1.4732634380260894,0.3974129702694453,3.2617360327034697,0.9378901440826574,3.338187835212469,12.144911473444546,*,-,4.55,0.46,270.0,27.0
STD_CN92C_OL2_021220_20x25_b,4.655211134818009,0.627450937780764,4.655211134818009,0.627450937780764,-,2.41290022201393,0.4893218310952507,339.62696800021786,58.080449274929364,375.95430577474957,81.99546281046568,303.2996302256861,82.28060786362795,1.070102008501287,0.28700278022287884,3.310177298803921,0.9711243754608013,3.402493858988668,10.602554715622595,*,-,4.55,0.46,270.0,27.0
STD_CN92C_OL2_021220_20x25_c,4.683068006058108,0.6315647281926999,4.683068006058108,0.6315647281926999,-,2.4145385138243025,0.4889933605772873,347.1200150357615,59.08755078766833,384.07372210774184,83.15445696460912,310.1663079637812,83.9683923822655,1.4874024465709226,0.3996423504153297,3.4517307535740835,1.0451074459914542,3.573116310595639,10.633559865940578,*,-,4.55,0.46,270.0,27.0
STD_CN92C_OL2_021420_256s_20x25_a,5.147053446449026,0.697021899925913,5.147053446449026,0.697021899925913,-,2.462333988363002,0.4987010986744963,454.50200966236093,69.77298850966874,398.6983673531405,92.3231062830263,510.3056519715814,104.63997204001198,2.460730554995697,0.6752588238858444,2.7753795023445305,0.799691083740165,6.200875826770248,5.702995561550722,-,-,4.55,0.46,270.0,27.0
STD_CN92C_OL2_021420_256s_20x25_b,5.123028747176459,0.6919678774300527,5.123028747176459,0.6919678774300527,-,2.464677962240302,0.4992143284981364,420.5144541572814,66.60170807172524,387.75099261583654,89.71256732578925,453.27791569872625,98.46220257591729,2.6979136663453276,0.7295753884392463,2.7818978643245837,0.7925355657331616,8.52232547479314,8.048315619694222,-,-,4.55,0.46,270.0,27.0
STD_CN92C_OL2_021420_256s_20x25_c,5.179743485515495,0.6983656281188079,5.179743485515495,0.6983656281188079,-,2.464281640608588,0.4997911468177863,425.3105487227774,67.27020563242537,389.9992063969994,90.14161841324744,460.6218910485554,99.87798002140245,2.6425991929417476,0.7254649540435412,2.6635825914347206,0.7660612332595966,7.185838414128283,7.8496025671596215,-,-,4.55,0.46,270.0,27.0
STD_CN92C_OL2_021720_256s_20x25_a,5.147543725483802,0.6938257817263316,5.147543725483802,0.6938257817263316,-,2.5785458050591914,0.5228391814112805,750.4843474459931,94.2228081641463,620.7312515122978,112.79354145914678,880.2374433796884,150.961476272769,1.94306867136949,0.5280704271526828,2.567836815417634,0.7364388483469002,4.309301016404826,8.745267534397883,-,-,4.55,0.46,270.0,27.0
STD_CN92C_OL2_021720_256s_20x25_b,5.1654263035523185,0.6955815800811483,5.1654263035523185,0.6955815800811483,-,2.5577986593587667,0.5183385740079125,737.9803876295749,93.26863748920675,609.2406294041291,111.2498291691561,866.7201458550207,149.73186189387292,1.6056233496519476,0.43143725956151363,2.98777433427355,0.8510529330201011,3.807401150387148,10.753104450779473,*,-,4.55,0.46,270.0,27.0
STD_CN92C_OL2_021720_256s_20x25_c,5.174497148579813,0.6968906786009365,5.174497148579813,0.6968906786009365,-,2.576931250457209,0.5224655962792611,746.5800667454898,93.95868110865568,615.6211486832218,112.04342186634818,877.5389848077577,150.86154791460854,1.6660214666933757,0.44975043340092224,2.775062298921003,0.7899675229275173,3.750916913937331,13.569565287924577,*,-,4.55,0.46,270.0,27.0
STD_CN92C_OL2_021920_256s_20x25_a,5.44248503005695,0.7342887728691956,5.44248503005695,0.7342887728691956,-,2.6491556781277383,0.5369594876637152,731.3304921171689,92.78182897479054,628.2500841449064,113.09147812384639,834.4109000894314,147.119640862098,1.7875290526953738,0.481353255120373,2.510232717446606,0.7137073610991388,4.400219296815023,7.050633427842837,-,-,4.55,0.46,270.0,27.0
STD_CN92C_OL2_021920_256s_20x25_b,5.456185436312212,0.7357633229581081,5.456185436312212,0.7357633229581081,-,2.621023854045232,0.5308068495891232,669.821633708057,89.69587328000416,578.0231192279059,109.52036092608198,761.6201481882081,142.07986935689024,1.5770305758371153,0.4238863369304583,2.538098965678064,0.7239034082957513,3.4806007143682134,7.056204950027994,*,-,4.55,0.46,270.0,27.0
STD_CN92C_OL2_021920_256s_20x25_c,5.444418561729341,0.7334077663745603,5.444418561729341,0.7334077663745603,-,2.617115055861581,0.5298399267251838,671.3733454546585,89.78011008130176,579.9458350087673,109.82540079311066,762.8008559005498,142.05722088466763,1.7686963167541063,0.47549106380367845,2.278797718533748,0.6488556610679858,4.559379634314248,10.183404588963432,-,-,4.55,0.46,270.0,27.0
STD_CN92C_OL2_022120_256s_20x25_a,5.3936055219160135,0.7281864181409514,5.3936055219160135,0.7281864181409514,-,2.624448767920614,0.5322092437480512,728.9152323533501,91.47922588316489,592.4989683377025,108.29469260808573,865.3314963689978,147.4654353591127,2.143156727896087,0.5741376940953763,2.540307078809312,0.7219996006212935,5.85400925663848,5.559687782272513,-,-,4.55,0.46,270.0,27.0
STD_CN92C_OL2_022120_256s_20x25_b,5.3501813938915035,0.7210398648586378,5.3501813938915035,0.7210398648586378,-,2.61841728499771,0.5303082870363488,726.485327416196,90.38948181768676,563.8028444643925,105.0129249633325,889.1678103679997,147.15066864858343,1.8276411794000857,0.49047686918674127,2.5076633068394227,0.7160676797685864,4.524899419000562,5.743585366844363,-,-,4.55,0.46,270.0,27.0
STD_CN92C_OL2_022120_256s_20x25_c,5.363783569950326,0.7233268791646055,5.363783569950326,0.7233268791646055,-,2.614674321830151,0.5290054865222414,755.4608503210732,93.23777394205278,591.8024628634063,108.33186105710998,919.11923777874,151.78055817060488,1.644671725756819,0.4418088003790411,2.8393468609083756,0.820351779325781,4.5745208183153165,10.8154753802687,-,-,4.55,0.46,270.0,27.0
STD_D1010_012821_256s_100x100_a,0.7822856553138748,0.08011167593171725,1.2004187931563308,0.0880732456538118,*,0.16391962665062074,0.02721493463687883,214.20002762521392,10.354880082441595,230.80483879199465,13.624491844521565,195.66736489610287,15.475945660526943,0.18826316730065967,0.04641621426991663,0.6148456495122667,0.15693140757243026,7.888065371093099,10.958448305803545,-,-,1.13,0.11,139.0,13.9
STD_D1010_012821_256s_100x100_b,0.7976778585598983,0.08147154535956798,1.2397068605863872,0.09087663021925814,*,0.1674820241374644,0.027784291070710017,224.93360355594865,10.299808483639298,235.196213380598,13.761594357339236,212.5320356257849,15.215126667911635,0.17769570057930653,0.04484193776362246,0.6264031607307691,0.15986825530915638,8.76747042264393,11.491090350412337,-,-,1.13,0.11,139.0,13.9
STD_D1010_012821_256s_100x100_c,0.7998101683495791,0.08223255220160804,1.2534109375904234,0.09198106661581953,*,0.16365042001423274,0.027139618097464784,205.5956360965379,10.104672823791962,222.65193905335062,13.327774325363638,186.53340935325807,15.048178917009773,0.18289944999203822,0.04491790466468632,0.6322580161006278,0.16151384183034556,9.374918185838242,13.126978698059766,-,-,1.13,0.11,139.0,13.9
STD_D1010_020320_256s_100x100_a,0.7923770823920229,0.08085244233512724,1.1956433745040858,0.08771797114498713,*,0.16886715721047116,0.027975603716186223,215.15673099886936,10.178495044076481,241.35594313686877,13.860617467745302,187.09000596637912,14.786783451151013,0.21962055921833018,0.0566539877922974,0.6200710961665444,0.15848500949854805,13.986791291058196,11.405552441775432,-,-,1.13,0.11,139.0,13.9
STD_D1010_020320_256s_100x100_b,0.800943685826261,0.08226496443262345,1.194530938982551,0.08769655422263765,*,0.16494793082145393,0.02738380364677899,193.44319001246538,9.576447368757346,216.80689002335458,13.07776102013776,168.4408678750914,13.876520427928227,0.23124211435970113,0.059297303317592344,0.632603430763311,0.16134843426092035,12.780295051448823,9.702346822222792,-,-,1.13,0.11,139.0,13.9
STD_D1010_020320_256s_100x100_c,0.799617796242758,0.08204861543065428,1.201241108454151,0.08814228410733169,*,0.16605662593840728,0.027535217350084882,202.68579397752478,9.975569508726291,225.08765759290995,13.434332465948504,178.53205808271596,14.63336891102954,0.22827670115251764,0.058601585863625856,0.6301055056919437,0.16084966368002207,16.333665137410097,12.31314523392414,-,-,1.13,0.11,139.0,13.9
STD_D1010_020520_256s_100x100_a,0.9291057326925487,0.0999795242538749,1.2014626232049217,0.08812493342523058,*,0.15273771464863645,0.025389035278128576,144.02715517456454,8.455980764728748,153.6582131511208,11.529156042622654,133.5530001005767,12.3109549016535,0.15863898840263907,0.050970853617928205,0.7736486477088852,0.19754535818039093,8.26741997139077,12.905333815920203,-,-,1.13,0.11,139.0,13.9
STD_D1010_020520_256s_100x100_b,0.9038255159741156,0.09667249641522037,1.1998879688911908,0.08811470623746777,*,0.15277473050365625,0.02538381325921639,141.30637644506044,8.393426775751285,151.76169140979852,11.473124276463158,129.95165277911718,12.188233372758981,0.20189023985906568,0.061386668774680846,0.7481743811853547,0.19124718786693576,13.177763199177717,9.47409909690844,-,-,1.13,0.11,139.0,13.9
STD_D1010_020520_256s_100x100_c,0.8502508908601555,0.08993259691297162,1.1878336476022686,0.08716670525600331,*,0.15313812774476218,0.025429718527161718,140.61470658360952,8.371946913341123,150.62022396055303,11.429937103003935,129.5879906274172,12.158239572348577,0.28984163289537773,0.08017063863003132,0.6940253371169074,0.1774560207684309,18.527721365174415,10.670216019663657,-,-,1.13,0.11,139.0,13.9
STD_D1010_021220_256s_100x100_a,0.8540510817171589,0.09002904598292304,1.2063649339158422,0.0885181447199514,*,0.1560617308841848,0.025835037800113286,203.5969890167773,9.161465748473391,222.2806491701128,12.345772105278797,183.37055915141113,13.456091443834788,0.22877778824107653,0.05893040816851543,0.6947535364239221,0.17771780004197085,7.138777079921094,12.882912105578805,-,-,1.13,0.11,139.0,13.9
STD_D1010_021220_256s_100x100_b,0.8594541264845887,0.09087908419286764,1.2063485940054148,0.08863302471176723,*,0.1545461277311831,0.025630891661206884,203.56267491160327,9.12353262101159,222.84673208191867,12.450427796496797,182.7599174433063,13.237309445983401,0.21962716202993954,0.05731098183230472,0.7017019757470749,0.17934723664381874,6.784862556970315,13.82706614796507,-,-,1.13,0.11,139.0,13.9
STD_D1010_021220_256s_100x100_c,0.8579380970506987,0.09078284625690045,1.2037919627065503,0.08838316521928596,*,0.15468408775900444,0.02564130333023887,205.5993890389787,9.15819989968516,223.58551733420873,12.261594247834502,186.0839032527693,13.529734296406746,0.22132583637456413,0.05777222035463988,0.7000631095967726,0.1788622618162502,10.81226006757546,10.993892757094029,-,-,1.13,0.11,139.0,13.9
STD_D1010_021420_256s_100x100_a,0.6771584701012004,0.06729555013924263,1.1739365563429514,0.08604494941718197,*,0.15987267514513,0.026515949418499437,178.1375641599147,9.143853536300014,197.4452869229253,12.612458628501999,156.92247431615905,13.123978894272073,0.3067626886835566,0.08186582709477919,0.5136605355100636,0.13123271784258964,28.76471610567869,11.12946230871168,-,-,1.13,0.11,139.0,13.9
STD_D1010_021420_256s_100x100_b,0.6966243254003315,0.06961691721882204,1.186419917698585,0.08713033303399548,*,0.16119032599511082,0.026721139706278655,183.9997285636308,9.37294303579514,202.35658143078584,12.761313203668283,163.7010610753308,13.598486503190092,0.28116290030610713,0.0724871017622371,0.5317581371877395,0.13570053905160712,29.080062205792476,7.031805353125627,-,-,1.13,0.11,139.0,13.9
STD_D1010_021420_256s_100x100_c,0.6650874833684384,0.06570818791851198,1.212380500189657,0.08918961545918357,*,0.1609192604131517,0.02666736077597027,194.35330339860974,9.583987177792588,212.23872120601686,12.897453474731723,174.17591242156698,14.029185339847611,0.3530128639602254,0.09404921759478369,0.5002465950727532,0.1278924740415256,33.26611788581875,10.66868487038127,-,-,1.13,0.11,139.0,13.9
STD_D1010_021720_256s_100x100_a,0.7660399086370625,0.07737099366266148,1.1879803283826682,0.08710611716285571,*,0.1687214424127355,0.0279717704429214,198.55460947008083,9.993383259354607,214.35322759584975,13.229742380284533,180.95215596042266,14.848695742001041,0.3808656503209536,0.10107271680980522,0.5938387940667308,0.15167802561476273,29.800833739974934,7.595014789960657,-,-,1.13,0.11,139.0,13.9
STD_D1010_021720_256s_100x100_b,0.7567429349864998,0.0763483288044029,1.1786530171277436,0.08643720080939178,*,0.1679843771104485,0.027868106957677375,196.0726704857236,9.931541608453825,212.54514484614518,13.140761150739813,177.81869992939622,14.788023126336132,0.375188863210303,0.09865846097097491,0.5853207134874954,0.1493930109062027,27.977744642559077,13.090199371472188,-,-,1.13,0.11,139.0,13.9
STD_D1010_021720_256s_100x100_c,0.7686078493761832,0.07795896617808494,1.1880365829919224,0.08724403264371705,*,0.16790469646266842,0.02781768725079807,197.6006029284431,9.991240672322322,214.03168906554188,13.22841797177799,179.38508156611522,14.873408517617476,0.3712615244191512,0.09872232300356248,0.5972326905250194,0.15241854613841663,22.87343818118863,13.265023048669233,-,-,1.13,0.11,139.0,13.9
STD_D1010_021720_256s_50x50_b,0.7704206631726646,0.07813375282769618,1.1948244321126955,0.08762433797403042,*,0.16697639999740943,0.02772144665826533,180.32155630516718,9.347665560127462,198.01271077337248,12.698541624718887,160.98283493737708,13.588561863232355,0.3665088933549718,0.09553319971461537,0.5999246629416277,0.1531255003800288,14.013643484141921,9.09797773413885,-,-,1.13,0.11,139.0,13.9
STD_D1010_021720_256s_80x80_a,0.7787889669307975,0.07923969682183889,1.1716897126081167,0.08595136464079436,*,0.16757320405809334,0.027817350180509157,194.70505052461797,9.932467943279494,210.76772512179556,13.121507637581056,176.9951891400805,14.80614345064659,0.3690177798105731,0.09790549267953613,0.6079215214213046,0.15531675629894584,21.696528512788742,10.508102563206505,-,-,1.13,0.11,139.0,13.9
STD_D1010_021720_256s_80x80_b,0.7613368330147003,0.07677472728974234,1.1745648719418227,0.08627569889452946,*,0.16922476513480283,0.02808359583741116,198.1267303160189,9.951569653035834,213.05359643912618,13.171500371081418,181.43675600953014,14.83533203811543,0.37296097390406563,0.09878863462294207,0.5887245411225112,0.15034155732040694,24.17307937624047,11.230627804597987,-,-,1.13,0.11,139.0,13.9
STD_D1010_021720_256s_80x80_c,0.7604026697605715,0.07643600937315399,1.1761461437804372,0.08637470557596501,*,0.17063376485649917,0.028300041765473655,206.9091835498142,10.12792843044728,218.2562794946738,13.49642262005363,193.70962971948748,15.002105367190858,0.3747979695528638,0.1006483640022189,0.586364962416935,0.1498261851263853,19.88666694378611,11.295612525603948,-,-,1.13,0.11,139.0,13.9
STD_D1010_021920_256s_100x100_a,0.8248291074184539,0.08495192016533208,1.2151703655557224,0.08923273350571798,*,0.1683894663809304,0.027961909222540948,197.26699811653407,9.92551468755759,215.2151079123026,13.267017379911515,177.66240498953158,14.677563361837395,0.3706779127196666,0.09770064922306991,0.6529765284018556,0.1667142981269077,26.267925878399286,10.546997350529306,-,-,1.13,0.11,139.0,13.9
STD_D1010_021920_256s_100x100_b,0.8279404981338159,0.08540917741813908,1.2031290528508696,0.08834325741413526,*,0.1677583348891491,0.027850936800222156,190.60178461917621,9.742180432075461,210.18099683050295,13.07490718586581,169.48404642437606,14.306813736416274,0.3823496532463316,0.0996161131756693,0.6568406206360972,0.16768321954232102,22.900139439865313,10.61203144778955,-,-,1.13,0.11,139.0,13.9
STD_D1010_021920_256s_100x100_c,0.8103809758065019,0.08293260226178846,1.204436849228087,0.0883161142960391,*,0.16872600072398322,0.027994273725500937,201.74265881246006,10.01462131979294,219.10429145402227,13.442120378833819,182.67040211202504,14.775273471159649,0.37181219273077454,0.09798780682700141,0.6382192684198141,0.16297967395490798,19.64076568815426,13.481424667068646,-,-,1.13,0.11,139.0,13.9
STD_D1010_022120_256s_100x100_a,0.9157418090479092,0.09681263963457182,1.1815268265089673,0.08667717087489495,*,0.16701390928833848,0.02771395678403959,181.3961606418032,9.447904094233545,199.66485601907144,12.666099840394349,162.09089081396144,13.94284158299385,0.33587407689970616,0.08873910883047126,0.7461114315850997,0.1910098223059741,17.22463912764484,15.331677534231652,-,-,1.13,0.11,139.0,13.9
STD_D1010_022120_256s_100x100_b,0.9029624744065156,0.09512267468756748,1.1900192072080278,0.08730240483650817,*,0.16854711621349341,0.027961027941035003,188.04850218020528,9.64464988270002,205.39131883070667,12.8861707925185,169.54504600535458,14.291481239445924,0.3391588124362134,0.08973866124280698,0.731628805988006,0.18714454422227983,20.75029664236424,13.916963622706346,-,-,1.13,0.11,139.0,13.9
STD_D1010_022120_256s_100x100_c,0.8971730215616478,0.09438213984249913,1.1960245384998793,0.08780564204252722,*,0.16739762379057718,0.027781290965306127,186.86258269047852,9.565948804366565,204.71521189414432,12.796014955015371,167.80924934268347,14.159818453794141,0.3296227252242021,0.08530060752896157,0.726892960448735,0.1859379710697232,21.119549454915415,13.514108459464262,-,-,1.13,0.11,139.0,13.9
STD_D1010_030920_256s_100x100_a,0.8436732850057238,0.08804971004772631,1.1792688154278297,0.08657097361141736,*,0.1638183003614747,0.027195108078479937,172.65669036714752,9.108136053407927,190.42143994919513,12.245593747046435,153.64523025647446,13.400957955539202,0.11305191528767393,0.02738961001074868,0.6768090083635152,0.1736999312314118,7.406724098536112,10.863572680625744,-,-,1.13,0.11,139.0,13.9
STD_D1010_030920_256s_100x100_b,0.8319504081443917,0.08651296445854832,1.1787148550552828,0.08638473864704997,*,0.1639551238926222,0.027218486870697216,173.66741781637597,9.190571071451552,190.55824031732703,12.323645125467502,155.48069219400804,13.510233918177322,0.12427543058558804,0.030079122089073467,0.6648912848247776,0.17029556721513897,6.787573747116434,10.66189630852701,-,-,1.13,0.11,139.0,13.9
STD_D1010_030920_256s_100x100_c,0.827756062260218,0.08593142772172847,1.1853210593006065,0.08700531997694665,*,0.1639399580052334,0.027219261730330808,173.31110291160917,9.174989649915906,190.9290340324448,12.338919646184667,154.35968150858037,13.52288462860405,0.1291799217436434,0.03126390400743578,0.6606316439217841,0.16914224298034108,6.343445314107718,11.248604744890251,-,-,1.13,0.11,139.0,13.9
STD_D1010_031020_256s_100x100_a,0.8771183706714176,0.09156736891696085,1.2307936243072375,0.09030119356219427,*,0.1661407038178462,0.02759490028204086,228.7615173116435,10.564323601384464,245.42522020091388,14.023594190337015,210.35849950138893,15.724163502149349,0.24745835302028435,0.06299512780137452,0.7076432225652433,0.18078920726226813,8.56942087326045,13.233354111494336,-,-,1.13,0.11,139.0,13.9
STD_D1010_031020_256s_100x100_b,0.877472142613972,0.09193489358301771,1.2252465163171813,0.08998212477218527,*,0.16586196249334198,0.027506888810730674,228.0964966261444,10.444364365595519,246.36929917085604,13.858017693495265,208.11827952722004,15.505862258405612,0.24928590188634286,0.06372261504326612,0.7083298715997526,0.18093979054751727,15.205595441644853,12.259398452367739,-,-,1.13,0.11,139.0,13.9
STD_D1010_031020_256s_100x100_c,0.8802435871634077,0.09205116943180071,1.231664251846664,0.09036574665273406,*,0.1674671268854567,0.02776300774525218,244.93226445249786,10.66915339265088,255.82701279518335,14.265525661680986,232.18719811529985,15.828210160546105,0.2459493738549493,0.06296785528349033,0.7094516011530753,0.18139111917277076,9.35593930852446,12.651204388162554,-,-,1.13,0.11,139.0,13.9
STD_ETF46_020320_256s_15x15_a,3.763744265173211,0.38381958475467176,3.763744265173211,0.38381958475467176,-,2.60614896278847,0.6803493632317547,2838.817567724414,154.81286197584484,2914.1612290947414,223.47065140314217,2763.4739063540865,214.31042180459457,1.7596687068862042,1.2710947272998119,3.4678399733874725,2.0663742690815328,2.2323614585864586,5.269352481314145,*,-,1.13,0.11,139.0,13.9
STD_ETF46_020320_256s_15x15_b,3.7290259050777257,0.38018406782697417,3.7290259050777257,0.38018406782697417,-,2.6171671501269658,0.6828861544410931,2832.9999969094088,154.30915857631095,2923.3403984868933,223.91291127992838,2742.659595331924,212.38708492811716,2.3760684374803476,1.7068444893256125,3.6496885548278795,2.189787803795125,2.4084814693856096,4.858162326394517,*,-,1.13,0.11,139.0,13.9
STD_ETF46_020320_256s_15x15_c,3.745760392460704,0.38065192910690976,3.745760392460704,0.38065192910690976,-,2.603684894487531,0.6782062564368896,2792.0703283544276,152.33641723898526,2877.3599682958356,220.77006242164893,2706.7806884130196,209.96693931946058,2.4322874240017294,1.7474184906537744,3.403000744485416,2.004559373590247,2.23239968284572,5.036253913412121,*,-,1.13,0.11,139.0,13.9
STD_ETF46_020520_256s_15x15_a,3.608284395330625,0.36796930605349953,3.608284395330625,0.36796930605349953,-,2.567313786816795,0.6692045147375236,2771.5531823167994,151.08701527720393,2859.177820883316,218.96032523117367,2683.9285437502826,208.24389718826066,2.350236964432237,1.6904504326365237,3.5211243434720485,2.0867335666456404,2.2666697920942416,4.7507239353921324,*,-,1.13,0.11,139.0,13.9
STD_ETF46_020520_256s_15x15_b,3.5896331333426885,0.3656253451118799,3.5896331333426885,0.3656253451118799,-,2.565327459569913,0.6690548111415857,2757.5967564820435,149.96323300457826,2837.3874089060423,217.01693413323574,2677.8061040580446,207.02544604988185,3.1450188203959892,2.2543426449063166,3.257003856980099,1.914553998593522,2.8054357593074393,4.260693484148828,*,-,1.13,0.11,139.0,13.9
STD_ETF46_020520_256s_15x15_c,3.6457568205858424,0.37120785923691746,3.6457568205858424,0.37120785923691746,-,2.5485866663304955,0.6643588195381155,2773.005539653507,151.12211313067743,2865.9664661205748,219.456262092201,2680.04461318644,207.8232935376693,2.2531853071698613,1.613114476504799,2.7571121671393066,1.6514233265555927,3.046128223001911,3.8876082204999953,*,*,1.13,0.11,139.0,13.9
STD_ETF46_021220_256s_15x20_a,3.860542775075941,0.392728810322607,3.860542775075941,0.392728810322607,-,2.6714295146423614,0.6968227040512591,2962.489324093067,160.99908502325067,3012.5303676650055,230.59933127618976,2912.4482805211283,224.73711293035174,4.007905444774867,2.924161048939681,2.785582927152176,1.639787491949442,6.370358934874344,5.290012703379885,-,-,1.13,0.11,139.0,13.9
STD_ETF46_021220_256s_15x20_b,3.8303731395736684,0.3897241806317196,3.8303731395736684,0.3897241806317196,-,2.670124887262768,0.6950158459499318,2960.840471097493,161.32002920748414,3035.4427168361035,232.76222558294995,2886.2382253588826,223.42415633875865,4.311337087962654,3.098995706139637,2.6076831662942324,1.5322925701948875,4.382092366649533,6.347988924543839,-,-,1.13,0.11,139.0,13.9
STD_ETF46_021220_256s_15x20_c,3.8717085732789918,0.3942610327050723,3.8717085732789918,0.3942610327050723,-,2.6712482757848726,0.6965383421125707,2963.7932150760535,161.22746363189896,3025.18898584795,231.83095223396288,2902.397444304157,224.12404980946425,2.9142389199961904,2.1018805154012736,2.9231396843638824,1.7174526210074528,4.1932865813720985,4.376176588076302,-,-,1.13,0.11,139.0,13.9
STD_ETF46_021420_256s_15x20_a,3.737595053825214,0.3793897026122732,3.737595053825214,0.3793897026122732,-,2.635052962837951,0.6877729984117403,2929.149983682425,159.55260945427176,3033.1187528354535,232.29244068533197,2825.181214529397,218.78839716749383,2.76462338613768,2.0116536276687036,3.1967947560436603,1.876865952788825,4.581523707601931,8.36820080137292,-,-,1.13,0.11,139.0,13.9
STD_ETF46_021420_256s_15x20_b,3.74733896962273,0.3813627932110127,3.74733896962273,0.3813627932110127,-,2.605546575423471,0.6791492210752839,2833.423090393637,153.85321407025359,2929.4842637155457,224.06632164378732,2737.3619170717284,210.896963999039,4.208350860578514,3.028464079160485,3.428346167249575,2.013725927663268,6.375468586973748,4.123641921203881,-,-,1.13,0.11,139.0,13.9
STD_ETF46_021420_256s_15x20_c,3.7865040536067327,0.3856048047738473,3.7865040536067327,0.3856048047738473,-,2.6179859908969907,0.6832340404521808,2839.9531336474074,154.5414807332012,2928.106758267972,224.52272349289476,2751.7995090268428,212.41898150630212,3.4670201064045076,2.497729906704141,3.1296296437658184,1.8464124468412402,3.314734147714996,6.583670787093922,*,-,1.13,0.11,139.0,13.9
STD_ETF46_021720_256s_15x20_a,3.6163123895427525,0.3677376707913088,3.6163123895427525,0.3677376707913088,-,2.4558815813927115,0.6394370144384168,2748.4931468224668,150.15205524215324,2797.826089131171,215.4146758384071,2699.160204513763,209.23450051844824,3.3487962622350538,2.4183645173197017,3.1894630490767284,1.8764032318506965,5.144303543468433,4.097630377463048,-,-,1.13,0.11,139.0,13.9
STD_ETF46_021720_256s_15x20_b,3.7542492543722488,0.38186689643642846,3.7542492543722488,0.38186689643642846,-,2.533637160050484,0.6594920808362702,2814.0216189413272,153.3420950307827,2881.99411408999,220.92413960951728,2746.0491237926644,212.71510753003156,3.461517532624402,2.4864634678318227,2.363119000530624,1.3902382563705071,4.001024589846884,3.6551389914947965,-,*,1.13,0.11,139.0,13.9
STD_ETF46_021720_256s_15x20_c,3.7867954109357953,0.38607730470551893,3.7867954109357953,0.38607730470551893,-,2.5346127961115874,0.6602076806006333,2835.1367337136135,154.68029050249484,2906.024661047139,223.21405352268604,2764.2488063800874,214.19490047551608,3.530708098606074,2.537505939186461,2.628116807098845,1.5754842731722742,5.9163418906630305,4.076661392587748,-,-,1.13,0.11,139.0,13.9
STD_ETF46_021920_256s_15x20_a,3.681457371896552,0.3745403102663899,3.681457371896552,0.3745403102663899,-,2.4725271979816967,0.6445012174270924,2798.0210526110664,152.6845311942815,2875.0270828498155,220.8783519851898,2721.015022372317,210.86255686673417,4.250038811876122,3.059257229761007,2.6096092719150485,1.5685648241987031,6.319145819967638,3.855970884647584,-,*,1.13,0.11,139.0,13.9
STD_ETF46_021920_256s_15x20_b,3.695713278366385,0.3763921955511749,3.695713278366385,0.3763921955511749,-,2.4726379455592173,0.6443586000167366,2827.1986992163847,154.25282781692195,2873.8136636369204,220.58166608705753,2780.583734795849,215.6837224834682,4.041189490640173,2.9253020941603474,2.583065123144666,1.5240656248213245,8.381152318312301,4.0660335045877085,-,-,1.13,0.11,139.0,13.9
STD_ETF46_021920_256s_15x20_c,3.665426420956178,0.3727874877814914,3.665426420956178,0.3727874877814914,-,2.457913690806095,0.6415384262041302,2819.629365570561,153.81612909932863,2879.9402283168283,221.05053951840586,2759.3185028242933,213.94921187755523,3.7370905197069777,2.691636405188635,3.352955319320222,1.9674866298496272,6.223084704965561,5.196441731756354,-,-,1.13,0.11,139.0,13.9
STD_ETF46_022120_256s_15x20_a,3.782196553063643,0.38472966302952416,3.782196553063643,0.38472966302952416,-,2.6600574818239764,0.6923502565447766,2949.707240692629,160.4190468103474,3055.6601297043785,233.74592541767925,2843.7543516808796,219.77243837386536,4.58807899248547,3.300621776880326,2.6776197791458607,1.5704680304451066,8.65403797191814,4.581914403968298,-,-,1.13,0.11,139.0,13.9
STD_ETF46_022120_256s_15x20_b,3.6279589459573147,0.36925005323090915,3.6279589459573147,0.36925005323090915,-,2.4494834725222807,0.6377965174125356,2822.9106652926166,153.809221169099,2867.917100255772,220.0909142734568,2777.904230329461,214.9164849909219,3.2891693765487178,2.360941066128474,2.8367359841496564,1.6912323241259828,4.919883485879759,4.707163144816424,-,-,1.13,0.11,139.0,13.9
STD_ETF46_022120_256s_15x20_c,3.620286119035721,0.36873349140668377,3.620286119035721,0.36873349140668377,-,2.4523363511152785,0.6386279083194829,2828.7099869168924,154.41119474151034,2885.856821986264,221.1780018182578,2771.56315184752,215.52623913965851,3.1653218833735637,2.2853918630749392,3.1740359701150087,1.8637405821294968,5.04881840661394,4.496555987584224,-,-,1.13,0.11,139.0,13.9
STD_ETFS_15x20_256s_2,3.740324478766928,0.3802334573068589,3.740324478766928,0.3802334573068589,-,2.681097082758706,0.6991502601552139,2870.4117060127164,156.38951812821253,2954.9199956366897,226.4358512216672,2785.9034163887436,215.77194164908713,3.4177288823352354,2.4969507711761665,2.1326364684492853,1.2503837079701174,4.474118073061703,4.3313963042959545,-,-,,,,
STD_ETFS_15x25_256s,3.878049244278923,0.3945292668472734,3.878049244278923,0.3945292668472734,-,2.7560426915752947,0.7186542811978821,3036.81158192316,165.31747223761457,3127.8277954777823,239.39604669592464,2945.7953683685378,228.05481651239143,3.938496828983286,2.8317351736039234,2.4218531162469623,1.4199111880360331,3.7952268312446376,7.18824794262824,*,-,,,,
VF74_127-7_101220_256s_15x20_a,5.30756749953128,0.7324893914832671,5.30756749953128,0.7324893914832671,-,2.612553480411596,0.49032272384715553,1257.7922719153594,148.01106367219353,1210.6739513354098,195.73247041818314,1304.9105924953092,222.0763380045059,2.6380753488299424,0.6083297194263533,2.4627080396184193,0.5974116423536058,3.2948291450200924,2.481288530827625,*,*,3.98,0.39,439.0,43.9
VF74_127-7_101220_256s_15x20_b,5.1361020584908035,0.7082346824408389,5.1361020584908035,0.7082346824408389,-,2.5246221741635395,0.4749030399543896,1313.1674057580728,151.32692742448435,1221.9673275872572,195.46768431062213,1404.3674839288885,231.066527747278,2.3524395258397854,0.5384761951413972,1.7076934818096554,0.4199870964835403,2.1071568092487882,2.1863859342073555,*,*,3.98,0.39,439.0,43.9
VF74_127-7_101220_256s_15x20_c,5.3069809518864774,0.7328674085704192,5.3069809518864774,0.7328674085704192,-,2.5808513525655314,0.4849805826323155,1318.724123861531,152.7339793854712,1292.4553018314184,204.28245317300534,1344.9929458916438,227.1108829653591,1.7230042621668578,0.3940670726772435,1.7217964066343874,0.4172488524517012,1.9892137840266069,2.3183316019069324,*,*,3.98,0.39,439.0,43.9
VF74_131-1_101220_256s_25x50_a,4.261935718931081,0.4789884307884254,4.261935718931081,0.4789884307884254,-,2.006211443511935,0.31785834236792604,663.8797972671888,65.58960240364605,647.1746370204621,86.93888210573576,680.5849575139155,98.23245162408635,1.772664745284145,0.3349538199423966,1.4374032506404144,0.2959138370054466,8.00207764049861,7.970977127005582,-,-,,,,
VF74_131-1_101220_256s_25x50_b,4.247159274566565,0.4769661131430559,4.247159274566565,0.4769661131430559,-,2.0001090733228764,0.3174497220160653,660.2562338856565,65.15837154271566,640.918561330816,85.97381974452308,679.593906440497,97.93342558560158,1.7171049167899035,0.3258487781197775,1.412688809908456,0.28977045344300595,11.170489790759575,6.500734860311177,-,-,,,,
VF74_131-1_101220_256s_25x50_c,4.283468564990122,0.48116517785088164,4.283468564990122,0.48116517785088164,-,2.0087736051969,0.31899609979432936,666.980356442871,65.5100858707018,651.0771696682266,86.50219243162188,682.8835432175152,98.40556949517418,1.7877184297219577,0.336426043618264,1.5001114403921025,0.3079885610370643,7.944774813825354,7.531401030112645,-,-,,,,
VF74_131-9_MI1_101220_256s_15x30_a,5.028998850975945,0.8357171596367383,5.028998850975945,0.8357171596367383,-,2.509620658514841,0.5345558311031591,242.75723673242598,73.23600399288098,94.15321557482451,64.52172858781957,391.36125789002745,131.49523057290278,2.276769529991341,0.5742061315257645,3.460055869427134,0.9845676124641962,3.940935803226109,4.784950371354573,*,-,,,,
VF74_131-9_MI1_101220_256s_15x30_b,5.079571945632233,0.8442084614402056,5.079571945632233,0.8442084614402056,-,2.5085009741112354,0.5352137905492161,234.2386731450072,70.96701808843815,57.68434946731662,55.99796910988633,410.7929968226978,130.42046649597236,1.809546031836628,0.4561180850191469,3.567923955407592,0.9760966879013522,2.976144393820197,4.176639815099001,*,-,,,,
VF74_131-9_MI1_101220_256s_15x30_c,5.106605633006357,0.8469236602725977,5.106605633006357,0.8469236602725977,-,2.524762469389755,0.5379093305946341,214.19026415155574,70.97587501693123,67.7058592979584,58.12446811955376,360.6746690051531,129.506160253075,1.8483475114785275,0.466128903527817,3.781357276898425,1.04857263230978,2.7862936214550404,4.280199659319401,*,-,,,,
VF74_131-9_MI2_101220_256s_20x25_a,2.3635767980760543,0.39286760031174733,2.3635767980760543,0.39286760031174733,-,1.299445550132675,0.2823775576222614,631.1750551996417,109.41164717164027,779.0654357452266,167.0550274826865,483.2846746540568,141.33736922698415,0.7176206998563273,0.19167312515464435,1.100885903073121,0.3036717846823444,1.5255305018771048,2.5450349462882937,*,*,,,,
VF74_131-9_MI2_101220_256s_20x25_b,2.377083314428532,0.3946981377024267,2.377083314428532,0.3946981377024267,-,1.305020740713299,0.28357728061969123,627.5026998737552,109.59408213646634,783.2402983685073,167.54605593219858,471.76510137900306,141.3215146356092,1.0696498261308036,0.28029760565206513,1.0146827519720092,0.2867702656953969,2.165620705979338,2.7815932323203403,*,*,,,,
VF74_131-9_MI2_101220_256s_20x25_c,2.5684404394532923,0.42573072563915076,2.5684404394532923,0.42573072563915076,-,1.3869391931949404,0.3017592305468362,643.9059820854941,109.2784711224984,791.1682055183934,166.78763038467739,496.6437586525947,141.24101158709928,1.1150853179632891,0.28966937205604815,1.0952628964509021,0.30226512071109374,2.5595148841549737,2.6477717224195807,*,*,,,,
VF74_132-1_101220_256s_40x50_a,2.484839873356687,0.212218801774125,2.484839873356687,0.212218801774125,-,0.8412470216367756,0.12884405162832066,374.3312407156426,41.06634521819635,360.779333080604,52.77848162052079,387.88314835068115,62.9302051176751,0.8322112042932209,0.17130532221056946,1.094104641909956,0.23763390674511423,5.752039675245747,7.351338974474945,-,-,,,,
VF74_132-1_101220_256s_40x50_b,2.4980264899475717,0.21320903746895395,2.4980264899475717,0.21320903746895395,-,0.8405902420938578,0.12856055414651194,370.26784430090396,41.024908608324665,358.69999927854167,53.038012958340296,381.83568932326625,62.60304854171633,0.8921025152064461,0.1823910379520112,1.1054355186023879,0.23993062821836666,6.588006796934406,7.70332319886717,-,-,,,,
VF74_132-1_101220_256s_40x50_c,2.5024159281067453,0.21356646551744693,2.5024159281067453,0.21356646551744693,-,0.8408121513030884,0.12856762320033818,369.74066299485514,41.203869204043,357.45289636042554,53.24888476651428,382.0284296292848,62.89349426338161,0.8624342194630523,0.17432465982128023,1.1151912930505123,0.24187861056305227,8.201760772510907,7.37861085605007,-,-,,,,
VF74_132-2_101220_256s_20x25_a,3.862203670032879,0.4315158051354332,3.862203670032879,0.4315158051354332,-,1.6980718067790506,0.26864657255450347,318.01006694916646,51.59469944700552,194.49590620352757,61.435166817665035,441.5242276948053,82.90821625263081,1.8195391644445038,0.34258835523597814,1.4042293438773623,0.2883310094665562,6.344097904543415,5.584576661550771,-,-,3.91,0.39,198.0,19.8
VF74_132-2_101220_256s_20x25_b,3.8718353593063264,0.43275295155614735,3.8718353593063264,0.43275295155614735,-,1.6973938051079949,0.2686201045462282,305.47952486628,50.15691979051267,186.65065319789002,60.10753022094172,424.3083965346699,80.31158834331607,1.7798453820515319,0.33774340853654783,1.4010105882853454,0.2877366216585879,7.137332052265097,6.199682491322583,-,-,3.91,0.39,198.0,19.8
VF74_132-2_101220_256s_20x25_c,3.9802139995291785,0.4441706929513388,3.9802139995291785,0.4441706929513388,-,1.7101623118788125,0.27050956015545563,352.3100904419682,53.34727675804804,230.05852148474136,63.58137896405516,474.5616593991951,85.68042949838832,1.882091674429559,0.36286348840591315,1.554313293030201,0.31840322037592034,9.613229631754157,6.18907387932252,-,-,3.91,0.39,198.0,19.8
VF74_134D-15_101220_256s_15x25_a,6.422333689212807,0.9458301137709535,6.422333689212807,0.9458301137709535,-,4.413267632233009,0.8601117341947243,1239.393081754557,139.46836053201955,1150.2507614859687,179.0806808001804,1328.5354020231455,213.85930917802352,3.747847929003788,0.8657170301080145,3.9605408195199647,0.9992826649388012,7.796719754296704,5.683382238535116,-,-,,,,
VF74_134D-15_101220_256s_15x25_b,6.31876607761182,0.9329222024221993,6.31876607761182,0.9329222024221993,-,4.423067736706274,0.8600160818564088,1241.1261313188083,140.74585788047904,1156.3005209056619,181.53034450533605,1325.951741731955,215.13790941120072,3.1659491115459524,0.7327496656333744,3.194433823515273,0.7984846273724683,4.872234864347747,4.565704470285674,-,-,,,,
VF74_134D-15_101220_256s_15x25_c,6.333227162120447,0.9332221290798903,6.333227162120447,0.9332221290798903,-,4.436521226649384,0.863053611644535,1260.8087009845437,143.00095901100127,1161.463703990225,182.51772754167496,1360.1536979788625,220.19168069045472,3.1237532435354334,0.7222262013071119,3.6735097014828098,0.9292554162005745,5.839047047049889,7.74298480646515,-,-,,,,
VF74_136-3_101220_256s_20x30_a,4.066973894145873,0.4902672679394029,4.066973894145873,0.4902672679394029,-,1.9860814513705138,0.35169851464722995,598.3292984218082,82.09215639755138,584.7385599259513,109.20795915704257,611.920036917665,122.59734999074762,1.8754506378867573,0.41159124520971635,1.5281262848788755,0.3621241416445429,5.8966629298074595,5.254649185182902,-,-,,,,
VF74_136-3_101220_256s_20x30_b,4.0725261089873825,0.49035613111496007,4.0725261089873825,0.49035613111496007,-,1.978682061446746,0.3494240368930578,609.9764379730823,82.92048642921476,592.8914910838431,109.67398397351351,627.0613848623216,124.397932129147,1.7910825916101143,0.3976118539608651,1.4183660574599621,0.3401540373628176,7.237378268273517,6.4003759870587436,-,-,,,,
VF74_136-3_101220_256s_20x30_c,4.049304116389427,0.48912911225254335,4.049304116389427,0.48912911225254335,-,1.982532047844413,0.35067335267633654,604.83398683979,81.71392535917147,593.8803230603147,109.11147353195466,615.7876506192654,121.66901303989665,1.6807483878855383,0.3815270477302125,1.5360431327405086,0.3634924697865594,7.248688996496085,9.635992208371379,-,-,,,,
