,Density,Density_Sat,Tau,Na/Na+Ca,epsilon_H2OT_3550,sigma_epsilon_H2OT_3550,epsilon_H2Om_1635,sigma_epsilon_H2Om_1635,epsilon_CO2,sigma_epsilon_CO2,epsilon_H2Om_5200,sigma_epsilon_H2Om_5200,epsilon_OH_4500,sigma_epsilon_OH_4500
21ALV1846-9_44x44_s1_EP_103um,2799.721949923055,2799.721949923055,0.6595583965411587,0.2177055637742523,62.797376399201426,7.277666388680767,31.55291897442271,8.360874827617256,363.36622990789755,14.079332668884508,0.7923637506632906,0.29076592785854016,0.6971745460663672,0.2701884656891454
21ALV1846-9_44x44_s2_EP_103um,2796.6406876628594,2796.6406876628594,0.6595583965411587,0.2177055637742523,62.797376399201426,7.277666388680767,31.55291897442271,8.360874827617256,363.36622990789755,14.079332668884508,0.7923637506632906,0.29076592785854016,0.6971745460663672,0.2701884656891454
21ALV1846-9_44x44_s3_EP_103um,2799.384881945337,2799.384881945337,0.6595583965411587,0.2177055637742523,62.797376399201426,7.277666388680767,31.55291897442271,8.360874827617256,363.36622990789755,14.079332668884508,0.7923637506632906,0.29076592785854016,0.6971745460663672,0.2701884656891454
23WOK5-4_44x44_s1_EP_147um,2809.8053351084964,2809.8053351084964,0.6571068603683341,0.34672038706821856,62.622413471607786,7.264732195719246,31.248314295828948,8.345742800550846,317.5394808953173,17.130452472425716,0.7809015246442361,0.29022804937738056,0.6885144406020682,0.26969349444769575
23WOK5-4_44x44_s2_EP_147um,2811.8719680602776,2811.8719680602776,0.6571068603683341,0.34672038706821856,62.622413471607786,7.264732195719246,31.248314295828948,8.345742800550846,317.5394808953173,17.130452472425716,0.7809015246442361,0.29022804937738056,0.6885144406020682,0.26969349444769575
23WOK5-4_44x44_s3_EP_147um,2810.7909980756112,2810.7909980756112,0.6571068603683341,0.34672038706821856,62.622413471607786,7.264732195719246,31.248314295828948,8.345742800550846,317.5394808953173,17.130452472425716,0.7809015246442361,0.29022804937738056,0.6885144406020682,0.26969349444769575
ALV1833-11_44x44_s1_EP_108um,2808.2295750240055,2808.2295750240055,0.6569207364214361,0.30273451925329103,62.60913004915392,7.263750589177731,31.22518829603669,8.344593415137242,333.16349426827895,16.133077718059152,0.7800312969190442,0.29018718386807707,0.6878569536649244,0.2696559106772271
ALV1833-11_44x44_s2_EP_108um,2808.305077356991,2808.305077356991,0.6569207364214361,0.30273451925329103,62.60913004915392,7.263750589177731,31.22518829603669,8.344593415137242,333.16349426827895,16.133077718059152,0.7800312969190442,0.29018718386807707,0.6878569536649244,0.2696559106772271
ALV1833-11_44x44_s3_EP_108um,2808.31203337496,2808.31203337496,0.6569207364214361,0.30273451925329103,62.60913004915392,7.263750589177731,31.22518829603669,8.344593415137242,333.16349426827895,16.133077718059152,0.7800312969190442,0.29018718386807707,0.6878569536649244,0.2696559106772271
CD33_12-2-2_VG9764_44x44_s1_EP_105um,2905.5816300695833,2905.5816300695833,0.6353455242696043,0.29614761239911863,61.06933539983039,7.150329152917523,28.544456665008298,8.210831123422407,335.50319849348733,15.980342083149338,0.6791557883972144,0.2854218171054137,0.6116420420839113,0.2652944993411004
CD33_12-2-2_VG9764_44x44_s2_EP_105um,2905.6618751152605,2905.6618751152605,0.6353455242696043,0.29614761239911863,61.06933539983039,7.150329152917523,28.544456665008298,8.210831123422407,335.50319849348733,15.980342083149338,0.6791557883972144,0.2854218171054137,0.6116420420839113,0.2652944993411004
CD33_12-2-2_VG9764_44x44_s3_EP_105um,2905.559977922566,2905.559977922566,0.6353455242696043,0.29614761239911863,61.06933539983039,7.150329152917523,28.544456665008298,8.210831123422407,335.50319849348733,15.980342083149338,0.6791557883972144,0.2854218171054137,0.6116420420839113,0.2652944993411004
CD33_22-1-1_VG9812_44x44_s1_EP_73um,2861.908567524178,2861.908567524178,0.6452473155181329,0.23744804284987672,61.776013279793126,7.202292497106125,29.77475951519449,8.272351336078327,356.35359670509666,14.573588965542342,0.7254518906298646,0.28761587845630965,0.6466203375087458,0.26729731974053944
CD33_22-1-1_VG9812_44x44_s2_EP_73um,2862.4086621384818,2862.4086621384818,0.6452473155181329,0.23744804284987672,61.776013279793126,7.202292497106125,29.77475951519449,8.272351336078327,356.35359670509666,14.573588965542342,0.7254518906298646,0.28761587845630965,0.6466203375087458,0.26729731974053944
CD33_22-1-1_VG9812_44x44_s3_EP_73um,2862.1740452469303,2862.1740452469303,0.6452473155181329,0.23744804284987672,61.776013279793126,7.202292497106125,29.77475951519449,8.272351336078327,356.35359670509666,14.573588965542342,0.7254518906298646,0.28761587845630965,0.6466203375087458,0.26729731974053944
ETFSR_Ol8_256s,2898.3731176838414,2898.3731176838414,0.5393413296021615,0.1849790280858989,54.21764169590582,6.655217227683561,16.61588421133858,7.601718900742773,374.9908688350398,13.231708272917269,0.230285488112135,0.26346876902317046,0.27250511232888686,0.24576187218300174
ETFSR_Ol8_256s_2,2900.0858210260344,2900.0858210260344,0.5393413296021615,0.1849790280858989,54.21764169590582,6.655217227683561,16.61588421133858,7.601718900742773,374.9908688350398,13.231708272917269,0.230285488112135,0.26346876902317046,0.27250511232888686,0.24576187218300174
ETFSR_Ol8_highres_256s,2897.3001919922403,2897.3001919922403,0.5393413296021615,0.1849790280858989,54.21764169590582,6.655217227683561,16.61588421133858,7.601718900742773,374.9908688350398,13.231708272917269,0.230285488112135,0.26346876902317046,0.27250511232888686,0.24576187218300174
Fiege63_256s,2917.0654455495605,2875.1757000367356,0.5916736603105943,0.35108032293919783,57.95253163554577,6.923069598304947,23.11820424732595,7.936709671836037,315.9908085662853,17.227330554416284,0.47496676564467233,0.27559511325170327,0.45737022186770115,0.25643591085994877
Fiege63_256s_2,2911.85124583552,2872.0790947152636,0.5916736603105943,0.35108032293919783,57.95253163554577,6.923069598304947,23.11820424732595,7.936709671836037,315.9908085662853,17.227330554416284,0.47496676564467233,0.27559511325170327,0.45737022186770115,0.25643591085994877
Fiege63_256s_3,2906.194027827778,2870.9621324271334,0.5916736603105943,0.35108032293919783,57.95253163554577,6.923069598304947,23.11820424732595,7.936709671836037,315.9908085662853,17.227330554416284,0.47496676564467233,0.27559511325170327,0.45737022186770115,0.25643591085994877
Fiege73_256s,2923.1817146615067,2848.2714864617324,0.5916736603105943,0.35108032293919783,57.95253163554577,6.923069598304947,23.11820424732595,7.936709671836037,315.9908085662853,17.227330554416284,0.47496676564467233,0.27559511325170327,0.45737022186770115,0.25643591085994877
Fiege73_256s_2,2922.645219849448,2847.597020910576,0.5916736603105943,0.35108032293919783,57.95253163554577,6.923069598304947,23.11820424732595,7.936709671836037,315.9908085662853,17.227330554416284,0.47496676564467233,0.27559511325170327,0.45737022186770115,0.25643591085994877
Fiege73_256s_2_highres,2924.4842148281573,2848.6670698271346,0.5916736603105943,0.35108032293919783,57.95253163554577,6.923069598304947,23.11820424732595,7.936709671836037,315.9908085662853,17.227330554416284,0.47496676564467233,0.27559511325170327,0.45737022186770115,0.25643591085994877
Fiege73_2_256s,2922.645219849448,2847.597020910576,0.5916736603105943,0.35108032293919783,57.95253163554577,6.923069598304947,23.11820424732595,7.936709671836037,315.9908085662853,17.227330554416284,0.47496676564467233,0.27559511325170327,0.45737022186770115,0.25643591085994877
STD_C1'_256s_20x50,2770.719174585898,2770.719174585898,0.6649906256198775,0.2303499446913632,63.18506747776173,7.3063590957940425,32.22787633826387,8.394358133612345,358.8748787909209,14.397248320020301,0.8177622898232548,0.2919552657680688,0.7163640147959813,0.27128482278819366
STD_C1_020320_256s_20x50_a,2772.9479963438657,2772.9479963438657,0.6649906256198775,0.2303499446913632,63.18506747776173,7.3063590957940425,32.22787633826387,8.394358133612345,358.8748787909209,14.397248320020301,0.8177622898232548,0.2919552657680688,0.7163640147959813,0.27128482278819366
STD_C1_020320_256s_20x50_b,2772.640985737546,2772.640985737546,0.6649906256198775,0.2303499446913632,63.18506747776173,7.3063590957940425,32.22787633826387,8.394358133612345,358.8748787909209,14.397248320020301,0.8177622898232548,0.2919552657680688,0.7163640147959813,0.27128482278819366
STD_C1_020320_256s_20x50_c,2771.7386629504595,2771.7386629504595,0.6649906256198775,0.2303499446913632,63.18506747776173,7.3063590957940425,32.22787633826387,8.394358133612345,358.8748787909209,14.397248320020301,0.8177622898232548,0.2919552657680688,0.7163640147959813,0.27128482278819366
STD_C1_020520_256s_20x50_a,2772.829455985529,2772.829455985529,0.6649906256198775,0.2303499446913632,63.18506747776173,7.3063590957940425,32.22787633826387,8.394358133612345,358.8748787909209,14.397248320020301,0.8177622898232548,0.2919552657680688,0.7163640147959813,0.27128482278819366
STD_C1_020520_256s_20x50_b,2772.7877582370756,2772.7877582370756,0.6649906256198775,0.2303499446913632,63.18506747776173,7.3063590957940425,32.22787633826387,8.394358133612345,358.8748787909209,14.397248320020301,0.8177622898232548,0.2919552657680688,0.7163640147959813,0.27128482278819366
STD_C1_020520_256s_20x50_c,2772.8477976087925,2772.8477976087925,0.6649906256198775,0.2303499446913632,63.18506747776173,7.3063590957940425,32.22787633826387,8.394358133612345,358.8748787909209,14.397248320020301,0.8177622898232548,0.2919552657680688,0.7163640147959813,0.27128482278819366
STD_C1_021220_256s_20x50_a,2774.3726652405912,2774.3726652405912,0.6649906256198775,0.2303499446913632,63.18506747776173,7.3063590957940425,32.22787633826387,8.394358133612345,358.8748787909209,14.397248320020301,0.8177622898232548,0.2919552657680688,0.7163640147959813,0.27128482278819366
STD_C1_021220_256s_20x50_b,2775.5470775755657,2775.5470775755657,0.6649906256198775,0.2303499446913632,63.18506747776173,7.3063590957940425,32.22787633826387,8.394358133612345,358.8748787909209,14.397248320020301,0.8177622898232548,0.2919552657680688,0.7163640147959813,0.27128482278819366
STD_C1_021220_256s_20x50_c,2775.564404383661,2775.564404383661,0.6649906256198775,0.2303499446913632,63.18506747776173,7.3063590957940425,32.22787633826387,8.394358133612345,358.8748787909209,14.397248320020301,0.8177622898232548,0.2919552657680688,0.7163640147959813,0.27128482278819366
STD_C1_021420_256s_20x50_a,2773.160286042655,2773.160286042655,0.6649906256198775,0.2303499446913632,63.18506747776173,7.3063590957940425,32.22787633826387,8.394358133612345,358.8748787909209,14.397248320020301,0.8177622898232548,0.2919552657680688,0.7163640147959813,0.27128482278819366
STD_C1_021420_256s_20x50_b,2773.6145809600466,2773.6145809600466,0.6649906256198775,0.2303499446913632,63.18506747776173,7.3063590957940425,32.22787633826387,8.394358133612345,358.8748787909209,14.397248320020301,0.8177622898232548,0.2919552657680688,0.7163640147959813,0.27128482278819366
STD_C1_021420_256s_20x50_c,2773.4399585346036,2773.4399585346036,0.6649906256198775,0.2303499446913632,63.18506747776173,7.3063590957940425,32.22787633826387,8.394358133612345,358.8748787909209,14.397248320020301,0.8177622898232548,0.2919552657680688,0.7163640147959813,0.27128482278819366
STD_C1_021720_256s_20x50_a,2774.0875232445987,2774.0875232445987,0.6649906256198775,0.2303499446913632,63.18506747776173,7.3063590957940425,32.22787633826387,8.394358133612345,358.8748787909209,14.397248320020301,0.8177622898232548,0.2919552657680688,0.7163640147959813,0.27128482278819366
STD_C1_021720_256s_20x50_b,2773.946300341624,2773.946300341624,0.6649906256198775,0.2303499446913632,63.18506747776173,7.3063590957940425,32.22787633826387,8.394358133612345,358.8748787909209,14.397248320020301,0.8177622898232548,0.2919552657680688,0.7163640147959813,0.27128482278819366
STD_C1_021720_256s_20x50_c,2774.2176564450365,2774.2176564450365,0.6649906256198775,0.2303499446913632,63.18506747776173,7.3063590957940425,32.22787633826387,8.394358133612345,358.8748787909209,14.397248320020301,0.8177622898232548,0.2919552657680688,0.7163640147959813,0.27128482278819366
STD_C1_021920_256s_20x50_a,2772.8944594110794,2772.8944594110794,0.6649906256198775,0.2303499446913632,63.18506747776173,7.3063590957940425,32.22787633826387,8.394358133612345,358.8748787909209,14.397248320020301,0.8177622898232548,0.2919552657680688,0.7163640147959813,0.27128482278819366
STD_C1_021920_256s_20x50_b,2772.9441240933565,2772.9441240933565,0.6649906256198775,0.2303499446913632,63.18506747776173,7.3063590957940425,32.22787633826387,8.394358133612345,358.8748787909209,14.397248320020301,0.8177622898232548,0.2919552657680688,0.7163640147959813,0.27128482278819366
STD_C1_021920_256s_20x50_c,2772.599655647203,2772.599655647203,0.6649906256198775,0.2303499446913632,63.18506747776173,7.3063590957940425,32.22787633826387,8.394358133612345,358.8748787909209,14.397248320020301,0.8177622898232548,0.2919552657680688,0.7163640147959813,0.27128482278819366
STD_C1_022120_256s_20x50_a,2774.2024738634886,2774.2024738634886,0.6649906256198775,0.2303499446913632,63.18506747776173,7.3063590957940425,32.22787633826387,8.394358133612345,358.8748787909209,14.397248320020301,0.8177622898232548,0.2919552657680688,0.7163640147959813,0.27128482278819366
STD_C1_022120_256s_20x50_b,2774.186424791895,2774.186424791895,0.6649906256198775,0.2303499446913632,63.18506747776173,7.3063590957940425,32.22787633826387,8.394358133612345,358.8748787909209,14.397248320020301,0.8177622898232548,0.2919552657680688,0.7163640147959813,0.27128482278819366
STD_C1_022120_256s_20x50_c,2774.40292774089,2774.40292774089,0.6649906256198775,0.2303499446913632,63.18506747776173,7.3063590957940425,32.22787633826387,8.394358133612345,358.8748787909209,14.397248320020301,0.8177622898232548,0.2919552657680688,0.7163640147959813,0.27128482278819366
STD_CN92C_OL2_020320_256s_20x25_a,2717.2826488325013,2717.2826488325013,0.6597528305721314,0.2531711551948636,62.8112529014778,7.278692605828422,31.577077506598854,8.362074399140308,350.76866386766187,14.959081307391472,0.7932728324192562,0.2908085572187642,0.6978613885583269,0.2702277172962116
STD_CN92C_OL2_020320_256s_20x25_b,2721.22926096065,2721.22926096065,0.6597528305721314,0.2531711551948636,62.8112529014778,7.278692605828422,31.577077506598854,8.362074399140308,350.76866386766187,14.959081307391472,0.7932728324192562,0.2908085572187642,0.6978613885583269,0.2702277172962116
STD_CN92C_OL2_020320_256s_20x25_c,2715.198084309121,2715.198084309121,0.6597528305721314,0.2531711551948636,62.8112529014778,7.278692605828422,31.577077506598854,8.362074399140308,350.76866386766187,14.959081307391472,0.7932728324192562,0.2908085572187642,0.6978613885583269,0.2702277172962116
STD_CN92C_OL2_020520_256s_20x25_a,2712.75515666705,2712.75515666705,0.6597528305721314,0.2531711551948636,62.8112529014778,7.278692605828422,31.577077506598854,8.362074399140308,350.76866386766187,14.959081307391472,0.7932728324192562,0.2908085572187642,0.6978613885583269,0.2702277172962116
STD_CN92C_OL2_020520_256s_20x25_b,2708.8949423346603,2708.8949423346603,0.6597528305721314,0.2531711551948636,62.8112529014778,7.278692605828422,31.577077506598854,8.362074399140308,350.76866386766187,14.959081307391472,0.7932728324192562,0.2908085572187642,0.6978613885583269,0.2702277172962116
STD_CN92C_OL2_020520_256s_20x25_c,2709.700390058029,2709.700390058029,0.6597528305721314,0.2531711551948636,62.8112529014778,7.278692605828422,31.577077506598854,8.362074399140308,350.76866386766187,14.959081307391472,0.7932728324192562,0.2908085572187642,0.6978613885583269,0.2702277172962116
STD_CN92C_OL2_021220_20x25_a,2741.2702511133566,2741.2702511133566,0.6597528305721314,0.2531711551948636,62.8112529014778,7.278692605828422,31.577077506598854,8.362074399140308,350.76866386766187,14.959081307391472,0.7932728324192562,0.2908085572187642,0.6978613885583269,0.2702277172962116
STD_CN92C_OL2_021220_20x25_b,2740.0835868243644,2740.0835868243644,0.6597528305721314,0.2531711551948636,62.8112529014778,7.278692605828422,31.577077506598854,8.362074399140308,350.76866386766187,14.959081307391472,0.7932728324192562,0.2908085572187642,0.6978613885583269,0.2702277172962116
STD_CN92C_OL2_021220_20x25_c,2739.3000054443505,2739.3000054443505,0.6597528305721314,0.2531711551948636,62.8112529014778,7.278692605828422,31.577077506598854,8.362074399140308,350.76866386766187,14.959081307391472,0.7932728324192562,0.2908085572187642,0.6978613885583269,0.2702277172962116
STD_CN92C_OL2_021420_256s_20x25_a,2726.3781096907683,2726.3781096907683,0.6597528305721314,0.2531711551948636,62.8112529014778,7.278692605828422,31.577077506598854,8.362074399140308,350.76866386766187,14.959081307391472,0.7932728324192562,0.2908085572187642,0.6978613885583269,0.2702277172962116
STD_CN92C_OL2_021420_256s_20x25_b,2727.041252159322,2727.041252159322,0.6597528305721314,0.2531711551948636,62.8112529014778,7.278692605828422,31.577077506598854,8.362074399140308,350.76866386766187,14.959081307391472,0.7932728324192562,0.2908085572187642,0.6978613885583269,0.2702277172962116
STD_CN92C_OL2_021420_256s_20x25_c,2725.476813445356,2725.476813445356,0.6597528305721314,0.2531711551948636,62.8112529014778,7.278692605828422,31.577077506598854,8.362074399140308,350.76866386766187,14.959081307391472,0.7932728324192562,0.2908085572187642,0.6978613885583269,0.2702277172962116
STD_CN92C_OL2_021720_256s_20x25_a,2726.364583440777,2726.364583440777,0.6597528305721314,0.2531711551948636,62.8112529014778,7.278692605828422,31.577077506598854,8.362074399140308,350.76866386766187,14.959081307391472,0.7932728324192562,0.2908085572187642,0.6978613885583269,0.2702277172962116
STD_CN92C_OL2_021720_256s_20x25_b,2725.8714058819032,2725.8714058819032,0.6597528305721314,0.2531711551948636,62.8112529014778,7.278692605828422,31.577077506598854,8.362074399140308,350.76866386766187,14.959081307391472,0.7932728324192562,0.2908085572187642,0.6978613885583269,0.2702277172962116
STD_CN92C_OL2_021720_256s_20x25_c,2725.621380046251,2725.621380046251,0.6597528305721314,0.2531711551948636,62.8112529014778,7.278692605828422,31.577077506598854,8.362074399140308,350.76866386766187,14.959081307391472,0.7932728324192562,0.2908085572187642,0.6978613885583269,0.2702277172962116
STD_CN92C_OL2_021920_256s_20x25_a,2718.2756831853385,2718.2756831853385,0.6597528305721314,0.2531711551948636,62.8112529014778,7.278692605828422,31.577077506598854,8.362074399140308,350.76866386766187,14.959081307391472,0.7932728324192562,0.2908085572187642,0.6978613885583269,0.2702277172962116
STD_CN92C_OL2_021920_256s_20x25_b,2717.9022678620513,2717.9022678620513,0.6597528305721314,0.2531711551948636,62.8112529014778,7.278692605828422,31.577077506598854,8.362074399140308,350.76866386766187,14.959081307391472,0.7932728324192562,0.2908085572187642,0.6978613885583269,0.2702277172962116
STD_CN92C_OL2_021920_256s_20x25_c,2718.2229708293044,2718.2229708293044,0.6597528305721314,0.2531711551948636,62.8112529014778,7.278692605828422,31.577077506598854,8.362074399140308,350.76866386766187,14.959081307391472,0.7932728324192562,0.2908085572187642,0.6978613885583269,0.2702277172962116
STD_CN92C_OL2_022120_256s_20x25_a,2719.6096058198764,2719.6096058198764,0.6597528305721314,0.2531711551948636,62.8112529014778,7.278692605828422,31.577077506598854,8.362074399140308,350.76866386766187,14.959081307391472,0.7932728324192562,0.2908085572187642,0.6978613885583269,0.2702277172962116
STD_CN92C_OL2_022120_256s_20x25_b,2720.796848296064,2720.796848296064,0.6597528305721314,0.2531711551948636,62.8112529014778,7.278692605828422,31.577077506598854,8.362074399140308,350.76866386766187,14.959081307391472,0.7932728324192562,0.2908085572187642,0.6978613885583269,0.2702277172962116
STD_CN92C_OL2_022120_256s_20x25_c,2720.4247336813514,2720.4247336813514,0.6597528305721314,0.2531711551948636,62.8112529014778,7.278692605828422,31.577077506598854,8.362074399140308,350.76866386766187,14.959081307391472,0.7932728324192562,0.2908085572187642,0.6978613885583269,0.2702277172962116
STD_D1010_012821_256s_100x100_a,2795.3169671265937,2803.9732649824996,0.6585005613973197,0.33157962514364914,62.72188008969184,7.272084174154002,31.421482392916758,8.35434699872907,322.91755977696255,16.791353467152266,0.7874178128288873,0.29053392101418585,0.6934377201483826,0.2699749007943789
STD_D1010_012821_256s_100x100_b,2794.141390063842,2803.963401188381,0.6585005613973197,0.33157962514364914,62.72188008969184,7.272084174154002,31.421482392916758,8.35434699872907,322.91755977696255,16.791353467152266,0.7874178128288873,0.29053392101418585,0.6934377201483826,0.2699749007943789
STD_D1010_012821_256s_100x100_c,2793.730344586186,2804.6116075152445,0.6585005613973197,0.33157962514364914,62.72188008969184,7.272084174154002,31.421482392916758,8.35434699872907,322.91755977696255,16.791353467152266,0.7874178128288873,0.29053392101418585,0.6934377201483826,0.2699749007943789
STD_D1010_020320_256s_100x100_a,2795.464560506422,2804.20243432071,0.6585005613973197,0.33157962514364914,62.72188008969184,7.272084174154002,31.421482392916758,8.35434699872907,322.91755977696255,16.791353467152266,0.7874178128288873,0.29053392101418585,0.6934377201483826,0.2699749007943789
STD_D1010_020320_256s_100x100_b,2795.501333268737,2803.912745128863,0.6585005613973197,0.33157962514364914,62.72188008969184,7.272084174154002,31.421482392916758,8.35434699872907,322.91755977696255,16.791353467152266,0.7874178128288873,0.29053392101418585,0.6934377201483826,0.2699749007943789
STD_D1010_020320_256s_100x100_c,2795.2989355225864,2803.738834510849,0.6585005613973197,0.33157962514364914,62.72188008969184,7.272084174154002,31.421482392916758,8.35434699872907,322.91755977696255,16.791353467152266,0.7874178128288873,0.29053392101418585,0.6934377201483826,0.2699749007943789
STD_D1010_020520_256s_100x100_a,2795.3422753940154,2798.389674340364,0.6585005613973197,0.33157962514364914,62.72188008969184,7.272084174154002,31.421482392916758,8.35434699872907,322.91755977696255,16.791353467152266,0.7874178128288873,0.29053392101418585,0.6934377201483826,0.2699749007943789
STD_D1010_020520_256s_100x100_b,2795.379855987134,2798.942251188576,0.6585005613973197,0.33157962514364914,62.72188008969184,7.272084174154002,31.421482392916758,8.35434699872907,322.91755977696255,16.791353467152266,0.7874178128288873,0.29053392101418585,0.6934377201483826,0.2699749007943789
STD_D1010_020520_256s_100x100_c,2795.7217183491903,2800.5444148573583,0.6585005613973197,0.33157962514364914,62.72188008969184,7.272084174154002,31.421482392916758,8.35434699872907,322.91755977696255,16.791353467152266,0.7874178128288873,0.29053392101418585,0.6934377201483826,0.2699749007943789
STD_D1010_021220_256s_100x100_a,2795.165931657057,2802.789568577641,0.6585005613973197,0.33157962514364914,62.72188008969184,7.272084174154002,31.421482392916758,8.35434699872907,322.91755977696255,16.791353467152266,0.7874178128288873,0.29053392101418585,0.6934377201483826,0.2699749007943789
STD_D1010_021220_256s_100x100_b,2795.16851831549,2802.4132001101575,0.6585005613973197,0.33157962514364914,62.72188008969184,7.272084174154002,31.421482392916758,8.35434699872907,322.91755977696255,16.791353467152266,0.7874178128288873,0.29053392101418585,0.6934377201483826,0.2699749007943789
STD_D1010_021220_256s_100x100_c,2795.244792980329,2802.5898174357712,0.6585005613973197,0.33157962514364914,62.72188008969184,7.272084174154002,31.421482392916758,8.35434699872907,322.91755977696255,16.791353467152266,0.7874178128288873,0.29053392101418585,0.6934377201483826,0.2699749007943789
STD_D1010_021420_256s_100x100_a,2796.074141964613,2810.0352198933956,0.6585005613973197,0.33157962514364914,62.72188008969184,7.272084174154002,31.421482392916758,8.35434699872907,322.91755977696255,16.791353467152266,0.7874178128288873,0.29053392101418585,0.6934377201483826,0.2699749007943789
STD_D1010_021420_256s_100x100_b,2795.7054186915284,2809.3642420378605,0.6585005613973197,0.33157962514364914,62.72188008969184,7.272084174154002,31.421482392916758,8.35434699872907,322.91755977696255,16.791353467152266,0.7874178128288873,0.29053392101418585,0.6934377201483826,0.2699749007943789
STD_D1010_021420_256s_100x100_c,2794.9111512486566,2810.7607862099767,0.6585005613973197,0.33157962514364914,62.72188008969184,7.272084174154002,31.421482392916758,8.35434699872907,322.91755977696255,16.791353467152266,0.7874178128288873,0.29053392101418585,0.6934377201483826,0.2699749007943789
STD_D1010_021720_256s_100x100_a,2795.685068470804,2806.767525560971,0.6585005613973197,0.33157962514364914,62.72188008969184,7.272084174154002,31.421482392916758,8.35434699872907,322.91755977696255,16.791353467152266,0.7874178128288873,0.29053392101418585,0.6934377201483826,0.2699749007943789
STD_D1010_021720_256s_100x100_b,2795.9623412421433,2807.210352005554,0.6585005613973197,0.33157962514364914,62.72188008969184,7.272084174154002,31.421482392916758,8.35434699872907,322.91755977696255,16.791353467152266,0.7874178128288873,0.29053392101418585,0.6934377201483826,0.2699749007943789
STD_D1010_021720_256s_100x100_c,2795.6843597892216,2806.9561349124174,0.6585005613973197,0.33157962514364914,62.72188008969184,7.272084174154002,31.421482392916758,8.35434699872907,322.91755977696255,16.791353467152266,0.7874178128288873,0.29053392101418585,0.6934377201483826,0.2699749007943789
STD_D1010_021720_256s_50x50_b,2795.480740995335,2806.4710407028474,0.6585005613973197,0.33157962514364914,62.72188008969184,7.272084174154002,31.421482392916758,8.35434699872907,322.91755977696255,16.791353467152266,0.7874178128288873,0.29053392101418585,0.6934377201483826,0.2699749007943789
STD_D1010_021720_256s_80x80_a,2796.1803773771026,2806.4203547871725,0.6585005613973197,0.33157962514364914,62.72188008969184,7.272084174154002,31.421482392916758,8.35434699872907,322.91755977696255,16.791353467152266,0.7874178128288873,0.29053392101418585,0.6934377201483826,0.2699749007943789
STD_D1010_021720_256s_80x80_b,2796.087192245877,2806.9000552465463,0.6585005613973197,0.33157962514364914,62.72188008969184,7.272084174154002,31.421482392916758,8.35434699872907,322.91755977696255,16.791353467152266,0.7874178128288873,0.29053392101418585,0.6934377201483826,0.2699749007943789
STD_D1010_021720_256s_80x80_c,2796.0392209029783,2807.054730544462,0.6585005613973197,0.33157962514364914,62.72188008969184,7.272084174154002,31.421482392916758,8.35434699872907,322.91755977696255,16.791353467152266,0.7874178128288873,0.29053392101418585,0.6934377201483826,0.2699749007943789
STD_D1010_021920_256s_100x100_a,2794.8898036971736,2804.932656217849,0.6585005613973197,0.33157962514364914,62.72188008969184,7.272084174154002,31.421482392916758,8.35434699872907,322.91755977696255,16.791353467152266,0.7874178128288873,0.29053392101418585,0.6934377201483826,0.2699749007943789
STD_D1010_021920_256s_100x100_b,2795.2531133679263,2805.2574556403847,0.6585005613973197,0.33157962514364914,62.72188008969184,7.272084174154002,31.421482392916758,8.35434699872907,322.91755977696255,16.791353467152266,0.7874178128288873,0.29053392101418585,0.6934377201483826,0.2699749007943789
STD_D1010_021920_256s_100x100_c,2795.2069724759594,2805.5290150875735,0.6585005613973197,0.33157962514364914,62.72188008969184,7.272084174154002,31.421482392916758,8.35434699872907,322.91755977696255,16.791353467152266,0.7874178128288873,0.29053392101418585,0.6934377201483826,0.2699749007943789
STD_D1010_022120_256s_100x100_a,2795.9362834200697,2800.9328767663164,0.6585005613973197,0.33157962514364914,62.72188008969184,7.272084174154002,31.421482392916758,8.35434699872907,322.91755977696255,16.791353467152266,0.7874178128288873,0.29053392101418585,0.6934377201483826,0.2699749007943789
STD_D1010_022120_256s_100x100_b,2795.6761407436607,2801.181134169044,0.6585005613973197,0.33157962514364914,62.72188008969184,7.272084174154002,31.421482392916758,8.35434699872907,322.91755977696255,16.791353467152266,0.7874178128288873,0.29053392101418585,0.6934377201483826,0.2699749007943789
STD_D1010_022120_256s_100x100_c,2795.4934138144954,2801.1087072504497,0.6585005613973197,0.33157962514364914,62.72188008969184,7.272084174154002,31.421482392916758,8.35434699872907,322.91755977696255,16.791353467152266,0.7874178128288873,0.29053392101418585,0.6934377201483826,0.2699749007943789
STD_D1010_030920_256s_100x100_a,2795.976850237341,2800.2625380993354,0.6585005613973197,0.33157962514364914,62.72188008969184,7.272084174154002,31.421482392916758,8.35434699872907,322.91755977696255,16.791353467152266,0.7874178128288873,0.29053392101418585,0.6934377201483826,0.2699749007943789
STD_D1010_030920_256s_100x100_b,2795.9890677093986,2800.5783552435432,0.6585005613973197,0.33157962514364914,62.72188008969184,7.272084174154002,31.421482392916758,8.35434699872907,322.91755977696255,16.791353467152266,0.7874178128288873,0.29053392101418585,0.6934377201483826,0.2699749007943789
STD_D1010_030920_256s_100x100_c,2795.7887097811526,2801.0640949227927,0.6585005613973197,0.33157962514364914,62.72188008969184,7.272084174154002,31.421482392916758,8.35434699872907,322.91755977696255,16.791353467152266,0.7874178128288873,0.29053392101418585,0.6934377201483826,0.2699749007943789
STD_D1010_031020_256s_100x100_a,2794.440801495849,2799.96290949143,0.6585005613973197,0.33157962514364914,62.72188008969184,7.272084174154002,31.421482392916758,8.35434699872907,322.91755977696255,16.791353467152266,0.7874178128288873,0.29053392101418585,0.6934377201483826,0.2699749007943789
STD_D1010_031020_256s_100x100_b,2794.607596758447,2800.1730555553936,0.6585005613973197,0.33157962514364914,62.72188008969184,7.272084174154002,31.421482392916758,8.35434699872907,322.91755977696255,16.791353467152266,0.7874178128288873,0.29053392101418585,0.6934377201483826,0.2699749007943789
STD_D1010_031020_256s_100x100_c,2794.4158819785725,2800.0831891592143,0.6585005613973197,0.33157962514364914,62.72188008969184,7.272084174154002,31.421482392916758,8.35434699872907,322.91755977696255,16.791353467152266,0.7874178128288873,0.29053392101418585,0.6934377201483826,0.2699749007943789
STD_ETF46_020320_256s_15x15_a,2861.8764911108824,2861.8764911108824,0.5700847136911034,0.18389783078363384,56.41175677524382,6.811950692647638,20.435766101356705,7.799419649132838,375.3749158471501,13.203039455979866,0.37402704123473685,0.2706414864426253,0.38110679297752403,0.25204065711264884
STD_ETF46_020320_256s_15x15_b,2862.9704026366535,2862.9704026366535,0.5700847136911034,0.18389783078363384,56.41175677524382,6.811950692647638,20.435766101356705,7.799419649132838,375.3749158471501,13.203039455979866,0.37402704123473685,0.2706414864426253,0.38110679297752403,0.25204065711264884
STD_ETF46_020320_256s_15x15_c,2862.442931117727,2862.442931117727,0.5700847136911034,0.18389783078363384,56.41175677524382,6.811950692647638,20.435766101356705,7.799419649132838,375.3749158471501,13.203039455979866,0.37402704123473685,0.2706414864426253,0.38110679297752403,0.25204065711264884
STD_ETF46_020520_256s_15x15_a,2866.7871719931736,2866.7871719931736,0.5700847136911034,0.18389783078363384,56.41175677524382,6.811950692647638,20.435766101356705,7.799419649132838,375.3749158471501,13.203039455979866,0.37402704123473685,0.2706414864426253,0.38110679297752403,0.25204065711264884
STD_ETF46_020520_256s_15x15_b,2867.3784860302403,2867.3784860302403,0.5700847136911034,0.18389783078363384,56.41175677524382,6.811950692647638,20.435766101356705,7.799419649132838,375.3749158471501,13.203039455979866,0.37402704123473685,0.2706414864426253,0.38110679297752403,0.25204065711264884
STD_ETF46_020520_256s_15x15_c,2865.600557307518,2865.600557307518,0.5700847136911034,0.18389783078363384,56.41175677524382,6.811950692647638,20.435766101356705,7.799419649132838,375.3749158471501,13.203039455979866,0.37402704123473685,0.2706414864426253,0.38110679297752403,0.25204065711264884
STD_ETF46_021220_256s_15x20_a,2858.8349323715884,2858.8349323715884,0.5700847136911034,0.18389783078363384,56.41175677524382,6.811950692647638,20.435766101356705,7.799419649132838,375.3749158471501,13.203039455979866,0.37402704123473685,0.2706414864426253,0.38110679297752403,0.25204065711264884
STD_ETF46_021220_256s_15x20_b,2859.7815879251593,2859.7815879251593,0.5700847136911034,0.18389783078363384,56.41175677524382,6.811950692647638,20.435766101356705,7.799419649132838,375.3749158471501,13.203039455979866,0.37402704123473685,0.2706414864426253,0.38110679297752403,0.25204065711264884
STD_ETF46_021220_256s_15x20_c,2858.4848772704117,2858.4848772704117,0.5700847136911034,0.18389783078363384,56.41175677524382,6.811950692647638,20.435766101356705,7.799419649132838,375.3749158471501,13.203039455979866,0.37402704123473685,0.2706414864426253,0.38110679297752403,0.25204065711264884
STD_ETF46_021420_256s_15x20_a,2862.7002566086244,2862.7002566086244,0.5700847136911034,0.18389783078363384,56.41175677524382,6.811950692647638,20.435766101356705,7.799419649132838,375.3749158471501,13.203039455979866,0.37402704123473685,0.2706414864426253,0.38110679297752403,0.25204065711264884
STD_ETF46_021420_256s_15x20_b,2862.393193410951,2862.393193410951,0.5700847136911034,0.18389783078363384,56.41175677524382,6.811950692647638,20.435766101356705,7.799419649132838,375.3749158471501,13.203039455979866,0.37402704123473685,0.2706414864426253,0.38110679297752403,0.25204065711264884
STD_ETF46_021420_256s_15x20_c,2861.1602349883624,2861.1602349883624,0.5700847136911034,0.18389783078363384,56.41175677524382,6.811950692647638,20.435766101356705,7.799419649132838,375.3749158471501,13.203039455979866,0.37402704123473685,0.2706414864426253,0.38110679297752403,0.25204065711264884
STD_ETF46_021720_256s_15x20_a,2866.5327975176456,2866.5327975176456,0.5700847136911034,0.18389783078363384,56.41175677524382,6.811950692647638,20.435766101356705,7.799419649132838,375.3749158471501,13.203039455979866,0.37402704123473685,0.2706414864426253,0.38110679297752403,0.25204065711264884
STD_ETF46_021720_256s_15x20_b,2862.1755033245954,2862.1755033245954,0.5700847136911034,0.18389783078363384,56.41175677524382,6.811950692647638,20.435766101356705,7.799419649132838,375.3749158471501,13.203039455979866,0.37402704123473685,0.2706414864426253,0.38110679297752403,0.25204065711264884
STD_ETF46_021720_256s_15x20_c,2861.1510703262334,2861.1510703262334,0.5700847136911034,0.18389783078363384,56.41175677524382,6.811950692647638,20.435766101356705,7.799419649132838,375.3749158471501,13.203039455979866,0.37402704123473685,0.2706414864426253,0.38110679297752403,0.25204065711264884
STD_ETF46_021920_256s_15x20_a,2864.4717868859384,2864.4717868859384,0.5700847136911034,0.18389783078363384,56.41175677524382,6.811950692647638,20.435766101356705,7.799419649132838,375.3749158471501,13.203039455979866,0.37402704123473685,0.2706414864426253,0.38110679297752403,0.25204065711264884
STD_ETF46_021920_256s_15x20_b,2864.0215197390803,2864.0215197390803,0.5700847136911034,0.18389783078363384,56.41175677524382,6.811950692647638,20.435766101356705,7.799419649132838,375.3749158471501,13.203039455979866,0.37402704123473685,0.2706414864426253,0.38110679297752403,0.25204065711264884
STD_ETF46_021920_256s_15x20_c,2864.978439943978,2864.978439943978,0.5700847136911034,0.18389783078363384,56.41175677524382,6.811950692647638,20.435766101356705,7.799419649132838,375.3749158471501,13.203039455979866,0.37402704123473685,0.2706414864426253,0.38110679297752403,0.25204065711264884
STD_ETF46_022120_256s_15x20_a,2861.295740719502,2861.295740719502,0.5700847136911034,0.18389783078363384,56.41175677524382,6.811950692647638,20.435766101356705,7.799419649132838,375.3749158471501,13.203039455979866,0.37402704123473685,0.2706414864426253,0.38110679297752403,0.25204065711264884
STD_ETF46_022120_256s_15x20_b,2866.163918022956,2866.163918022956,0.5700847136911034,0.18389783078363384,56.41175677524382,6.811950692647638,20.435766101356705,7.799419649132838,375.3749158471501,13.203039455979866,0.37402704123473685,0.2706414864426253,0.38110679297752403,0.25204065711264884
STD_ETF46_022120_256s_15x20_c,2866.4069179410335,2866.4069179410335,0.5700847136911034,0.18389783078363384,56.41175677524382,6.811950692647638,20.435766101356705,7.799419649132838,375.3749158471501,13.203039455979866,0.37402704123473685,0.2706414864426253,0.38110679297752403,0.25204065711264884
STD_ETFS_15x20_256s_2,2862.614230707627,2862.614230707627,0.5700847136911034,0.18389783078363384,56.41175677524382,6.811950692647638,20.435766101356705,7.799419649132838,375.3749158471501,13.203039455979866,0.37402704123473685,0.2706414864426253,0.38110679297752403,0.25204065711264884
STD_ETFS_15x25_256s,2858.2861657832923,2858.2861657832923,0.5700847136911034,0.18389783078363384,56.41175677524382,6.811950692647638,20.435766101356705,7.799419649132838,375.3749158471501,13.203039455979866,0.37402704123473685,0.2706414864426253,0.38110679297752403,0.25204065711264884
VF74_127-7_101220_256s_15x20_a,2616.834761484962,2616.834761484962,0.7053306359798369,0.46696768627579677,66.06408121207846,7.520786848484461,37.24014416705435,8.641051996141409,274.82700290609966,19.695194392595297,1.006373137781535,0.30068255817895534,0.8588659888727657,0.2794088052715142
VF74_127-7_101220_256s_15x20_b,2620.9961652570055,2620.9961652570055,0.7053306359798369,0.46696768627579677,66.06408121207846,7.520786848484461,37.24014416705435,8.641051996141409,274.82700290609966,19.695194392595297,1.006373137781535,0.30068255817895534,0.8588659888727657,0.2794088052715142
VF74_127-7_101220_256s_15x20_c,2616.848950019097,2616.848950019097,0.7053306359798369,0.46696768627579677,66.06408121207846,7.520786848484461,37.24014416705435,8.641051996141409,274.82700290609966,19.695194392595297,1.006373137781535,0.30068255817895534,0.8588659888727657,0.2794088052715142
VF74_131-1_101220_256s_25x50_a,2626.011032673521,2626.011032673521,0.7385776743792835,0.20518931796081866,68.4368788222737,7.699208131101691,41.37110644210409,8.841920758855409,367.812066756932,13.759579662694508,1.1618205967352222,0.30774416947023386,0.976311883453655,0.28608230003225793
VF74_131-1_101220_256s_25x50_b,2626.379489887371,2626.379489887371,0.7385776743792835,0.20518931796081866,68.4368788222737,7.699208131101691,41.37110644210409,8.841920758855409,367.812066756932,13.759579662694508,1.1618205967352222,0.30774416947023386,0.976311883453655,0.28608230003225793
VF74_131-1_101220_256s_25x50_c,2625.474484862798,2625.474484862798,0.7385776743792835,0.20518931796081866,68.4368788222737,7.699208131101691,41.37110644210409,8.841920758855409,367.812066756932,13.759579662694508,1.1618205967352222,0.30774416947023386,0.976311883453655,0.28608230003225793
VF74_131-9_MI1_101220_256s_15x30_a,2642.564299957716,2642.564299957716,0.6966389749807687,0.43948320205915864,65.44376874395921,7.474389797567583,36.160200646573145,8.588182852331887,284.5896373676159,19.126645988017444,0.9657350334138832,0.298817366770268,0.8281625051770147,0.2776609660478557
VF74_131-9_MI1_101220_256s_15x30_b,2641.309050527813,2641.309050527813,0.6966389749807687,0.43948320205915864,65.44376874395921,7.474389797567583,36.160200646573145,8.588182852331887,284.5896373676159,19.126645988017444,0.9657350334138832,0.298817366770268,0.8281625051770147,0.2776609660478557
VF74_131-9_MI1_101220_256s_15x30_c,2640.6390669898565,2640.6390669898565,0.6966389749807687,0.43948320205915864,65.44376874395921,7.474389797567583,36.160200646573145,8.588182852331887,284.5896373676159,19.126645988017444,0.9657350334138832,0.298817366770268,0.8281625051770147,0.2776609660478557
VF74_131-9_MI2_101220_256s_20x25_a,2722.9298984228944,2722.9298984228944,0.6870937113507596,0.4379237128769214,64.76253577343554,7.4235584613290015,34.974196543373736,8.529944876857199,285.14357619043926,19.09410395716363,0.9211058860443941,0.29675953709271075,0.794443651408208,0.27573988213639294
VF74_131-9_MI2_101220_256s_20x25_b,2722.5549574128404,2722.5549574128404,0.6870937113507596,0.4379237128769214,64.76253577343554,7.4235584613290015,34.974196543373736,8.529944876857199,285.14357619043926,19.09410395716363,0.9211058860443941,0.29675953709271075,0.794443651408208,0.27573988213639294
VF74_131-9_MI2_101220_256s_20x25_c,2717.2649377618472,2717.2649377618472,0.6870937113507596,0.4379237128769214,64.76253577343554,7.4235584613290015,34.974196543373736,8.529944876857199,285.14357619043926,19.09410395716363,0.9211058860443941,0.29675953709271075,0.794443651408208,0.27573988213639294
VF74_132-1_101220_256s_40x50_a,2697.6602227938347,2697.6602227938347,0.6992883197243983,0.4808549316449078,65.63284901031979,7.488521141003877,36.489383145719216,8.604314235445633,269.894179748591,19.979047466606776,0.9781221189443765,0.29938676648799933,0.8375213737694711,0.27819387784798505
VF74_132-1_101220_256s_40x50_b,2697.304313692045,2697.304313692045,0.6992883197243983,0.4808549316449078,65.63284901031979,7.488521141003877,36.489383145719216,8.604314235445633,269.894179748591,19.979047466606776,0.9781221189443765,0.29938676648799933,0.8375213737694711,0.27819387784798505
VF74_132-1_101220_256s_40x50_c,2697.1858839485226,2697.1858839485226,0.6992883197243983,0.4808549316449078,65.63284901031979,7.488521141003877,36.489383145719216,8.604314235445633,269.894179748591,19.979047466606776,0.9781221189443765,0.29938676648799933,0.8375213737694711,0.27819387784798505
VF74_132-2_101220_256s_20x25_a,2639.8949865624127,2639.8949865624127,0.7387246139234553,0.18707910769066244,68.44736570519738,7.699999914589366,41.38936375893316,8.842803860555287,374.24490942900593,13.2872645814622,1.162507616688305,0.3077751295523778,0.9768309506261126,0.2861117524618612
VF74_132-2_101220_256s_20x25_b,2639.649119951204,2639.649119951204,0.7387246139234553,0.18707910769066244,68.44736570519738,7.699999914589366,41.38936375893316,8.842803860555287,374.24490942900593,13.2872645814622,1.162507616688305,0.3077751295523778,0.9768309506261126,0.2861117524618612
VF74_132-2_101220_256s_20x25_c,2636.889045619318,2636.889045619318,0.7387246139234553,0.18707910769066244,68.44736570519738,7.699999914589366,41.38936375893316,8.842803860555287,374.24490942900593,13.2872645814622,1.162507616688305,0.3077751295523778,0.9768309506261126,0.2861117524618612
VF74_134D-15_101220_256s_15x25_a,2602.5199959985694,2602.5199959985694,0.7067169689705262,0.38274948001132963,66.16302198291406,7.52819693036931,37.4123967814493,8.649470726868506,304.7417561277316,17.921354947407412,1.012854976496826,0.30097931046159554,0.8637632406617013,0.2796874624026204
VF74_134D-15_101220_256s_15x25_b,2604.978146903537,2604.978146903537,0.7067169689705262,0.38274948001132963,66.16302198291406,7.52819693036931,37.4123967814493,8.649470726868506,304.7417561277316,17.921354947407412,1.012854976496826,0.30097931046159554,0.8637632406617013,0.2796874624026204
VF74_134D-15_101220_256s_15x25_c,2604.63433337002,2604.63433337002,0.7067169689705262,0.38274948001132963,66.16302198291406,7.52819693036931,37.4123967814493,8.649470726868506,304.7417561277316,17.921354947407412,1.012854976496826,0.30097931046159554,0.8637632406617013,0.2796874624026204
VF74_136-3_101220_256s_20x30_a,2648.2182009634334,2648.2182009634334,0.6980682480589401,0.4665060158740403,65.54577409262984,7.482012177933214,36.33778858976777,8.596887201456603,274.99099067965676,19.685719596075003,0.9724176397105198,0.29912464192888844,0.8332114437696632,0.2779484781014324
VF74_136-3_101220_256s_20x30_b,2648.0774184622665,2648.0774184622665,0.6980682480589401,0.4665060158740403,65.54577409262984,7.482012177933214,36.33778858976777,8.596887201456603,274.99099067965676,19.685719596075003,0.9724176397105198,0.29912464192888844,0.8332114437696632,0.2779484781014324
VF74_136-3_101220_256s_20x30_c,2648.6664422133167,2648.6664422133167,0.6980682480589401,0.4665060158740403,65.54577409262984,7.482012177933214,36.33778858976777,8.596887201456603,274.99099067965676,19.685719596075003,0.9724176397105198,0.29912464192888844,0.8332114437696632,0.2779484781014324
