Wavenumber,Absorbance
399.2095,6
401.138,6
403.0666,6
404.9951,2.496628
406.9237,6
408.8522,6
410.7808,1.505499
412.7093,1.102572
414.6378,1.323631
416.5664,1.828671
418.495,2.038756
420.4235,1.242391
422.3521,1.518559
424.2806,1.13408
426.2091,1.162171
428.1377,6
430.0663,6
431.9948,2.196343
433.9233,1.160438
435.8519,1.043318
437.7804,0.8176267
439.709,0.8006874
441.6375,0.7971294
443.5661,0.8847106
445.4946,1.344345
447.4232,1.831903
449.3517,6
451.2803,6
453.2088,1.275341
455.1374,1.083612
457.0659,1.354713
458.9945,1.673324
460.923,1.188344
462.8516,1.270474
464.7801,6
466.7086,1.68686
468.6372,2.318633
470.5657,1.502689
472.4943,1.31929
474.4229,1.256733
476.3514,1.171359
478.2799,0.9686727
480.2085,1.085238
482.137,0.8754908
484.0656,0.8693513
485.9941,0.9327399
487.9227,0.9712512
489.8512,1.054109
491.7798,1.058497
493.7083,6
495.6369,6
497.5654,0.9431485
499.494,0.782992
501.4225,1.173821
503.3511,1.204841
505.2796,1.085119
507.2082,1.141668
509.1367,0.8952346
511.0652,1.013307
512.9938,1.295889
514.9224,1.810882
516.8509,1.180519
518.7795,0.6501035
520.708,0.7251397
522.6365,1.766712
524.5651,6
526.4937,1.130476
528.4222,1.484837
530.3507,1.513127
532.2793,1.353267
534.2078,1.539361
536.1364,1.261577
538.0649,1.115917
539.9935,1.159574
541.922,1.010593
543.8506,0.562242
545.7791,0.5036454
547.7076,0.8366604
549.6362,1.361015
551.5648,6
553.4933,1.171216
555.4219,1.167463
557.3504,6
559.2789,6
561.2075,6
563.136,2.189407
565.0646,1.65193
566.9932,1.208137
568.9217,0.8430482
570.8502,0.6947443
572.7788,0.6193982
574.7073,0.6243796
576.6359,0.7569196
578.5645,1.359133
580.493,1.108906
582.4215,1.422138
584.3501,6
586.2786,1.427169
588.2072,0.7375276
590.1357,0.6380873
592.0643,0.7497717
593.9928,1.5883
595.9214,6
597.8499,6
599.7784,1.178022
601.707,0.6541872
603.6356,0.5716807
605.5641,0.755801
607.4927,1.336913
609.4212,6
611.3497,6
613.2783,6
615.2068,6
617.1354,0.8915441
619.064,0.8127948
620.9925,0.9282219
622.921,1.138785
624.8496,1.178995
626.7781,1.185621
628.7067,0.9431401
630.6353,0.9753376
632.5638,1.12815
634.4923,1.354047
636.4209,6
638.3494,6
640.278,6
642.2065,6
644.1351,1.668707
646.0636,1.537051
647.9922,2.092807
649.9207,6
651.8492,6
653.7778,6
655.7064,1.025112
657.6349,1.398561
659.5635,6
661.492,1.395786
663.4205,0.8965106
665.3491,0.9039745
667.2776,0.7162858
669.2062,0.6069907
671.1348,1.244062
673.0633,6
674.9918,6
676.9204,6
678.8489,6
680.7775,1.218844
682.7061,0.6713843
684.6346,0.7719588
686.5631,6
688.4917,0.9386366
690.4202,1.95072
692.3488,6
694.2773,6
696.2059,6
698.1344,2.548438
700.063,1.394143
701.9915,6
703.92,0.4283413
705.8486,-0.119635
707.7772,0.6820824
709.7057,6
711.6343,6
713.5628,6
715.4913,6
717.4199,0.6362021
719.3484,1.453345
721.277,0.8248743
723.2056,0.1328007
725.1341,-0.1100822
727.0626,0.7189061
728.9912,1.226745
730.9197,0.1874119
732.8483,-0.3651533
734.7769,1.315159
736.7054,6
738.6339,6
740.5625,6
742.491,6
744.4196,6
746.3481,6
748.2767,6
750.2052,6
752.1338,0.3112084
754.0623,-0.137852
755.9908,-1.161459
757.9194,6
759.848,6
761.7765,6
763.7051,6
765.6336,6
767.5621,6
769.4907,0.07004833
771.4193,6
773.3478,6
775.2764,6
777.2049,6
779.1334,-0.4166137
781.062,6
782.9905,6
784.9191,6
786.8477,6
788.7762,-0.08956569
790.7047,4.169185
792.6333,0.355026
794.5618,1.797821
796.4904,6
798.4189,6
800.3475,6
802.276,0.7378052
804.2046,0.432266
806.1331,0.4053389
808.0616,0.8951284
809.9902,2.635549
811.9188,6
813.8473,6
815.7759,6
817.7044,6
819.6329,1.151772
821.5615,0.9848254
823.4901,1.395062
825.4186,2.886599
827.3472,6
829.2757,2.10152
831.2042,1.844032
833.1328,1.393153
835.0613,1.209924
836.9899,1.164953
838.9185,1.274627
840.847,1.682682
842.7755,6
844.7041,6
846.6326,2.00897
848.5612,1.988336
850.4897,2.906646
852.4183,6
854.3468,6
856.2754,2.354464
858.2039,1.645487
860.1324,1.616844
862.061,1.68265
863.9896,2.654747
865.9181,6
867.8467,2.509423
869.7752,2.259798
871.7037,2.085975
873.6323,2.156795
875.5609,2.538819
877.4894,6
879.418,6
881.3465,3.108622
883.275,2.249695
885.2036,2.415416
887.1321,2.655503
889.0607,2.946526
890.9893,6
892.9178,4.033885
894.8463,3.481813
896.7749,6
898.7034,2.831754
900.632,2.929622
902.5605,3.267557
904.4891,3.167763
906.4176,2.695274
908.3462,2.359739
910.2747,3.450298
912.2032,3.529744
914.1318,2.249305
916.0604,2.150571
917.9889,2.334598
919.9175,2.320863
921.846,2.413113
923.7745,2.487351
925.7031,2.397513
927.6317,3.009709
929.5602,6
931.4888,3.3206
933.4173,6
935.3458,6
937.2744,3.927567
939.2029,4.11001
941.1315,3.150671
943.0601,6
944.9886,6
946.9171,2.899248
948.8457,6
950.7742,3.457586
952.7028,2.675423
954.6313,2.767831
956.5599,2.914795
958.4884,6
960.417,4.880559
962.3455,6
964.274,6
966.2026,6
968.1312,6
970.0597,6
971.9883,6
973.9168,3.738503
975.8453,2.853946
977.7739,4.726328
979.7025,6
981.631,6
983.5596,6
985.4881,6
987.4166,6
989.3452,3.442422
991.2737,2.781083
993.2023,2.716887
995.1309,2.793633
997.0594,3.335606
998.9879,6
1000.917,6
1002.845,6
1004.774,3.212358
1006.702,6
1008.631,3.550053
1010.559,2.912166
1012.488,2.781686
1014.416,3.073394
1016.345,6
1018.273,6
1020.202,3.186841
1022.13,3.102438
1024.059,3.464061
1025.988,3.313156
1027.916,3.230252
1029.845,6
1031.773,6
1033.702,3.33702
1035.63,6
1037.559,6
1039.487,3.578936
1041.416,3.041203
1043.344,3.091535
1045.273,3.795352
1047.202,3.567889
1049.13,6
1051.059,6
1052.987,3.054152
1054.916,3.192124
1056.844,3.121574
1058.773,3.100349
1060.701,3.088754
1062.63,2.800978
1064.559,2.731725
1066.487,2.778607
1068.416,2.77049
1070.344,2.725393
1072.273,2.636827
1074.201,2.648085
1076.13,2.739456
1078.058,2.717812
1079.987,2.623953
1081.916,2.740087
1083.844,2.752386
1085.773,2.855959
1087.701,2.802574
1089.63,2.646652
1091.558,2.616892
1093.487,2.745777
1095.415,2.784215
1097.344,2.812265
1099.272,2.688186
1101.201,2.564281
1103.13,2.671725
1105.058,2.713921
1106.987,2.73885
1108.915,2.896006
1110.844,2.858456
1112.772,2.770663
1114.701,2.779251
1116.629,2.748136
1118.558,2.632749
1120.486,2.608467
1122.415,2.580074
1124.344,2.509621
1126.272,2.592102
1128.201,2.97223
1130.129,2.926112
1132.058,2.67566
1133.986,2.579947
1135.915,2.648361
1137.843,2.609204
1139.772,2.556809
1141.7,2.622118
1143.629,2.560853
1145.558,2.483073
1147.486,2.494952
1149.415,2.477453
1151.343,2.460642
1153.272,2.632585
1155.2,2.640321
1157.129,2.479251
1159.057,2.547557
1160.986,2.64704
1162.915,2.48472
1164.843,2.446071
1166.772,2.531163
1168.7,2.515217
1170.629,2.485773
1172.557,2.506261
1174.486,2.522334
1176.414,2.5408
1178.343,2.461206
1180.271,2.433437
1182.2,2.553519
1184.129,2.544372
1186.057,2.51657
1187.986,2.519962
1189.914,2.550652
1191.843,2.579252
1193.771,2.554333
1195.7,2.538313
1197.628,2.535723
1199.557,2.483972
1201.485,2.431974
1203.414,2.455021
1205.343,2.52252
1207.271,2.538768
1209.2,2.487844
1211.128,2.433856
1213.057,2.455469
1214.985,2.451434
1216.914,2.36237
1218.842,2.354625
1220.771,2.457269
1222.699,2.539652
1224.628,2.570821
1226.557,2.500799
1228.485,2.429625
1230.414,2.386586
1232.342,2.346098
1234.271,2.282094
1236.199,2.215711
1238.128,2.165684
1240.056,2.13834
1241.985,2.073944
1243.914,2.01781
1245.842,1.980346
1247.771,1.928033
1249.699,1.866345
1251.628,1.814869
1253.556,1.775212
1255.485,1.734167
1257.413,1.69406
1259.342,1.663175
1261.271,1.623612
1263.199,1.599789
1265.128,1.577847
1267.056,1.543941
1268.985,1.521462
1270.913,1.504814
1272.842,1.489171
1274.77,1.471012
1276.699,1.451905
1278.627,1.427931
1280.556,1.420732
1282.484,1.408513
1284.413,1.385312
1286.342,1.365734
1288.27,1.343743
1290.199,1.321529
1292.127,1.304211
1294.056,1.291628
1295.984,1.273977
1297.913,1.254059
1299.841,1.234113
1301.77,1.215746
1303.698,1.198594
1305.627,1.178724
1307.556,1.161702
1309.484,1.146992
1311.413,1.131323
1313.341,1.115048
1315.27,1.100397
1317.198,1.084353
1319.127,1.068048
1321.055,1.054865
1322.984,1.042202
1324.913,1.029956
1326.841,1.01795
1328.77,1.0063
1330.698,0.9951825
1332.627,0.9841614
1334.555,0.9735377
1336.484,0.9641023
1338.412,0.9547979
1340.341,0.9447407
1342.27,0.9358469
1344.198,0.9284725
1346.127,0.9213006
1348.055,0.9149879
1349.984,0.9095663
1351.912,0.9046207
1353.841,0.8996195
1355.769,0.8966346
1357.698,0.8922822
1359.626,0.8872234
1361.555,0.8842997
1363.484,0.8822371
1365.412,0.8786092
1367.341,0.876322
1369.269,0.8743581
1371.198,0.8734955
1373.126,0.8728601
1375.055,0.8723936
1376.983,0.8734954
1378.912,0.8734667
1380.84,0.8720737
1382.769,0.871304
1384.698,0.871967
1386.626,0.8736805
1388.555,0.8745076
1390.483,0.8756234
1392.412,0.8753896
1394.34,0.8773193
1396.269,0.8787753
1398.197,0.8789894
1400.126,0.8796405
1402.054,0.8800657
1403.983,0.8817809
1405.912,0.8845448
1407.84,0.8853354
1409.769,0.8859048
1411.697,0.8875755
1413.626,0.8890433
1415.554,0.890465
1417.483,0.8920894
1419.411,0.8936439
1421.34,0.8938175
1423.269,0.8924968
1425.197,0.8919616
1427.126,0.8930542
1429.054,0.892221
1430.983,0.8900489
1432.911,0.8887828
1434.84,0.8877149
1436.768,0.8859109
1438.697,0.8862048
1440.625,0.8869838
1442.554,0.8830712
1444.483,0.8780469
1446.411,0.8762327
1448.34,0.873656
1450.268,0.8695623
1452.197,0.8657131
1454.125,0.8622769
1456.054,0.8594397
1457.982,0.8551885
1459.911,0.8511255
1461.839,0.8486599
1463.768,0.8460338
1465.697,0.8432097
1467.625,0.8417365
1469.554,0.8395147
1471.482,0.8388754
1473.411,0.837439
1475.339,0.8366798
1477.268,0.8376092
1479.196,0.8373069
1481.125,0.8371333
1483.053,0.8384442
1484.982,0.8403358
1486.911,0.8425538
1488.839,0.8445883
1490.768,0.8469929
1492.696,0.8503451
1494.625,0.8538223
1496.553,0.8569227
1498.482,0.8615435
1500.41,0.8637433
1502.339,0.8648854
1504.268,0.8662575
1506.196,0.868612
1508.125,0.8702309
1510.053,0.8714098
1511.982,0.8712633
1513.91,0.8704046
1515.839,0.8704508
1517.767,0.8720359
1519.696,0.8722278
1521.625,0.8709115
1523.553,0.87003
1525.482,0.8692119
1527.41,0.8674991
1529.339,0.8662855
1531.267,0.8664297
1533.196,0.8656359
1535.124,0.8641555
1537.053,0.8614746
1538.981,0.8581085
1540.91,0.8565049
1542.839,0.8563187
1544.767,0.8560843
1546.696,0.8540359
1548.624,0.852838
1550.553,0.8513058
1552.481,0.8486614
1554.41,0.8482777
1556.338,0.8493382
1558.267,0.8473355
1560.195,0.846783
1562.124,0.8473009
1564.052,0.8458121
1565.981,0.8452226
1567.91,0.8461071
1569.838,0.8463088
1571.767,0.8455034
1573.695,0.846726
1575.624,0.8507711
1577.552,0.8540822
1579.481,0.8542838
1581.409,0.8576889
1583.338,0.8644927
1585.267,0.8698613
1587.195,0.8753264
1589.124,0.8833171
1591.052,0.8917848
1592.981,0.9002811
1594.909,0.9106239
1596.838,0.9243855
1598.766,0.9381217
1600.695,0.9547232
1602.624,0.9734416
1604.552,0.992134
1606.481,1.014886
1608.409,1.043095
1610.338,1.074325
1612.266,1.105419
1614.195,1.138134
1616.123,1.17064
1618.052,1.205438
1619.98,1.243394
1621.909,1.280191
1623.838,1.315151
1625.766,1.342544
1627.695,1.364445
1629.623,1.384039
1631.552,1.399075
1633.48,1.414165
1635.409,1.422724
1637.337,1.423194
1639.266,1.414035
1641.194,1.395464
1643.123,1.382492
1645.052,1.367412
1646.98,1.347894
1648.909,1.325364
1650.837,1.297334
1652.766,1.269393
1654.694,1.24097
1656.623,1.213978
1658.551,1.186428
1660.48,1.154009
1662.408,1.123364
1664.337,1.09743
1666.266,1.069921
1668.194,1.044164
1670.123,1.019838
1672.051,0.9940891
1673.98,0.9697361
1675.908,0.9492059
1677.837,0.9275077
1679.765,0.9060248
1681.694,0.8888453
1683.623,0.872633
1685.551,0.8562663
1687.48,0.8428351
1689.408,0.8308554
1691.337,0.8198335
1693.265,0.8078227
1695.194,0.7968212
1697.122,0.7885729
1699.051,0.7798942
1700.979,0.7723479
1702.908,0.7655857
1704.837,0.7582742
1706.765,0.7523404
1708.694,0.7466427
1710.622,0.7415361
1712.551,0.7372671
1714.479,0.7328547
1716.408,0.7292127
1718.336,0.7259116
1720.265,0.7223409
1722.193,0.7188605
1724.122,0.7172807
1726.051,0.7150218
1727.979,0.7110602
1729.908,0.7089907
1731.836,0.7078177
1733.765,0.7063333
1735.693,0.7034934
1737.622,0.7009757
1739.55,0.6985357
1741.479,0.697273
1743.407,0.6967992
1745.336,0.6956211
1747.265,0.6942386
1749.193,0.6928521
1751.122,0.6923285
1753.05,0.6915253
1754.979,0.6906764
1756.907,0.6906633
1758.836,0.6887491
1760.764,0.6862785
1762.693,0.6856548
1764.622,0.68545
1766.55,0.6836264
1768.479,0.6817412
1770.407,0.6813115
1772.336,0.6808881
1774.264,0.6794571
1776.193,0.6775552
1778.121,0.6758799
1780.05,0.6750121
1781.979,0.6740862
1783.907,0.6728854
1785.836,0.6715804
1787.764,0.6701983
1789.693,0.6695576
1791.621,0.6686361
1793.55,0.666679
1795.478,0.664865
1797.407,0.6636304
1799.335,0.6627747
1801.264,0.6626623
1803.193,0.6610054
1805.121,0.659148
1807.05,0.6581688
1808.978,0.657537
1810.907,0.6563429
1812.835,0.6540344
1814.764,0.6521414
1816.692,0.6510422
1818.621,0.6497315
1820.549,0.6480712
1822.478,0.6454573
1824.406,0.6439829
1826.335,0.6430138
1828.264,0.6413433
1830.192,0.6405435
1832.121,0.6399065
1834.049,0.6388906
1835.978,0.6369061
1837.906,0.6352612
1839.835,0.6338385
1841.763,0.6318594
1843.692,0.6304301
1845.621,0.6290096
1847.549,0.6276937
1849.478,0.6262633
1851.406,0.6237729
1853.335,0.6222919
1855.263,0.6212073
1857.192,0.620203
1859.12,0.6184918
1861.049,0.6165308
1862.978,0.6158839
1864.906,0.6148376
1866.835,0.6133405
1868.763,0.6120857
1870.692,0.6104137
1872.62,0.6091624
1874.549,0.6078488
1876.477,0.6060286
1878.406,0.6051195
1880.334,0.6035317
1882.263,0.6013522
1884.192,0.5999474
1886.12,0.5985445
1888.049,0.596564
1889.977,0.5949594
1891.906,0.5934619
1893.834,0.5910286
1895.763,0.588926
1897.691,0.5879645
1899.62,0.5872924
1901.548,0.5856417
1903.477,0.5841442
1905.406,0.5831251
1907.334,0.5813969
1909.263,0.5798802
1911.191,0.5784709
1913.12,0.5768715
1915.048,0.5742739
1916.977,0.5716707
1918.905,0.5693768
1920.834,0.567679
1922.762,0.5662463
1924.691,0.5646381
1926.62,0.5626625
1928.548,0.5613154
1930.477,0.5596234
1932.405,0.5572922
1934.334,0.5559003
1936.262,0.5539833
1938.191,0.552111
1940.119,0.5507523
1942.048,0.5493958
1943.976,0.5477012
1945.905,0.5452584
1947.834,0.5435519
1949.762,0.5420049
1951.691,0.540199
1953.619,0.5374718
1955.548,0.5354106
1957.476,0.5340457
1959.405,0.5320453
1961.333,0.5294492
1963.262,0.5277902
1965.191,0.5260337
1967.119,0.5243154
1969.048,0.5231671
1970.976,0.5217532
1972.905,0.5199349
1974.833,0.5183486
1976.762,0.5165597
1978.69,0.514693
1980.619,0.5133642
1982.547,0.5118158
1984.476,0.5095438
1986.405,0.50776
1988.333,0.5064757
1990.262,0.5046355
1992.19,0.5025312
1994.119,0.5009719
1996.047,0.4998631
1997.976,0.4984065
1999.904,0.4969823
2001.833,0.496272
2003.761,0.4954981
2005.69,0.4943403
2007.619,0.4933796
2009.547,0.4925486
2011.476,0.4916631
2013.404,0.4906647
2015.333,0.4900075
2017.261,0.4891587
2019.19,0.4880192
2021.118,0.4869181
2023.047,0.4852464
2024.975,0.4838028
2026.904,0.4835914
2028.833,0.4832377
2030.761,0.4822117
2032.69,0.4813561
2034.618,0.4810857
2036.547,0.4807997
2038.475,0.4805433
2040.404,0.4803219
2042.332,0.4800813
2044.261,0.4800458
2046.19,0.4796141
2048.118,0.4787654
2050.047,0.477689
2051.975,0.4775552
2053.904,0.4777314
2055.832,0.4773016
2057.761,0.4764917
2059.689,0.4759523
2061.618,0.4752473
2063.546,0.4753288
2065.475,0.4757021
2067.404,0.475159
2069.332,0.4744535
2071.261,0.4750989
2073.189,0.4755276
2075.118,0.4751444
2077.046,0.4750432
2078.975,0.4752656
2080.903,0.4747592
2082.832,0.4746773
2084.76,0.4746911
2086.689,0.4743577
2088.618,0.4741283
2090.546,0.474186
2092.475,0.4742067
2094.403,0.4732579
2096.332,0.4729447
2098.26,0.4730464
2100.189,0.4728056
2102.117,0.4729241
2104.046,0.4733307
2105.975,0.4731507
2107.903,0.4733792
2109.832,0.4739569
2111.76,0.4741727
2113.689,0.4737469
2115.617,0.4735308
2117.546,0.4740897
2119.474,0.4742236
2121.403,0.473474
2123.332,0.4732078
2125.26,0.4731436
2127.188,0.4731415
2129.117,0.473102
2131.046,0.4728846
2132.974,0.4732151
2134.903,0.4734827
2136.831,0.4738473
2138.76,0.4739427
2140.688,0.4741176
2142.617,0.4745648
2144.545,0.4746893
2146.474,0.4751055
2148.403,0.4752775
2150.331,0.4757834
2152.26,0.476098
2154.188,0.4759219
2156.117,0.4754097
2158.045,0.4755513
2159.974,0.4761381
2161.902,0.4760958
2163.831,0.4751065
2165.76,0.4747505
2167.688,0.4749332
2169.617,0.4752439
2171.545,0.4761381
2173.474,0.4761469
2175.402,0.4762571
2177.331,0.4769855
2179.259,0.4775736
2181.188,0.4779062
2183.116,0.4781011
2185.045,0.4782633
2186.974,0.478187
2188.902,0.4780667
2190.831,0.4781054
2192.759,0.4783804
2194.688,0.4784149
2196.616,0.4780144
2198.545,0.4779491
2200.473,0.4782599
2202.402,0.4785628
2204.331,0.4788179
2206.259,0.4793463
2208.188,0.4795226
2210.116,0.479661
2212.045,0.4795237
2213.973,0.4797061
2215.902,0.4800714
2217.83,0.4801164
2219.759,0.4800656
2221.688,0.4806269
2223.616,0.4806623
2225.544,0.4807653
2227.473,0.4812223
2229.402,0.4814137
2231.33,0.4810891
2233.259,0.4807139
2235.187,0.4811185
2237.116,0.4815927
2239.044,0.481555
2240.973,0.4817357
2242.901,0.4823535
2244.83,0.4830117
2246.759,0.4834883
2248.687,0.4838659
2250.616,0.4842955
2252.544,0.4843619
2254.473,0.4840534
2256.401,0.4844855
2258.33,0.4846672
2260.258,0.4850018
2262.187,0.4853287
2264.115,0.4851659
2266.044,0.4850523
2267.973,0.4849463
2269.901,0.4851241
2271.83,0.4857328
2273.758,0.4862497
2275.687,0.4863428
2277.615,0.4861832
2279.544,0.4864016
2281.472,0.4874756
2283.401,0.48779
2285.33,0.4870571
2287.258,0.4874634
2289.187,0.4885805
2291.115,0.4885974
2293.044,0.4883838
2294.972,0.488829
2296.901,0.4893928
2298.829,0.4898232
2300.758,0.4903034
2302.687,0.491166
2304.615,0.4924338
2306.543,0.4933013
2308.472,0.4940191
2310.401,0.4954559
2312.329,0.4969129
2314.258,0.4984064
2316.186,0.4989901
2318.115,0.4996738
2320.043,0.5009118
2321.972,0.5020132
2323.9,0.5029919
2325.829,0.5037696
2327.758,0.5044319
2329.686,0.5046871
2331.615,0.5055886
2333.543,0.5060652
2335.472,0.5057936
2337.4,0.5062478
2339.329,0.5081211
2341.257,0.5095032
2343.186,0.5093756
2345.115,0.5084258
2347.043,0.5065552
2348.972,0.504776
2350.9,0.5063052
2352.829,0.5087759
2354.757,0.5094585
2356.686,0.5089626
2358.614,0.5093957
2360.543,0.5100619
2362.471,0.5086391
2364.4,0.5083865
2366.329,0.5078261
2368.257,0.5056627
2370.186,0.5046408
2372.114,0.5040298
2374.043,0.5021691
2375.971,0.49982
2377.9,0.4982123
2379.828,0.4964997
2381.757,0.4947698
2383.686,0.49387
2385.614,0.4935077
2387.542,0.4925455
2389.471,0.4913684
2391.4,0.4906288
2393.328,0.490401
2395.257,0.4896003
2397.185,0.4889923
2399.114,0.4887333
2401.042,0.4880266
2402.971,0.4871897
2404.899,0.4866867
2406.828,0.4863838
2408.757,0.4863186
2410.685,0.4859092
2412.614,0.4850522
2414.542,0.4842309
2416.471,0.4839681
2418.399,0.4835551
2420.328,0.4831377
2422.256,0.4831871
2424.185,0.4830706
2426.114,0.4820091
2428.042,0.4805638
2429.971,0.4797589
2431.899,0.4795611
2433.828,0.4793577
2435.756,0.4787431
2437.685,0.4777545
2439.613,0.4773884
2441.542,0.4773208
2443.47,0.4765283
2445.399,0.4757105
2447.328,0.4758189
2449.256,0.4758168
2451.185,0.4747569
2453.113,0.4742876
2455.042,0.4744632
2456.97,0.4742297
2458.899,0.473428
2460.827,0.4722226
2462.756,0.4714295
2464.685,0.4712527
2466.613,0.4711386
2468.542,0.4706303
2470.47,0.4701476
2472.399,0.4693204
2474.327,0.4686247
2476.256,0.4684068
2478.184,0.4681017
2480.113,0.4674397
2482.042,0.467104
2483.97,0.4672792
2485.898,0.4671544
2487.827,0.4666439
2489.756,0.4663012
2491.684,0.4661458
2493.613,0.466228
2495.541,0.4654999
2497.47,0.4647223
2499.398,0.4643069
2501.327,0.464546
2503.255,0.4643224
2505.184,0.4634395
2507.113,0.4630962
2509.041,0.4632823
2510.97,0.4629124
2512.898,0.462882
2514.827,0.4630432
2516.755,0.4628924
2518.684,0.4627089
2520.612,0.4629145
2522.541,0.4627724
2524.469,0.4628254
2526.398,0.4635539
2528.327,0.4635353
2530.255,0.4635369
2532.184,0.4639359
2534.112,0.4646201
2536.041,0.4651198
2537.969,0.4650401
2539.898,0.4647986
2541.826,0.4652387
2543.755,0.4656666
2545.684,0.4658866
2547.612,0.4662672
2549.541,0.4667397
2551.469,0.4671409
2553.398,0.4677017
2555.326,0.4682783
2557.255,0.4691615
2559.183,0.4700253
2561.112,0.4704903
2563.041,0.470516
2564.969,0.4713653
2566.897,0.4723354
2568.826,0.4728762
2570.755,0.4738432
2572.683,0.4746456
2574.612,0.4752422
2576.54,0.4757423
2578.469,0.476631
2580.397,0.4775083
2582.326,0.4784719
2584.254,0.4792664
2586.183,0.480048
2588.112,0.4811298
2590.04,0.4821259
2591.969,0.4829245
2593.897,0.4842012
2595.826,0.4855704
2597.754,0.486796
2599.683,0.4879747
2601.611,0.4892162
2603.54,0.4902379
2605.469,0.4911922
2607.397,0.4924816
2609.326,0.4942025
2611.254,0.495579
2613.183,0.4962505
2615.111,0.4970525
2617.04,0.4982383
2618.968,0.4995829
2620.897,0.501425
2622.825,0.5034671
2624.754,0.5045083
2626.683,0.5059707
2628.611,0.50787
2630.54,0.5090829
2632.468,0.5102843
2634.397,0.5118406
2636.325,0.5133975
2638.254,0.5152854
2640.182,0.5167761
2642.111,0.5180475
2644.04,0.519717
2645.968,0.5219812
2647.896,0.5241374
2649.825,0.5259437
2651.754,0.5280791
2653.682,0.5293826
2655.611,0.5301615
2657.539,0.5319084
2659.468,0.534734
2661.396,0.5371311
2663.325,0.5391456
2665.253,0.540879
2667.182,0.5427043
2669.111,0.5443214
2671.039,0.5462567
2672.968,0.5478484
2674.896,0.5501322
2676.825,0.5526748
2678.753,0.5552894
2680.682,0.5576645
2682.61,0.5599797
2684.539,0.5614703
2686.468,0.5633569
2688.396,0.56583
2690.325,0.5677378
2692.253,0.5691862
2694.182,0.5707356
2696.11,0.5730179
2698.039,0.5758183
2699.967,0.578342
2701.896,0.5809636
2703.824,0.5843585
2705.753,0.5867411
2707.682,0.5886477
2709.61,0.5910736
2711.539,0.5940066
2713.467,0.5959149
2715.396,0.597795
2717.324,0.6006662
2719.253,0.6033766
2721.181,0.6055063
2723.11,0.6077052
2725.039,0.6101615
2726.967,0.6134741
2728.896,0.6159489
2730.824,0.6180266
2732.753,0.6210401
2734.681,0.6240499
2736.61,0.6275432
2738.538,0.6300967
2740.467,0.6326014
2742.396,0.6358751
2744.324,0.6386725
2746.252,0.6409362
2748.181,0.6436899
2750.11,0.6465558
2752.038,0.6492644
2753.967,0.6528112
2755.895,0.6557464
2757.824,0.6584811
2759.752,0.6618227
2761.681,0.665055
2763.609,0.6679536
2765.538,0.6707861
2767.467,0.6740649
2769.395,0.6770267
2771.324,0.67958
2773.252,0.6833232
2775.181,0.6868425
2777.109,0.6898075
2779.038,0.6924965
2780.966,0.6943174
2782.895,0.6976006
2784.823,0.7018829
2786.752,0.7054867
2788.681,0.7099613
2790.609,0.7139286
2792.538,0.7165301
2794.466,0.7195003
2796.395,0.7226261
2798.323,0.7259755
2800.252,0.7287624
2802.18,0.7331453
2804.109,0.7372753
2806.038,0.740966
2807.966,0.7444331
2809.895,0.7482008
2811.823,0.7526412
2813.752,0.7556885
2815.68,0.7584594
2817.609,0.762696
2819.537,0.7672145
2821.466,0.770764
2823.395,0.7747365
2825.323,0.7778366
2827.251,0.7813247
2829.18,0.7851422
2831.109,0.7879575
2833.037,0.7926353
2834.966,0.7969084
2836.894,0.8013115
2838.823,0.8062998
2840.751,0.8112316
2842.68,0.8143792
2844.608,0.8166825
2846.537,0.8200702
2848.466,0.8265253
2850.394,0.8308756
2852.323,0.8332568
2854.251,0.8382313
2856.18,0.8431665
2858.108,0.8478092
2860.037,0.8507034
2861.965,0.8552698
2863.894,0.8613732
2865.823,0.8672642
2867.751,0.8722282
2869.68,0.8749917
2871.608,0.8782479
2873.537,0.8811302
2875.465,0.8852105
2877.394,0.8912863
2879.322,0.8976125
2881.251,0.902691
2883.179,0.9070609
2885.108,0.9122463
2887.037,0.9168848
2888.965,0.919844
2890.894,0.9225629
2892.822,0.9295214
2894.751,0.9366677
2896.679,0.9402336
2898.608,0.9454247
2900.536,0.9521055
2902.465,0.9574286
2904.394,0.961351
2906.322,0.9661959
2908.25,0.9731821
2910.179,0.9766335
2912.108,0.9784111
2914.036,0.9857342
2915.965,0.9919554
2917.893,0.9961375
2919.822,1.003989
2921.75,1.010419
2923.679,1.013257
2925.607,1.016902
2927.536,1.023231
2929.465,1.03174
2931.393,1.036942
2933.322,1.042162
2935.25,1.048633
2937.179,1.05207
2939.107,1.055543
2941.036,1.059883
2942.964,1.06621
2944.893,1.073752
2946.822,1.083033
2948.75,1.087449
2950.679,1.091242
2952.607,1.098582
2954.536,1.104453
2956.464,1.110696
2958.393,1.117896
2960.321,1.120173
2962.25,1.124278
2964.178,1.132257
2966.107,1.139227
2968.036,1.145517
2969.964,1.149269
2971.893,1.154401
2973.821,1.161142
2975.75,1.168531
2977.678,1.174636
2979.607,1.177729
2981.535,1.184265
2983.464,1.192941
2985.393,1.199834
2987.321,1.209127
2989.25,1.215707
2991.178,1.219489
2993.107,1.227219
2995.035,1.234963
2996.964,1.23738
2998.892,1.245003
3000.821,1.255744
3002.75,1.261055
3004.678,1.265209
3006.606,1.270971
3008.535,1.276741
3010.464,1.28631
3012.392,1.294332
3014.321,1.296347
3016.249,1.303488
3018.178,1.311652
3020.106,1.318403
3022.035,1.329125
3023.963,1.336403
3025.892,1.33989
3027.821,1.344791
3029.749,1.349533
3031.678,1.356779
3033.606,1.366184
3035.535,1.377619
3037.463,1.384626
3039.392,1.387041
3041.32,1.393117
3043.249,1.403944
3045.177,1.407732
3047.106,1.411037
3049.035,1.424667
3050.963,1.436773
3052.892,1.443491
3054.82,1.446216
3056.749,1.454692
3058.677,1.464092
3060.606,1.473287
3062.534,1.48791
3064.463,1.495814
3066.392,1.496191
3068.32,1.498973
3070.249,1.505141
3072.177,1.510002
3074.106,1.519853
3076.034,1.531677
3077.963,1.545301
3079.891,1.555927
3081.82,1.561163
3083.749,1.570731
3085.677,1.576787
3087.605,1.573207
3089.534,1.574624
3091.463,1.589055
3093.391,1.609181
3095.32,1.615945
3097.248,1.616374
3099.177,1.624845
3101.105,1.633548
3103.034,1.636191
3104.962,1.647915
3106.891,1.660519
3108.82,1.672724
3110.748,1.676896
3112.677,1.675485
3114.605,1.688924
3116.534,1.697922
3118.462,1.706246
3120.391,1.708053
3122.319,1.711967
3124.248,1.722217
3126.177,1.728803
3128.105,1.741239
3130.034,1.747658
3131.962,1.748752
3133.891,1.769777
3135.819,1.783514
3137.748,1.794122
3139.676,1.816537
3141.605,1.810111
3143.533,1.806663
3145.462,1.817959
3147.391,1.829756
3149.319,1.835253
3151.248,1.82785
3153.176,1.83673
3155.105,1.858341
3157.033,1.879752
3158.962,1.886046
3160.89,1.888465
3162.819,1.904364
3164.748,1.915773
3166.676,1.914982
3168.604,1.916401
3170.533,1.930242
3172.462,1.939661
3174.39,1.94102
3176.319,1.946033
3178.247,1.959696
3180.176,1.966591
3182.104,1.992441
3184.033,2.004134
3185.961,1.984433
3187.89,1.996782
3189.819,1.9923
3191.747,1.991466
3193.676,2.007885
3195.604,2.018366
3197.533,2.022687
3199.461,2.018719
3201.39,2.031928
3203.318,2.050853
3205.247,2.066564
3207.176,2.071394
3209.104,2.090573
3211.033,2.082286
3212.961,2.062696
3214.89,2.075099
3216.818,2.104025
3218.747,2.098719
3220.675,2.099163
3222.604,2.122784
3224.532,2.146748
3226.461,2.147165
3228.39,2.150402
3230.318,2.172632
3232.247,2.185948
3234.175,2.16945
3236.104,2.142974
3238.032,2.153156
3239.961,2.195405
3241.889,2.181486
3243.818,2.204697
3245.747,2.242152
3247.675,2.20846
3249.604,2.16854
3251.532,2.185177
3253.461,2.174779
3255.389,2.178661
3257.318,2.193515
3259.246,2.194026
3261.175,2.194243
3263.104,2.216891
3265.032,2.240374
3266.96,2.212807
3268.889,2.204169
3270.818,2.208534
3272.746,2.243095
3274.675,2.239779
3276.603,2.201288
3278.532,2.217723
3280.46,2.243018
3282.389,2.241389
3284.317,2.261976
3286.246,2.286182
3288.175,2.293439
3290.103,2.275366
3292.032,2.279549
3293.96,2.310028
3295.889,2.273254
3297.817,2.26361
3299.746,2.288841
3301.674,2.271111
3303.603,2.276464
3305.531,2.33533
3307.46,2.316462
3309.389,2.263736
3311.317,2.292362
3313.246,2.325297
3315.174,2.293678
3317.103,2.310853
3319.031,2.339308
3320.96,2.350549
3322.888,2.351082
3324.817,2.39638
3326.746,2.366456
3328.674,2.331435
3330.603,2.428111
3332.531,2.429805
3334.46,2.317527
3336.388,2.294027
3338.317,2.342142
3340.245,2.385547
3342.174,2.379588
3344.103,2.378118
3346.031,2.36842
3347.959,2.298542
3349.888,2.276453
3351.817,2.355831
3353.745,2.384534
3355.674,2.431567
3357.602,2.52821
3359.531,2.565389
3361.459,2.531299
3363.388,2.426313
3365.316,2.411915
3367.245,2.388553
3369.174,2.363863
3371.102,2.40244
3373.031,2.4611
3374.959,2.44587
3376.888,2.403954
3378.816,2.413698
3380.745,2.44496
3382.673,2.486843
3384.602,2.523663
3386.531,2.512555
3388.459,2.462101
3390.387,2.445947
3392.316,2.452664
3394.245,2.438515
3396.173,2.519965
3398.102,2.470505
3400.03,2.429942
3401.959,2.451014
3403.887,2.416861
3405.816,2.490504
3407.744,2.559611
3409.673,2.570054
3411.602,2.572194
3413.53,2.551821
3415.459,2.509138
3417.387,2.543934
3419.316,2.562111
3421.244,2.531165
3423.173,2.561294
3425.101,2.552685
3427.03,2.556658
3428.958,2.576355
3430.887,2.615045
3432.816,2.574786
3434.744,2.505253
3436.673,2.491798
3438.601,2.581786
3440.53,2.714814
3442.458,2.545992
3444.387,2.397546
3446.315,2.403653
3448.244,2.550513
3450.173,2.575298
3452.101,2.561886
3454.03,2.616404
3455.958,2.58895
3457.887,2.650109
3459.815,2.600188
3461.744,2.493704
3463.672,2.56112
3465.601,2.574602
3467.53,2.503216
3469.458,2.520015
3471.386,2.634861
3473.315,2.714161
3475.244,2.60359
3477.172,2.482551
3479.101,2.481276
3481.029,2.618876
3482.958,2.641832
3484.886,2.57285
3486.815,2.595188
3488.743,2.604142
3490.672,2.563822
3492.601,2.514561
3494.529,2.488171
3496.458,2.498086
3498.386,2.523567
3500.315,2.555379
3502.243,2.577337
3504.172,2.560704
3506.1,2.555189
3508.029,2.53987
3509.958,2.55314
3511.886,2.543661
3513.815,2.564827
3515.743,2.650712
3517.672,2.724068
3519.6,2.649148
3521.529,2.547475
3523.457,2.470365
3525.386,2.50843
3527.314,2.595151
3529.243,2.592831
3531.172,2.588508
3533.1,2.59771
3535.029,2.700601
3536.957,2.619047
3538.886,2.632969
3540.814,2.731256
3542.743,2.697297
3544.671,2.686461
3546.6,2.650551
3548.529,2.579321
3550.457,2.649837
3552.385,2.634284
3554.314,2.581932
3556.243,2.63373
3558.171,2.645064
3560.1,2.668972
3562.028,2.870737
3563.957,2.756183
3565.885,2.579317
3567.814,2.54309
3569.742,2.518556
3571.671,2.482143
3573.6,2.492059
3575.528,2.512131
3577.457,2.482549
3579.385,2.498059
3581.314,2.582762
3583.242,2.648534
3585.171,2.532428
3587.099,2.382995
3589.028,2.344415
3590.957,2.432462
3592.885,2.529891
3594.814,2.510061
3596.742,2.548821
3598.671,2.527514
3600.599,2.472985
3602.528,2.51185
3604.456,2.495252
3606.385,2.389507
3608.313,2.303797
3610.242,2.286818
3612.171,2.315338
3614.099,2.37861
3616.028,2.34439
3617.956,2.259186
3619.885,2.194795
3621.813,2.182375
3623.742,2.15714
3625.67,2.089695
3627.599,2.006113
3629.528,1.969557
3631.456,1.95186
3633.385,1.910546
3635.313,1.841829
3637.242,1.78448
3639.17,1.748657
3641.099,1.701174
3643.027,1.647361
3644.956,1.58861
3646.885,1.535182
3648.813,1.487268
3650.741,1.433229
3652.67,1.379566
3654.599,1.331239
3656.527,1.278436
3658.456,1.230797
3660.384,1.188938
3662.313,1.14818
3664.241,1.106302
3666.17,1.063999
3668.098,1.026511
3670.027,0.9910519
3671.956,0.9540382
3673.884,0.9213776
3675.813,0.8917134
3677.741,0.863928
3679.67,0.8368329
3681.598,0.8110517
3683.527,0.7881162
3685.455,0.7674398
3687.384,0.7478424
3689.313,0.7278686
3691.241,0.7084751
3693.17,0.6911347
3695.098,0.6751732
3697.027,0.6602726
3698.955,0.6463175
3700.884,0.6330504
3702.812,0.620755
3704.741,0.608439
3706.669,0.5975937
3708.598,0.5884717
3710.527,0.5789275
3712.455,0.5706011
3714.384,0.5615229
3716.312,0.5540236
3718.241,0.5475788
3720.169,0.5394268
3722.098,0.5325186
3724.026,0.5269927
3725.955,0.5216783
3727.884,0.5172814
3729.812,0.5138023
3731.74,0.5092794
3733.669,0.5051355
3735.598,0.5013432
3737.526,0.4972939
3739.455,0.49446
3741.383,0.4918187
3743.312,0.4889948
3745.24,0.4872684
3747.169,0.485423
3749.097,0.4837549
3751.026,0.4829047
3752.955,0.4817512
3754.883,0.4797461
3756.812,0.4778177
3758.74,0.4763993
3760.669,0.475154
3762.597,0.4740941
3764.526,0.4727342
3766.454,0.4719137
3768.383,0.4718716
3770.312,0.4717247
3772.24,0.4711807
3774.169,0.468939
3776.097,0.4681549
3778.026,0.4688709
3779.954,0.4692418
3781.883,0.4683375
3783.811,0.4666138
3785.74,0.4655736
3787.668,0.464074
3789.597,0.4627896
3791.526,0.4629326
3793.454,0.4633948
3795.383,0.4636235
3797.311,0.4633071
3799.24,0.4623394
3801.168,0.4623611
3803.097,0.4617644
3805.025,0.4606324
3806.954,0.4596052
3808.883,0.4595877
3810.811,0.4597927
3812.74,0.4605217
3814.668,0.4611007
3816.597,0.4609801
3818.525,0.4602875
3820.454,0.4594974
3822.382,0.4595285
3824.311,0.4605615
3826.24,0.460923
3828.168,0.460018
3830.096,0.458162
3832.025,0.4577105
3833.954,0.4585657
3835.882,0.4587684
3837.811,0.4582803
3839.739,0.4579554
3841.668,0.4580368
3843.596,0.4575281
3845.525,0.4573908
3847.453,0.4582487
3849.382,0.4577645
3851.311,0.4571357
3853.239,0.4579565
3855.168,0.4585412
3857.096,0.458251
3859.025,0.4576004
3860.953,0.4571869
3862.882,0.4579467
3864.81,0.4586879
3866.739,0.4586971
3868.667,0.459162
3870.596,0.4582621
3872.525,0.4586807
3874.453,0.4594719
3876.382,0.4593448
3878.31,0.4589137
3880.239,0.4587456
3882.167,0.4591517
3884.096,0.4593572
3886.024,0.4586759
3887.953,0.4590327
3889.882,0.459311
3891.81,0.45845
3893.739,0.4581169
3895.667,0.4580178
3897.596,0.4583861
3899.524,0.4587909
3901.453,0.4588673
3903.381,0.4590397
3905.31,0.4586109
3907.239,0.4578696
3909.167,0.4581702
3911.095,0.4585523
3913.024,0.458015
3914.953,0.4581307
3916.881,0.4597089
3918.81,0.4606099
3920.738,0.4599581
3922.667,0.4590935
3924.595,0.4589576
3926.524,0.4593307
3928.452,0.4595059
3930.381,0.4606952
3932.31,0.4608521
3934.238,0.4600886
3936.167,0.4599589
3938.095,0.4594148
3940.024,0.4597866
3941.952,0.4609786
3943.881,0.4608086
3945.809,0.4608621
3947.738,0.46064
3949.667,0.4598553
3951.595,0.4591267
3953.524,0.4587287
3955.452,0.4594173
3957.381,0.4604986
3959.309,0.461149
3961.238,0.4608928
3963.166,0.459796
3965.095,0.4590952
3967.023,0.4593182
3968.952,0.4595814
3970.881,0.4600435
3972.809,0.4600841
3974.738,0.4598334
3976.666,0.4596188
3978.595,0.4590809
3980.523,0.4587698
3982.452,0.4581528
3984.38,0.4587363
3986.309,0.4594504
3988.238,0.460237
3990.166,0.4599388
3992.094,0.4594267
3994.023,0.4595071
3995.952,0.4593736
3997.88,0.4596831
3999.809,0.4595456
4001.737,0.4588462
4003.666,0.4586066
4005.594,0.4591253
4007.523,0.4592528
4009.451,0.4586288
4011.38,0.4587995
4013.309,0.4588646
4015.237,0.4588816
4017.166,0.4590675
4019.094,0.4577362
4021.023,0.4565932
4022.951,0.4572123
4024.88,0.4576493
4026.808,0.457241
4028.737,0.4566552
4030.666,0.4564629
4032.594,0.4572346
4034.523,0.4576745
4036.451,0.456457
4038.38,0.457202
4040.308,0.4577169
4042.237,0.4575785
4044.165,0.4574847
4046.094,0.4569132
4048.022,0.4558607
4049.951,0.4559538
4051.88,0.45674
4053.808,0.4565652
4055.737,0.4556777
4057.665,0.4561478
4059.594,0.456469
4061.522,0.456204
4063.451,0.4563296
4065.379,0.4563115
4067.308,0.4559934
4069.237,0.4558313
4071.165,0.4544641
4073.094,0.4534976
4075.022,0.4540472
4076.951,0.4547835
4078.879,0.4553513
4080.808,0.4544136
4082.736,0.453868
4084.665,0.4541164
4086.594,0.4543343
4088.522,0.4545386
4090.45,0.4541714
4092.379,0.4529909
4094.308,0.4517687
4096.236,0.4515146
4098.165,0.4524173
4100.093,0.4534458
4102.021,0.452722
4103.95,0.4514391
4105.879,0.4516251
4107.808,0.4525161
4109.736,0.4525601
4111.665,0.4515134
4113.593,0.4506609
4115.521,0.4502112
4117.45,0.4499893
4119.379,0.4510564
4121.308,0.451752
4123.236,0.450961
4125.164,0.4504743
4127.093,0.4505906
4129.021,0.4495614
4130.95,0.4496855
4132.879,0.4501931
4134.807,0.4502302
4136.735,0.4498925
4138.664,0.4487768
4140.593,0.4491108
4142.521,0.4502282
4144.45,0.4500567
4146.378,0.4488861
4148.307,0.4485787
4150.235,0.4482519
4152.164,0.4478337
4154.093,0.4479847
4156.021,0.4489444
4157.95,0.4501851
4159.878,0.4501339
4161.807,0.4490336
4163.735,0.4484585
4165.664,0.4484386
4167.593,0.4479939
4169.521,0.4482107
4171.449,0.4478795
4173.378,0.4473993
4175.307,0.4481635
4177.235,0.4492764
4179.164,0.448716
4181.092,0.4485582
4183.021,0.4481642
4184.949,0.4469992
4186.878,0.4473117
4188.807,0.4484076
4190.735,0.4474153
4192.664,0.4471016
4194.592,0.4482762
4196.521,0.4488428
4198.449,0.4485871
4200.378,0.4471993
4202.307,0.445901
4204.235,0.4470347
4206.163,0.4472127
4208.092,0.447081
4210.021,0.4477727
4211.949,0.4470054
4213.878,0.4462335
4215.806,0.4469526
4217.734,0.4483191
4219.663,0.4482954
4221.592,0.4490391
4223.521,0.4484402
4225.449,0.4471056
4227.377,0.4485482
4229.306,0.4488204
4231.234,0.4483821
4233.163,0.4492198
4235.092,0.448099
4237.021,0.4474337
4238.949,0.4483785
4240.877,0.4483369
4242.806,0.4484382
4244.734,0.4486825
4246.663,0.4491588
4248.592,0.4496154
4250.52,0.4508678
4252.448,0.4500849
4254.377,0.448628
4256.306,0.4499013
4258.234,0.450433
4260.163,0.4495773
4262.091,0.4501768
4264.02,0.4509368
4265.948,0.4511105
4267.877,0.450976
4269.806,0.4518239
4271.734,0.4529255
4273.663,0.4514885
4275.591,0.4520123
4277.52,0.452947
4279.448,0.4526603
4281.377,0.4530109
4283.306,0.4535628
4285.234,0.4541982
4287.162,0.454162
4289.091,0.4547659
4291.02,0.455573
4292.948,0.4543853
4294.877,0.4539183
4296.805,0.4552319
4298.733,0.456771
4300.662,0.4577701
4302.591,0.4573363
4304.52,0.4574639
4306.448,0.458619
4308.376,0.4594902
4310.305,0.4591118
4312.233,0.4590632
4314.162,0.4598345
4316.091,0.4611032
4318.02,0.4610915
4319.948,0.4597783
4321.876,0.4591432
4323.805,0.460834
4325.733,0.4621561
4327.662,0.4611235
4329.591,0.4605281
4331.519,0.461475
4333.447,0.4626103
4335.376,0.4629858
4337.305,0.463989
4339.233,0.4663339
4341.162,0.4671212
4343.09,0.4654926
4345.019,0.4648603
4346.947,0.4657532
4348.876,0.4665461
4350.805,0.4661188
4352.733,0.466974
4354.662,0.4682953
4356.59,0.4698771
4358.519,0.4703821
4360.447,0.4689186
4362.376,0.4678397
4364.305,0.4687721
4366.233,0.4706484
4368.161,0.4704708
4370.09,0.470955
4372.019,0.4723545
4373.947,0.4726255
4375.876,0.4727371
4377.804,0.4729966
4379.732,0.4746831
4381.661,0.4752586
4383.59,0.4752748
4385.519,0.4767483
4387.447,0.4770983
4389.375,0.4777189
4391.304,0.4787507
4393.232,0.4781145
4395.161,0.4769806
4397.09,0.4768532
4399.019,0.4763154
4400.947,0.4759752
4402.875,0.4785841
4404.804,0.481187
4406.732,0.4804006
4408.661,0.4803033
4410.59,0.4829093
4412.518,0.4837609
4414.446,0.4825169
4416.375,0.4833552
4418.304,0.4841107
4420.232,0.4848547
4422.161,0.4865879
4424.089,0.4873126
4426.018,0.48723
4427.946,0.4861491
4429.875,0.486523
4431.804,0.4883857
4433.732,0.4901985
4435.661,0.4899675
4437.589,0.4892698
4439.518,0.4900292
4441.446,0.4894256
4443.375,0.4910476
4445.304,0.4931669
4447.232,0.4937904
4449.16,0.4931287
4451.089,0.4926022
4453.018,0.493815
4454.946,0.495691
4456.875,0.4969314
4458.803,0.4962614
4460.731,0.4959379
4462.66,0.4955306
4464.589,0.4959471
4466.518,0.4970533
4468.446,0.496758
4470.375,0.4966902
4472.303,0.4985206
4474.231,0.500594
4476.16,0.5010647
4478.089,0.5003738
4480.018,0.499994
4481.946,0.5013439
4483.874,0.5032418
4485.803,0.5030709
4487.731,0.5029248
4489.66,0.5034047
4491.589,0.5036385
4493.517,0.5038033
4495.446,0.5037639
4497.374,0.5031044
4499.303,0.5045788
4501.231,0.5058316
4503.16,0.5059544
4505.088,0.5060104
4507.017,0.5069162
4508.945,0.5079027
4510.874,0.507876
4512.803,0.5065258
4514.731,0.506967
4516.66,0.5071568
4518.588,0.5077811
4520.517,0.5083739
4522.445,0.5077764
4524.374,0.5063143
4526.302,0.5078763
4528.231,0.5089398
4530.16,0.5084954
4532.088,0.508505
4534.017,0.5096614
4535.945,0.5103146
4537.874,0.5097764
4539.802,0.5072409
4541.731,0.5064831
4543.659,0.5072532
4545.588,0.5087212
4547.517,0.5093158
4549.445,0.509363
4551.374,0.5087094
4553.302,0.5096749
4555.23,0.5098735
4557.159,0.5072516
4559.088,0.5074878
4561.016,0.5091622
4562.945,0.5083182
4564.874,0.5088514
4566.802,0.5095615
4568.73,0.5089399
4570.659,0.5079753
4572.587,0.5081311
4574.516,0.5092163
4576.445,0.5092664
4578.373,0.5092803
4580.302,0.5101023
4582.23,0.5081497
4584.159,0.5077621
4586.087,0.5086901
4588.016,0.5096917
4589.944,0.5099896
4591.873,0.5099851
4593.802,0.5082142
4595.73,0.509075
4597.659,0.5107179
4599.587,0.5109887
4601.516,0.5083545
4603.444,0.5082855
4605.373,0.5085337
4607.301,0.5099511
4609.23,0.5118949
4611.159,0.5126801
4613.087,0.5120692
4615.016,0.5113105
4616.944,0.5112246
4618.873,0.5111611
4620.801,0.5111889
4622.73,0.510527
4624.658,0.5098336
4626.587,0.5124038
4628.516,0.5140749
4630.444,0.5141404
4632.373,0.5144386
4634.301,0.5147775
4636.229,0.5151564
4638.158,0.5159451
4640.087,0.5165823
4642.015,0.5152484
4643.944,0.516347
4645.873,0.5167618
4647.801,0.5177203
4649.729,0.5201898
4651.658,0.5191199
4653.586,0.5168661
4655.515,0.5199938
4657.444,0.5223846
4659.372,0.519541
4661.301,0.5187107
4663.229,0.5200692
4665.158,0.5226965
4667.086,0.5248229
4669.015,0.5238809
4670.943,0.5232965
4672.872,0.5247208
4674.801,0.5262926
4676.729,0.5260713
4678.658,0.5251667
4680.586,0.5239675
4682.515,0.5234078
4684.443,0.5241256
4686.372,0.5247521
4688.3,0.5245069
4690.229,0.5260257
4692.158,0.5292896
4694.086,0.5301353
4696.015,0.5293884
4697.943,0.5307094
4699.872,0.5316177
4701.8,0.529196
4703.729,0.5266787
4705.657,0.5280026
4707.586,0.5316837
4709.515,0.5336191
4711.443,0.5352115
4713.372,0.5336266
4715.3,0.5325422
4717.229,0.53332
4719.157,0.5340151
4721.086,0.5359761
4723.014,0.5370758
4724.943,0.5367489
4726.872,0.5359952
4728.8,0.5350277
4730.729,0.5353363
4732.657,0.537801
4734.585,0.5379581
4736.514,0.5363023
4738.443,0.5344863
4740.371,0.5345286
4742.3,0.5370938
4744.229,0.5393428
4746.157,0.5392878
4748.085,0.5404757
4750.014,0.5425693
4751.942,0.5438116
4753.871,0.5443044
4755.8,0.542635
4757.728,0.5423542
4759.657,0.5420424
4761.585,0.5425841
4763.514,0.5431429
4765.442,0.5438032
4767.371,0.5452184
4769.299,0.5481846
4771.228,0.5495796
4773.157,0.5469455
4775.085,0.5453403
4777.014,0.548244
4778.942,0.5496008
4780.871,0.5489191
4782.799,0.5471634
4784.728,0.5471297
4786.656,0.5483448
4788.585,0.5504456
4790.514,0.5510051
4792.442,0.5490434
4794.371,0.5489476
4796.299,0.5511056
4798.228,0.5518292
4800.156,0.551558
4802.085,0.5525219
4804.013,0.5556744
4805.942,0.5548916
4807.871,0.5542561
4809.799,0.5563532
4811.728,0.5571784
4813.656,0.5570589
4815.584,0.55751
4817.513,0.5565639
4819.442,0.556828
4821.37,0.5591468
4823.299,0.5600672
4825.228,0.5597463
4827.156,0.5586201
4829.084,0.5591053
4831.013,0.5597218
4832.941,0.5587764
4834.87,0.56036
4836.799,0.5617974
4838.727,0.5627883
4840.656,0.5633855
4842.584,0.5615822
4844.513,0.5610107
4846.441,0.5615366
4848.37,0.5633919
4850.298,0.5632351
4852.227,0.5645226
4854.156,0.5673513
4856.084,0.567764
4858.013,0.5677172
4859.941,0.5659389
4861.87,0.564712
4863.798,0.5673549
4865.727,0.5716996
4867.655,0.5721405
4869.584,0.5696508
4871.513,0.57294
4873.441,0.5732855
4875.37,0.571385
4877.298,0.5722897
4879.227,0.5719913
4881.155,0.5724289
4883.084,0.5715863
4885.012,0.5702094
4886.941,0.5700504
4888.87,0.5727963
4890.798,0.5745026
4892.727,0.5744561
4894.655,0.5757325
4896.583,0.5774862
4898.512,0.5760742
4900.441,0.5759188
4902.369,0.5803473
4904.298,0.580846
4906.227,0.5777804
4908.155,0.5775511
4910.083,0.5783886
4912.012,0.578684
4913.94,0.5820429
4915.869,0.582373
4917.798,0.5823243
4919.726,0.5833182
4921.655,0.5820692
4923.583,0.5801257
4925.512,0.5802302
4927.44,0.5833349
4929.369,0.5836669
4931.297,0.5849264
4933.226,0.584456
4935.155,0.5824969
4937.083,0.582474
4939.012,0.5844087
4940.94,0.5865579
4942.869,0.585154
4944.797,0.5838997
4946.726,0.5840291
4948.654,0.5849718
4950.583,0.5878677
4952.512,0.5898122
4954.44,0.5923913
4956.369,0.5929078
4958.297,0.5926884
4960.226,0.5921658
4962.154,0.5912992
4964.083,0.591625
4966.011,0.5945729
4967.94,0.5975581
4969.869,0.5975397
4971.797,0.5961548
4973.726,0.593023
4975.654,0.5924
4977.583,0.5932427
4979.511,0.5965006
4981.44,0.5980783
4983.368,0.5955667
4985.297,0.596185
4987.226,0.5991366
4989.154,0.6016364
4991.083,0.6006467
4993.011,0.597567
4994.939,0.597296
4996.868,0.5983208
4998.797,0.5996435
5000.725,0.5990722
5002.654,0.5991193
5004.583,0.6010634
5006.511,0.6024598
5008.439,0.6021348
5010.368,0.6011838
5012.296,0.6028535
5014.225,0.604181
5016.154,0.6055702
5018.082,0.6032792
5020.011,0.605364
5021.939,0.6090562
5023.868,0.6083356
5025.796,0.6054171
5027.725,0.6062155
5029.653,0.6097296
5031.582,0.6063876
5033.511,0.607466
5035.439,0.610109
5037.368,0.6090829
5039.296,0.6084126
5041.225,0.610154
5043.153,0.6117877
5045.082,0.613052
5047.01,0.613287
5048.939,0.6120106
5050.868,0.6111119
5052.796,0.6108596
5054.725,0.6127564
5056.653,0.6160327
5058.582,0.6146762
5060.51,0.6115112
5062.439,0.6131845
5064.367,0.6149532
5066.296,0.6129518
5068.225,0.6119679
5070.153,0.6133465
5072.082,0.6161398
5074.01,0.619359
5075.938,0.6190444
5077.867,0.6176077
5079.796,0.6167482
5081.724,0.6165738
5083.653,0.6186831
5085.582,0.618515
5087.51,0.6189244
5089.438,0.6195152
5091.367,0.6170207
5093.295,0.6172958
5095.224,0.6214924
5097.153,0.6232586
5099.081,0.6208451
5101.01,0.6217599
5102.938,0.622341
5104.867,0.6189461
5106.795,0.6185541
5108.724,0.6207294
5110.652,0.624009
5112.581,0.625889
5114.51,0.6234381
5116.438,0.6213939
5118.367,0.6234299
5120.295,0.6263014
5122.224,0.6274533
5124.152,0.6263276
5126.081,0.6244643
5128.009,0.6262363
5129.938,0.6294682
5131.867,0.6297677
5133.795,0.6312093
5135.724,0.6297604
5137.652,0.6293007
5139.581,0.6315517
5141.509,0.632344
5143.438,0.6316367
5145.366,0.6312046
5147.295,0.6326429
5149.224,0.6340956
5151.152,0.6317338
5153.081,0.630651
5155.009,0.6321771
5156.938,0.6341426
5158.866,0.6344264
5160.795,0.6338905
5162.723,0.6342295
5164.652,0.6350129
5166.581,0.6356246
5168.509,0.6364549
5170.438,0.6378261
5172.366,0.635733
5174.294,0.6349924
5176.223,0.6374449
5178.152,0.6411875
5180.08,0.6387813
5182.009,0.6352254
5183.938,0.6386274
5185.866,0.642095
5187.794,0.642
5189.723,0.6401057
5191.651,0.6424823
5193.58,0.6432134
5195.509,0.6417262
5197.437,0.6412046
5199.366,0.6446834
5201.294,0.6455604
5203.223,0.6446692
5205.151,0.6461785
5207.08,0.6457778
5209.008,0.6447572
5210.937,0.6459965
5212.866,0.6459839
5214.794,0.6451893
5216.723,0.6445555
5218.651,0.6467395
5220.58,0.6483446
5222.508,0.645205
5224.437,0.6436377
5226.365,0.6445701
5228.294,0.646331
5230.223,0.6480403
5232.151,0.6476588
5234.08,0.6479497
5236.008,0.6491661
5237.937,0.6481985
5239.865,0.6450659
5241.794,0.6427255
5243.722,0.6456031
5245.651,0.6467332
5247.58,0.6444898
5249.508,0.6461306
5251.437,0.6448606
5253.365,0.6422729
5255.293,0.6404247
5257.222,0.6420457
5259.151,0.6445797
5261.079,0.6462518
5263.008,0.6445506
5264.937,0.6421183
5266.865,0.6412479
5268.793,0.6423389
5270.722,0.6422799
5272.65,0.6405631
5274.579,0.6407715
5276.508,0.638588
5278.436,0.6378554
5280.365,0.6397903
5282.293,0.6416709
5284.222,0.6402248
5286.15,0.638865
5288.079,0.6388786
5290.007,0.6392385
5291.936,0.6411157
5293.865,0.643692
5295.793,0.6421888
5297.722,0.6409345
5299.65,0.6424983
5301.579,0.6446226
5303.507,0.646045
5305.436,0.6466381
5307.364,0.6447126
5309.293,0.6407188
5311.222,0.6374893
5313.15,0.6384749
5315.079,0.6434997
5317.007,0.6469155
5318.936,0.6445202
5320.864,0.6432241
5322.793,0.645766
5324.721,0.6430425
5326.65,0.6415309
5328.579,0.6429949
5330.507,0.6434479
5332.436,0.6460478
5334.364,0.6471387
5336.292,0.6479728
5338.221,0.6503654
5340.15,0.6465758
5342.078,0.6436495
5344.007,0.6443936
5345.936,0.6420623
5347.864,0.6395302
5349.792,0.6421713
5351.721,0.6428932
5353.649,0.6425425
5355.578,0.6466261
5357.507,0.6478083
5359.435,0.6447499
5361.364,0.645089
5363.292,0.6482518
5365.221,0.6465733
5367.149,0.6461204
5369.078,0.6463412
5371.006,0.6444649
5372.935,0.644886
5374.864,0.6449193
5376.792,0.6447189
5378.721,0.6465295
5380.649,0.6451182
5382.578,0.6476067
5384.506,0.6498842
5386.435,0.6485797
5388.363,0.6473194
5390.292,0.6483856
5392.221,0.6508208
5394.149,0.6512914
5396.078,0.6496713
5398.006,0.6469772
5399.935,0.6473223
5401.863,0.6518298
5403.792,0.6547488
5405.72,0.6534547
5407.649,0.6515954
5409.578,0.6487174
5411.506,0.6487457
5413.435,0.6502138
5415.363,0.6521392
5417.292,0.6521034
5419.22,0.6506711
5421.149,0.6513258
5423.077,0.6538529
5425.006,0.6536324
5426.935,0.6509188
5428.863,0.6481497
5430.792,0.6448337
5432.72,0.6469851
5434.648,0.6518922
5436.577,0.6520433
5438.506,0.6525239
5440.434,0.6526248
5442.363,0.6538415
5444.292,0.6549895
5446.22,0.6559077
5448.148,0.6578671
5450.077,0.6552407
5452.005,0.6510593
5453.934,0.6504551
5455.863,0.653478
5457.791,0.6537795
5459.72,0.6507268
5461.648,0.6498889
5463.577,0.6527473
5465.505,0.6521456
5467.434,0.6517007
5469.362,0.6555688
5471.291,0.6581849
5473.22,0.6559222
5475.148,0.6549039
5477.077,0.6552562
5479.005,0.6576371
5480.934,0.6609831
5482.862,0.661884
5484.791,0.6590084
5486.719,0.656197
5488.648,0.6554283
5490.577,0.6582182
5492.505,0.6572887
5494.434,0.6571689
5496.362,0.6584727
5498.291,0.660256
5500.219,0.6587999
5502.148,0.6573329
5504.076,0.6604324
5506.005,0.6606395
5507.934,0.6574152
5509.862,0.6579425
5511.791,0.6607457
5513.719,0.6612554
5515.647,0.6582424
5517.576,0.6592995
5519.505,0.6619912
5521.433,0.6615223
5523.362,0.6620748
5525.291,0.6607319
5527.219,0.6607996
5529.147,0.6614213
5531.076,0.6622465
5533.004,0.6616051
5534.933,0.6627593
5536.862,0.6657072
5538.79,0.6655162
5540.719,0.6628389
5542.647,0.6615286
5544.576,0.6631159
5546.504,0.66149
5548.433,0.6601555
5550.361,0.6612464
5552.29,0.6661245
5554.219,0.6686431
5556.147,0.6668395
5558.076,0.6644709
5560.004,0.6617936
5561.933,0.662191
5563.861,0.6627984
5565.79,0.6639045
5567.718,0.665835
5569.647,0.6680491
5571.576,0.6672042
5573.504,0.6657112
5575.433,0.6683888
5577.361,0.666254
5579.29,0.6665253
5581.218,0.6696067
5583.147,0.66912
5585.075,0.671514
5587.004,0.6707386
5588.933,0.6664519
5590.861,0.6667739
5592.79,0.6713632
5594.718,0.6698644
5596.646,0.6665971
5598.575,0.6649175
5600.504,0.6648361
5602.432,0.6662248
5604.361,0.6678621
5606.29,0.6685422
5608.218,0.6685823
5610.146,0.6717926
5612.075,0.6709683
5614.003,0.6659325
5615.932,0.6651049
5617.861,0.663227
5619.789,0.6657334
5621.718,0.6720669
5623.646,0.6688725
5625.575,0.6641588
5627.503,0.6628667
5629.432,0.6666805
5631.36,0.6679932
5633.289,0.669978
5635.218,0.6722414
5637.146,0.6704229
5639.075,0.6704521
5641.003,0.6721037
5642.932,0.6710904
5644.86,0.6715164
5646.789,0.6723731
5648.717,0.6712833
5650.646,0.6678848
5652.575,0.6676868
5654.503,0.671145
5656.432,0.6729395
5658.36,0.6759291
5660.289,0.6749991
5662.217,0.6712745
5664.146,0.6717035
5666.074,0.6724418
5668.003,0.6737027
5669.932,0.6767154
5671.86,0.6725345
5673.789,0.6666015
5675.717,0.6687368
5677.646,0.6736805
5679.574,0.6777202
5681.503,0.6811675
5683.431,0.6787732
5685.36,0.6763412
5687.289,0.6750728
5689.217,0.6765523
5691.146,0.6757995
5693.074,0.6748684
5695.002,0.6749858
5696.931,0.6754397
5698.86,0.6722773
5700.788,0.6721559
5702.717,0.6757516
5704.646,0.6768798
5706.574,0.6755743
5708.502,0.6763277
5710.431,0.6782105
5712.359,0.6783705
5714.288,0.6765858
5716.217,0.6784207
5718.145,0.6788204
5720.074,0.6760961
5722.002,0.6756711
5723.931,0.679298
5725.859,0.6805222
5727.788,0.6809514
5729.716,0.6800408
5731.645,0.6788114
5733.574,0.6801162
5735.502,0.6826352
5737.431,0.681444
5739.359,0.6788774
5741.288,0.6751675
5743.216,0.6786838
5745.145,0.6820584
5747.073,0.6811938
5749.002,0.6809271
5750.931,0.680931
5752.859,0.6819671
5754.788,0.6817405
5756.716,0.6830612
5758.645,0.684119
5760.573,0.6799664
5762.502,0.6791812
5764.43,0.6796589
5766.359,0.6795255
5768.288,0.6824985
5770.216,0.6828473
5772.145,0.6831577
5774.073,0.6853287
5776.001,0.6859985
5777.93,0.6868187
5779.859,0.6891851
5781.787,0.6868719
5783.716,0.6844293
5785.645,0.6813748
5787.573,0.6797739
5789.501,0.6807492
5791.43,0.6802568
5793.358,0.6804696
5795.287,0.6868289
5797.216,0.6890615
5799.144,0.6887224
5801.073,0.6898369
5803.001,0.687277
5804.93,0.6866412
5806.858,0.6876589
5808.787,0.683911
5810.715,0.6834363
5812.644,0.687075
5814.573,0.6895167
5816.501,0.6900175
5818.43,0.6862651
5820.358,0.6847641
5822.287,0.6846636
5824.215,0.6878921
5826.144,0.6935482
5828.072,0.6897923
5830.001,0.687336
5831.93,0.6893694
5833.858,0.6896251
5835.787,0.686502
5837.715,0.6882061
5839.644,0.6888635
5841.572,0.687342
5843.501,0.6881515
5845.429,0.6871602
5847.358,0.6872981
5849.287,0.6875514
5851.215,0.6881653
5853.144,0.6892291
5855.072,0.6876234
5857,0.6864547
5858.929,0.6920007
5860.858,0.7011521
5862.786,0.7003295
5864.715,0.6916177
5866.644,0.6851776
5868.572,0.684452
5870.5,0.6910433
5872.429,0.6976108
5874.357,0.6978354
5876.286,0.6938291
5878.215,0.6896489
5880.143,0.6916719
5882.072,0.696264
5884,0.6987463
5885.929,0.6961088
5887.857,0.6905084
5889.786,0.6974577
5891.714,0.6989328
5893.643,0.6952131
5895.572,0.6960377
5897.5,0.6944759
5899.429,0.6914503
5901.357,0.6978163
5903.286,0.7002075
5905.214,0.6986611
5907.143,0.6998329
5909.071,0.6974733
5911,0.6969397
5912.929,0.7021406
5914.857,0.7022216
5916.786,0.7010803
5918.714,0.7027529
5920.643,0.7015368
5922.571,0.7014711
5924.5,0.7005727
5926.428,0.6934302
5928.357,0.693068
5930.286,0.6968325
5932.214,0.7026004
5934.143,0.7033203
5936.071,0.6980402
5938,0.6999387
5939.928,0.7036078
5941.857,0.7050259
5943.785,0.7031622
5945.714,0.7078247
5947.643,0.7136738
5949.571,0.7064057
5951.5,0.7029748
5953.428,0.7059373
5955.356,0.7063254
5957.285,0.7054847
5959.214,0.7050478
5961.142,0.7028053
5963.071,0.7005453
5965,0.7064404
5966.928,0.7145231
5968.856,0.711565
5970.785,0.7067105
5972.713,0.7066089
5974.642,0.7013526
5976.571,0.6999575
5978.499,0.7050102
5980.428,0.7078855
5982.356,0.7114053
5984.285,0.7159243
5986.213,0.7156719
5988.142,0.7139931
5990.07,0.7125354
5991.999,0.7047896
5993.928,0.6988649
5995.856,0.7029734
5997.785,0.7077287
5999.713,0.7136381
6001.642,0.7155831
6003.57,0.7137746
6005.499,0.7099709
6007.427,0.7124323
6009.356,0.7175929
6011.285,0.7169081
6013.213,0.714314
6015.142,0.7201581
6017.07,0.7190276
6018.999,0.7144427
6020.927,0.7145885
6022.856,0.7164745
6024.784,0.7148436
6026.713,0.7158267
6028.642,0.7171373
6030.57,0.7143321
6032.499,0.7166144
6034.427,0.7199631
6036.355,0.7174878
6038.284,0.7130907
6040.213,0.7116416
6042.141,0.7119147
6044.07,0.7142043
6045.999,0.7181127
6047.927,0.7136328
6049.855,0.7075825
6051.784,0.707803
6053.712,0.7118026
6055.641,0.7150794
6057.57,0.7169985
6059.498,0.7175615
6061.427,0.7160948
6063.355,0.717602
6065.284,0.7176548
6067.212,0.7142911
6069.141,0.7155651
6071.069,0.7177573
6072.998,0.7215463
6074.927,0.7240747
6076.855,0.7187269
6078.784,0.7144282
6080.712,0.7174314
6082.641,0.7252344
6084.569,0.7248245
6086.498,0.7199177
6088.426,0.72357
6090.355,0.7293828
6092.284,0.7294917
6094.212,0.7296283
6096.141,0.729054
6098.069,0.7287481
6099.998,0.7308452
6101.926,0.7308773
6103.855,0.7258345
6105.783,0.7262634
6107.712,0.7283261
6109.641,0.7281944
6111.569,0.726728
6113.498,0.7241457
6115.426,0.7242464
6117.354,0.7329584
6119.283,0.7337186
6121.212,0.7295771
6123.14,0.7297304
6125.069,0.731438
6126.998,0.7311786
6128.926,0.724901
6130.854,0.7209179
6132.783,0.720863
6134.711,0.728124
6136.64,0.7337894
6138.569,0.7284181
6140.497,0.727377
6142.426,0.7276511
6144.354,0.7307935
6146.283,0.7299976
6148.211,0.7262109
6150.14,0.7277787
6152.068,0.7300934
6153.997,0.7259014
6155.926,0.7243546
6157.854,0.7279302
6159.783,0.7305492
6161.711,0.7312185
6163.64,0.7368166
6165.568,0.7385848
6167.497,0.7391366
6169.425,0.7353036
6171.354,0.7317166
6173.283,0.7314582
6175.211,0.7303959
6177.14,0.729934
6179.068,0.7327097
6180.997,0.7290018
6182.925,0.7328495
6184.854,0.7446965
6186.782,0.7488677
6188.711,0.7396518
6190.64,0.7378921
6192.568,0.7450014
6194.497,0.7466072
6196.425,0.7389168
6198.354,0.7310376
6200.282,0.7267907
6202.211,0.7327331
6204.139,0.7388897
6206.068,0.744723
6207.997,0.7396186
6209.925,0.7348862
6211.854,0.7333552
6213.782,0.7384138
6215.71,0.7450083
6217.639,0.7412326
6219.568,0.7375936
6221.496,0.7448821
6223.425,0.7478117
6225.354,0.7505087
6227.282,0.7568708
6229.21,0.7554135
6231.139,0.7517762
6233.067,0.7482826
6234.996,0.7452109
6236.925,0.7418416
6238.853,0.7399454
6240.782,0.7442924
6242.71,0.7478143
6244.639,0.7439175
6246.567,0.7417516
6248.496,0.7434587
6250.424,0.7523281
6252.353,0.7605508
6254.282,0.7547275
6256.21,0.7556772
6258.139,0.7568309
6260.067,0.7611517
6261.996,0.7593135
6263.924,0.7472166
6265.853,0.7444249
6267.781,0.7442263
6269.71,0.7511408
6271.639,0.751819
6273.567,0.748558
6275.496,0.7528738
6277.424,0.7531953
6279.353,0.753971
6281.281,0.7540351
6283.21,0.7488244
6285.138,0.7466418
6287.067,0.7451959
6288.996,0.7508715
6290.924,0.7586985
6292.853,0.7520447
6294.781,0.7521207
6296.709,0.756872
6298.638,0.7550826
6300.567,0.755012
6302.495,0.7512907
6304.424,0.7503945
6306.353,0.7573795
6308.281,0.7623292
6310.209,0.7556041
6312.138,0.7512776
6314.066,0.7496161
6315.995,0.753087
6317.924,0.7529824
6319.852,0.7525204
6321.781,0.7611773
6323.709,0.765236
6325.638,0.7593651
6327.566,0.7603596
6329.495,0.7631927
6331.423,0.7546105
6333.352,0.7591999
6335.28,0.769348
6337.209,0.7694278
6339.138,0.7582336
6341.066,0.7551603
6342.995,0.7592499
6344.923,0.7542633
6346.852,0.7578602
6348.78,0.7673393
6350.709,0.7616661
6352.637,0.7529233
6354.566,0.7588989
6356.495,0.7655951
6358.423,0.7704006
6360.352,0.7722977
6362.28,0.7715233
6364.208,0.7734791
6366.137,0.7672403
6368.066,0.7680484
6369.994,0.77311
6371.923,0.7695431
6373.852,0.7618685
6375.78,0.7642294
6377.708,0.7740115
6379.637,0.7724887
6381.565,0.7639971
6383.494,0.7684131
6385.423,0.7750606
6387.351,0.7793791
6389.28,0.7738498
6391.208,0.7678859
6393.137,0.7653008
6395.065,0.7645866
6396.994,0.7639372
6398.922,0.7687449
6400.851,0.7807965
6402.78,0.7860319
6404.708,0.7744296
6406.637,0.7659135
6408.565,0.7653248
6410.494,0.7673658
6412.422,0.767803
6414.351,0.7723808
6416.279,0.7714047
6418.208,0.780462
6420.137,0.7796755
6422.065,0.7656028
6423.994,0.7619039
6425.922,0.7698205
6427.851,0.7678477
6429.779,0.7660959
6431.708,0.7732523
6433.636,0.7750712
6435.565,0.7753189
6437.494,0.7766969
6439.422,0.7806213
6441.351,0.7797735
6443.279,0.7828864
6445.208,0.7830889
6447.136,0.7782757
6449.065,0.7744973
6450.993,0.7696603
6452.922,0.7721673
6454.851,0.7810455
6456.779,0.7866565
6458.708,0.7937772
6460.636,0.7892422
6462.564,0.78034
6464.493,0.7764167
6466.422,0.7775775
6468.35,0.7748103
6470.279,0.7783878
6472.208,0.7770236
6474.136,0.7701737
6476.064,0.7720135
6477.993,0.7836013
6479.921,0.7909571
6481.85,0.784846
6483.779,0.7792615
6485.707,0.7809241
6487.636,0.7830742
6489.564,0.7799779
6491.493,0.7758788
6493.421,0.7762346
6495.35,0.7754448
6497.278,0.7778345
6499.207,0.7793702
6501.136,0.788882
6503.064,0.7939962
6504.993,0.7943707
6506.921,0.8044384
6508.85,0.7986771
6510.778,0.7865027
6512.707,0.7872222
6514.635,0.7902191
6516.564,0.78628
6518.493,0.7844838
6520.421,0.7871348
6522.35,0.7879062
6524.278,0.7879615
6526.207,0.7911004
6528.135,0.7886901
6530.064,0.7932941
6531.992,0.7907444
6533.921,0.7880321
6535.85,0.7927665
6537.778,0.7959584
6539.707,0.7929427
6541.635,0.7901866
6543.563,0.792947
6545.492,0.7914096
6547.421,0.7898113
6549.349,0.7980239
6551.278,0.8012955
6553.207,0.7948257
6555.135,0.7922697
6557.063,0.7905537
6558.992,0.7863273
6560.92,0.788884
6562.849,0.7876921
6564.778,0.7838701
6566.706,0.7891195
6568.635,0.7967354
6570.563,0.8000478
6572.492,0.799408
6574.42,0.7921269
6576.349,0.7983913
6578.277,0.7955579
6580.206,0.7904655
6582.135,0.7939894
6584.063,0.7992696
6585.992,0.8022014
6587.92,0.8005223
6589.849,0.7967479
6591.777,0.8090518
6593.706,0.8124037
6595.634,0.8028412
6597.563,0.8005459
6599.492,0.7998658
6601.42,0.7976073
6603.349,0.798937
6605.277,0.8032032
6607.206,0.803346
6609.134,0.7981542
6611.063,0.7954811
6612.991,0.8035068
6614.92,0.8016768
6616.849,0.8047556
6618.777,0.8156376
6620.706,0.8230917
6622.634,0.8187078
6624.563,0.8178741
6626.491,0.812759
6628.42,0.8045078
6630.348,0.7999377
6632.277,0.8036069
6634.206,0.803017
6636.134,0.8021153
6638.063,0.802843
6639.991,0.8078494
6641.919,0.8057832
6643.848,0.7943598
6645.777,0.7989969
6647.705,0.8129627
6649.634,0.8147663
6651.563,0.8226175
6653.491,0.8215958
6655.419,0.8030763
6657.348,0.795947
6659.276,0.8021979
6661.205,0.8024598
6663.134,0.7968609
6665.062,0.7983523
6666.991,0.8121927
6668.919,0.8213711
6670.848,0.8262261
6672.776,0.8172045
6674.705,0.8022054
6676.633,0.7988064
6678.562,0.8039261
6680.491,0.8124478
6682.419,0.8126981
6684.348,0.8075671
6686.276,0.8078202
6688.205,0.815757
6690.133,0.8271987
6692.062,0.8312787
6693.99,0.8143873
6695.919,0.8045298
6697.848,0.8075904
6699.776,0.8136979
6701.705,0.820299
6703.633,0.8169034
6705.562,0.8159151
6707.49,0.8177181
6709.419,0.812512
6711.347,0.8169658
6713.276,0.8200828
6715.205,0.8130417
6717.133,0.8155414
6719.062,0.8233346
6720.99,0.8174708
6722.918,0.8059177
6724.847,0.809462
6726.776,0.8194009
6728.704,0.8059862
6730.633,0.7978564
6732.562,0.8010099
6734.49,0.8086681
6736.418,0.8226239
6738.347,0.8319025
6740.275,0.8296468
6742.204,0.8234223
6744.133,0.8237285
6746.061,0.8215339
6747.99,0.8155042
6749.918,0.8111138
6751.847,0.8105468
6753.775,0.8095547
6755.704,0.8199342
6757.632,0.8370702
6759.561,0.8443331
6761.49,0.8294441
6763.418,0.8282421
6765.347,0.8316087
6767.275,0.8256577
6769.204,0.8235353
6771.132,0.8258454
6773.061,0.8246031
6774.989,0.8282742
6776.918,0.8343418
6778.847,0.8400611
6780.775,0.8321716
6782.704,0.8385085
6784.632,0.8360032
6786.561,0.823311
6788.489,0.8153637
6790.418,0.8178251
6792.346,0.8193676
6794.275,0.8196173
6796.204,0.836794
6798.132,0.836967
6800.061,0.8256189
6801.989,0.8172125
6803.917,0.8054304
6805.846,0.8027276
6807.775,0.8214685
6809.703,0.8362437
6811.632,0.8304431
6813.561,0.8244968
6815.489,0.8188286
6817.417,0.8198895
6819.346,0.8266069
6821.274,0.849672
6823.203,0.8559551
6825.132,0.8427451
6827.06,0.8338406
6828.989,0.8285571
6830.917,0.8267601
6832.846,0.8427628
6834.774,0.8519843
6836.703,0.8333417
6838.631,0.826796
6840.56,0.8331822
6842.489,0.8401326
6844.417,0.8429804
6846.346,0.8328375
6848.274,0.827404
6850.203,0.8206028
6852.131,0.8255326
6854.06,0.8239508
6855.988,0.8347906
6857.917,0.8453165
6859.846,0.8481082
6861.774,0.8493921
6863.703,0.849704
6865.631,0.848973
6867.56,0.8521236
6869.488,0.8481882
6871.417,0.8426034
6873.345,0.8492132
6875.274,0.8452054
6877.203,0.8490467
6879.131,0.8453447
6881.06,0.828079
6882.988,0.8292789
6884.917,0.8412074
6886.845,0.8453484
6888.774,0.8380417
6890.702,0.8332894
6892.631,0.829614
6894.56,0.8313895
6896.488,0.8467833
6898.417,0.8475876
6900.345,0.839925
6902.273,0.8264234
6904.202,0.8225096
6906.131,0.8410277
6908.059,0.8511472
6909.988,0.8559598
6911.917,0.8615221
6913.845,0.8658183
6915.773,0.8644525
6917.702,0.8542947
6919.63,0.8451074
6921.559,0.8386717
6923.488,0.844445
6925.416,0.851998
6927.345,0.8486321
6929.273,0.8500541
6931.202,0.8524026
6933.13,0.8605935
6935.059,0.8512505
6936.987,0.8430908
6938.916,0.8364781
6940.845,0.8414769
6942.773,0.8535491
6944.702,0.8559555
6946.63,0.8531883
6948.559,0.8553098
6950.487,0.8470005
6952.416,0.8435364
6954.344,0.8430948
6956.273,0.8447132
6958.202,0.8490286
6960.13,0.8686387
6962.059,0.8698176
6963.987,0.8702902
6965.916,0.8700951
6967.844,0.8829082
6969.773,0.8773605
6971.701,0.8569708
6973.63,0.8520235
6975.559,0.8606016
6977.487,0.8563121
6979.416,0.8538983
6981.344,0.8570752
6983.272,0.8548529
6985.201,0.8579245
6987.13,0.8548491
6989.058,0.853084
6990.987,0.8574892
6992.916,0.8575071
6994.844,0.8452092
6996.772,0.8567044
6998.701,0.8670214
7000.629,0.85003
7002.558,0.8435564
7004.487,0.8611242
7006.415,0.8784312
7008.344,0.8696636
7010.272,0.8579802
7012.201,0.8547147
7014.129,0.8492253
7016.058,0.8521106
7017.986,0.8609979
7019.915,0.868448
7021.844,0.8652394
7023.772,0.873301
7025.701,0.8716473
7027.629,0.8588147
7029.558,0.84501
7031.486,0.8443202
7033.415,0.8658756
7035.343,0.8775095
7037.272,0.8759654
7039.201,0.8748048
7041.129,0.885258
7043.058,0.8712523
7044.986,0.8660046
7046.915,0.8610231
7048.843,0.8715755
7050.772,0.8828003
7052.7,0.8757376
7054.629,0.8679014
7056.558,0.8655788
7058.486,0.8668993
7060.415,0.8726076
7062.343,0.8821476
7064.271,0.8822586
7066.2,0.8858415
7068.129,0.9115438
7070.057,0.9044133
7071.986,0.8749844
7073.915,0.844072
7075.843,0.8477438
7077.771,0.867785
7079.7,0.8874916
7081.628,0.8813089
7083.557,0.8882517
7085.486,0.9007818
7087.414,0.8991867
7089.343,0.8795269
7091.271,0.8680216
7093.2,0.8797258
7095.128,0.8900242
7097.057,0.885116
7098.985,0.8710722
7100.914,0.8582358
7102.843,0.8796964
7104.771,0.8907163
7106.7,0.8790662
7108.628,0.8771781
7110.557,0.889949
7112.485,0.8914475
7114.414,0.8971688
7116.342,0.8924447
7118.271,0.8907363
7120.2,0.8989871
7122.128,0.8959598
7124.057,0.888519
7125.985,0.8913264
7127.914,0.9033104
7129.842,0.9158481
7131.771,0.8913766
7133.699,0.8516771
7135.628,0.865617
7137.557,0.8889433
7139.485,0.9009614
7141.414,0.9078124
7143.342,0.9095435
7145.271,0.9060068
7147.199,0.896552
7149.128,0.8761106
7151.056,0.8562462
7152.985,0.8586414
7154.914,0.8509137
7156.842,0.8671378
7158.771,0.8983321
7160.699,0.9048654
7162.627,0.8781806
7164.556,0.867309
7166.485,0.8748457
7168.413,0.8904858
7170.342,0.8934312
7172.271,0.9006253
7174.199,0.898725
7176.127,0.8712947
7178.056,0.8753031
7179.984,0.8840822
7181.913,0.8725964
7183.842,0.8797839
7185.77,0.8859252
7187.699,0.9101324
7189.627,0.9258136
7191.556,0.9096439
7193.484,0.8956124
7195.413,0.9104224
7197.341,0.9015067
7199.27,0.9019527
7201.199,0.8998986
7203.127,0.8929471
7205.056,0.8988211
7206.984,0.9022145
7208.913,0.8795853
7210.841,0.8707463
7212.77,0.888972
7214.698,0.8962373
7216.627,0.885632
7218.556,0.8870458
7220.484,0.9073145
7222.413,0.9139388
7224.341,0.9085098
7226.27,0.8834135
7228.198,0.8794615
7230.127,0.9078482
7232.055,0.8953198
7233.984,0.8668326
7235.913,0.8808648
7237.841,0.881512
7239.77,0.8897591
7241.698,0.9042894
7243.626,0.8958756
7245.555,0.8881506
7247.484,0.8979577
7249.412,0.8969049
7251.341,0.9016179
7253.27,0.9182683
7255.198,0.9183884
7257.126,0.9070413
7259.055,0.9043378
7260.983,0.9163947
7262.912,0.9277812
7264.841,0.9085338
7266.769,0.8884448
7268.698,0.9012422
7270.626,0.9241484
7272.555,0.9390746
7274.483,0.9476141
7276.412,0.9528633
7278.34,0.9519092
7280.269,0.9360054
7282.198,0.9307197
7284.126,0.9235626
7286.055,0.9068701
7287.983,0.9104254
7289.912,0.9129272
7291.84,0.8885309
7293.769,0.8968433
7295.697,0.9006781
7297.626,0.8880475
7299.555,0.9144929
7301.483,0.9256326
7303.412,0.8823603
7305.34,0.881886
7307.269,0.9029381
7309.197,0.8937326
7311.126,0.8870571
7313.054,0.8983694
7314.983,0.9030443
7316.912,0.9042221
7318.84,0.923993
7320.769,0.902988
7322.697,0.8722012
7324.625,0.8876043
7326.554,0.9138685
7328.483,0.9081622
7330.411,0.9012564
7332.34,0.8734732
7334.269,0.8938697
7336.197,0.9363413
7338.125,0.9156393
7340.054,0.906407
7341.982,0.9316134
7343.911,0.9304218
7345.84,0.898836
7347.768,0.9102831
7349.697,0.9205244
7351.625,0.8988153
7353.554,0.9018118
7355.482,0.9064531
7357.411,0.9149529
7359.339,0.9177628
7361.268,0.9040606
7363.197,0.9039783
7365.125,0.8984283
7367.054,0.8898979
7368.982,0.8800243
7370.911,0.8701017
7372.839,0.8754245
7374.768,0.8868718
7376.696,0.8799883
7378.625,0.8977895
7380.554,0.9461496
7382.482,0.949174
7384.411,0.9002411
7386.339,0.8796064
7388.268,0.8910031
7390.196,0.9220517
7392.125,0.8897009
7394.053,0.8834382
7395.982,0.9159228
7397.911,0.8939385
7399.839,0.8666629
7401.768,0.884571
7403.696,0.9158903
7405.625,0.9120554
7407.553,0.8831397
7409.482,0.8542324
7411.41,0.8810981
7413.339,0.9312119
7415.268,0.918547
7417.196,0.9286742
7419.125,0.9347395
7421.053,0.918882
7422.981,0.9154162
7424.91,0.8910398
7426.839,0.8867014
7428.767,0.9213405
7430.696,0.955786
7432.625,0.9673148
7434.553,0.9519467
7436.481,0.9250765
7438.41,0.883433
7440.338,0.8601036
7442.267,0.8992278
7444.196,0.9040402
7446.124,0.8882268
7448.053,0.8937098
7449.981,0.9053004
7451.91,0.9162914
7453.838,0.9072771
7455.767,0.8958043
7457.695,0.9011685
7459.624,0.8944789
7461.553,0.8867713
7463.481,0.9173976
7465.41,0.9433899
7467.338,0.9537856
7469.267,0.9139524
7471.195,0.9010406
7473.124,0.9112634
7475.052,0.9047
7476.981,0.9220325
7478.91,0.9215794
7480.838,0.9049944
7482.767,0.9326963
7484.695,0.9233316
7486.624,0.9254257
7488.552,0.9555395
7490.481,0.9302965
7492.409,0.8758661
7494.338,0.8646454
7496.267,0.883983
7498.195,0.891638
7500.124,0.8983143
7502.052,0.9155977
7503.98,0.9192359
7505.909,0.9074144
7507.838,0.8742775
7509.766,0.8790305
7511.695,0.9269544
7513.624,0.9101729
7515.552,0.8562129
7517.48,0.8594661
7519.409,0.8753747
7521.337,0.8712908
7523.266,0.9025663
7525.195,0.9533929
7527.123,0.9268498
7529.052,0.8944189
7530.98,0.8739904
7532.909,0.8813888
7534.837,0.9387371
7536.766,0.9849418
7538.694,0.9262136
7540.623,0.8838168
7542.552,0.8921829
7544.48,0.8966599
7546.409,0.883706
7548.337,0.8828582
7550.266,0.9278783
7552.194,0.9878672
7554.123,0.9529622
7556.051,0.8914846
7557.98,0.8717884
7559.909,0.8826678
7561.837,0.9175747
7563.766,0.9710106
7565.694,0.9318531
7567.623,0.898775
7569.551,0.8773293
7571.48,0.8848333
7573.408,0.8855122
7575.337,0.9251419
7577.266,0.9766775
7579.194,0.9914734
7581.123,0.9621152
7583.051,0.9266669
7584.979,0.9441161
7586.908,0.9628431
7588.837,0.9222603
7590.765,0.9137469
7592.694,0.9283027
7594.623,0.8944455
7596.551,0.8861889
7598.479,0.8681384
7600.408,0.8469233
7602.336,0.8758428
7604.265,0.8920493
7606.194,0.8822903
7608.122,0.8804481
7610.051,0.8786171
7611.979,0.8588973
7613.908,0.8850268
7615.836,0.915934
7617.765,0.9106894
7619.693,0.9128736
7621.622,0.9053643
7623.551,0.9063962
7625.479,0.8987343
7627.408,0.919477
7629.336,0.9411328
7631.265,0.9125838
7633.193,0.9058252
7635.122,0.9315162
7637.05,0.9252532
7638.979,0.8986098
7640.908,0.8824434
7642.836,0.8974589
7644.765,0.903381
7646.693,0.8943201
7648.622,0.8961443
7650.55,0.9157509
7652.479,0.9728552
7654.407,0.9471452
7656.336,0.8719469
7658.265,0.8417822
7660.193,0.8597254
7662.122,0.8867803
7664.05,0.884796
7665.979,0.8599597
7667.907,0.8896604
7669.836,0.9374583
7671.764,0.9512796
7673.693,0.9047814
7675.622,0.8769347
7677.55,0.8995575
7679.479,0.9107841
7681.407,0.8875194
7683.335,0.8776405
7685.264,0.8934518
7687.193,0.9024746
7689.121,0.8786137
7691.05,0.8756991
7692.979,0.8754584
7694.907,0.8948725
7696.835,0.9361663
7698.764,0.9676867
7700.692,0.9645038
7702.621,0.8949918
7704.55,0.882909
7706.478,0.9072695
7708.407,0.9154013
7710.335,0.9267562
7712.264,0.9082537
7714.192,0.8759599
7716.121,0.9115116
7718.049,0.9682037
7719.978,0.9518501
7721.907,0.8775038
7723.835,0.8968604
7725.764,0.9979942
7727.692,1.019738
7729.621,0.943873
7731.549,0.884173
7733.478,0.8737541
7735.406,0.9034755
7737.335,0.9708258
7739.264,0.9914331
7741.192,0.9747534
7743.121,0.9082944
7745.049,0.8763438
7746.978,0.8749332
7748.906,0.9104874
7750.835,0.9338045
7752.763,0.9352597
7754.692,0.9434531
7756.621,0.9824851
7758.549,1.021595
7760.478,0.9715279
7762.406,0.9517041
7764.334,0.946371
7766.263,0.9001388
7768.192,0.9077865
7770.12,0.899869
7772.049,0.902743
7773.978,0.9095293
7775.906,0.9277926
7777.834,0.975497
7779.763,0.9636915
7781.691,0.9540641
7783.62,0.9695339
7785.549,0.9809802
7787.477,0.9672375
7789.406,0.9627103
7791.334,0.9489838
7793.263,0.9079068
7795.191,0.940886
7797.12,0.9484271
7799.048,0.9134668
7800.977,0.9264491
7802.906,0.9267514
7804.834,0.9102324
7806.763,0.9336855
7808.691,0.9752216
7810.62,0.9821826
7812.548,0.9380222
7814.477,0.9275391
7816.405,0.9782583
7818.334,1.042508
7820.263,0.983483
7822.191,0.9007189
7824.12,0.860138
7826.048,0.8996879
7827.977,0.985933
7829.905,1.023201
7831.834,1.013322
7833.762,0.9517449
7835.691,0.9851711
7837.62,0.9953169
7839.548,0.9473768
7841.477,0.9411351
7843.405,0.9798195
7845.333,0.9715362
7847.262,0.9239141
7849.191,0.9225516
7851.119,0.9882279
7853.048,1.011043
7854.977,1.022541
7856.905,0.948348
7858.833,0.9452284
7860.762,0.9225217
7862.69,0.8856859
7864.619,0.878982
7866.548,0.8857901
7868.476,0.8843049
7870.405,0.9150152
7872.333,0.9317493
7874.262,0.9126136
7876.19,0.8611039
7878.119,0.8707923
7880.047,0.9534796
7881.976,0.9072179
7883.905,0.8545778
7885.833,0.8829043
7887.762,0.9262649
7889.69,0.9101934
7891.619,0.8706175
7893.547,0.8738183
7895.476,0.9890952
7897.404,1.029774
7899.333,1.022643
7901.262,1.045292
7903.19,1.009596
7905.119,0.9381031
7907.047,0.8936878
7908.976,0.9033601
7910.904,0.9149503
7912.833,0.8853649
7914.761,0.8715894
7916.69,0.8959628
7918.619,0.9458688
7920.547,0.9761081
7922.476,0.9697147
7924.404,0.9799439
7926.333,0.9570814
7928.261,0.8834203
7930.19,0.8938304
7932.118,0.933803
7934.047,0.8955181
7935.976,0.9102662
7937.904,0.9350892
7939.833,0.9448119
7941.761,0.9186336
7943.689,0.9425631
7945.618,0.9661596
7947.547,0.9059365
7949.475,0.868921
7951.404,0.8906572
7953.333,0.924436
7955.261,0.8941315
7957.189,0.912593
7959.118,0.9378828
7961.046,0.9421409
7962.975,0.8975607
7964.904,0.8543225
7966.832,0.8075702
7968.761,0.812669
7970.689,0.9063423
7972.618,0.9500584
7974.546,0.9066272
7976.475,0.9096875
7978.403,0.9480417
7980.332,0.9692115
7982.261,1.020499
7984.189,1.049474
7986.118,0.9335916
7988.046,0.8572671
7989.975,0.8576635
7991.903,0.8947828
7993.832,0.9088613
7995.76,0.9313788
7997.689,0.9332154
7999.618,0.9218275